{"type": "FeatureCollection", "features": [{"type": "Feature", "properties": {"region": "Greater Accra", "constituency_count": 34, "winner_party": "NDC", "winner_votes": 1282851, "winner_pct": 61.7, "total_valid_votes": 2079328, "party_votes": {"NPP": 730133, "GCPP": 776, "GFP": 0, "GUM": 1842, "LPG": 410, "NDP": 293, "CPP": 32730, "NDC": 1282851, "APC": 2142, "IND": 28151}}, "geometry": {"type": "MultiPolygon", "coordinates": [[[[-0.083163001, 5.585634232], [-0.083195001, 5.585418224], [-0.083434001, 5.585418224], [-0.083751, 5.585418224], [-0.083751, 5.585692883], [-0.086249001, 5.585692883], [-0.086249001, 5.585418224], [-0.087361, 5.585418224], [-0.087361, 5.585138798], [-0.087917, 5.585138798], [-0.087917, 5.585418224], [-0.088471003, 5.585418224], [-0.088471003, 5.585138798], [-0.089860998, 5.585138798], [-0.089860998, 5.584860802], [-0.090418003, 5.584860802], [-0.090418003, 5.584582806], [-0.090971, 5.584582806], [-0.090971, 5.58430481], [-0.092362002, 5.58430481], [-0.092362002, 5.584026814], [-0.092918001, 5.584026814], [-0.092918001, 5.583748817], [-0.093194, 5.583748817], [-0.093194, 5.583470821], [-0.093471996, 5.583470821], [-0.093471996, 5.58319521], [-0.09375, 5.58319521], [-0.09375, 5.582917213], [-0.094306, 5.582917213], [-0.094306, 5.582639217], [-0.094584003, 5.582639217], [-0.094584003, 5.582361221], [-0.094861999, 5.582361221], [-0.094861999, 5.582083225], [-0.095140003, 5.582083225], [-0.095140003, 5.581805229], [-0.095416002, 5.581805229], [-0.095416002, 5.581251144], [-0.095693998, 5.581251144], [-0.095693998, 5.580973148], [-0.095972002, 5.580973148], [-0.095972002, 5.580417156], [-0.096249998, 5.580417156], [-0.096249998, 5.58013916], [-0.096805997, 5.58013916], [-0.096805997, 5.579861164], [-0.097361997, 5.579861164], [-0.097361997, 5.579583168], [-0.097916, 5.579583168], [-0.097916, 5.579305172], [-0.098471999, 5.579305172], [-0.098471999, 5.579027176], [-0.098750003, 5.579027176], [-0.098750003, 5.578751087], [-0.099027999, 5.578751087], [-0.099027999, 5.578473091], [-0.099306002, 5.578473091], [-0.099306002, 5.578195095], [-0.099583998, 5.578195095], [-0.099583998, 5.577917099], [-0.099862002, 5.577917099], [-0.099862002, 5.577639103], [-0.100415997, 5.577639103], [-0.100415997, 5.577361107], [-0.100694001, 5.577361107], [-0.100653, 5.576808929], [-0.100971997, 5.576805115], [-0.100971997, 5.576510906], [-0.100971997, 5.575695038], [-0.10125, 5.575695038], [-0.10125, 5.575417042], [-0.101806, 5.575417042], [-0.101806, 5.575139046], [-0.102916002, 5.575139046], [-0.102916002, 5.57486105], [-0.103230998, 5.574911118], [-0.103193998, 5.574583054], [-0.103749998, 5.574583054], [-0.103749998, 5.574304104], [-0.104121998, 5.574304104], [-0.104307003, 5.574304104], [-0.104307003, 5.574168205], [-0.104307003, 5.574028969], [-0.104493, 5.574028969], [-0.105137996, 5.574028969], [-0.105137996, 5.573750973], [-0.105695002, 5.573750973], [-0.105695002, 5.573472977], [-0.106251001, 5.573472977], [-0.106251001, 5.573194981], [-0.106804997, 5.573194981], [-0.106804997, 5.572916031], [-0.107917003, 5.572916031], [-0.107917003, 5.572638035], [-0.108194999, 5.572638035], [-0.108194999, 5.572360039], [-0.108473003, 5.572360039], [-0.108473003, 5.572084904], [-0.108750999, 5.572084904], [-0.108750999, 5.571806908], [-0.109305002, 5.571806908], [-0.109305002, 5.571527958], [-0.109582998, 5.571527958], [-0.109582998, 5.571249962], [-0.110694997, 5.571249962], [-0.110694997, 5.570971966], [-0.111527003, 5.570971966], [-0.111527003, 5.571249962], [-0.112083003, 5.571249962], [-0.112083003, 5.570971966], [-0.113195002, 5.570971966], [-0.113195002, 5.57069397], [-0.114027001, 5.57069397], [-0.114027001, 5.570415974], [-0.115139, 5.570415974], [-0.115139, 5.570137978], [-0.115695, 5.570137978], [-0.115695, 5.569859982], [-0.115970999, 5.569859982], [-0.115970999, 5.569583893], [-0.116249003, 5.569583893], [-0.116249003, 5.569305897], [-0.116526999, 5.569305897], [-0.116526999, 5.569027901], [-0.116805002, 5.569027901], [-0.116805002, 5.568749905], [-0.117640004, 5.568749905], [-0.117640004, 5.568471909], [-0.118193001, 5.568471909], [-0.118193001, 5.568193913], [-0.119584002, 5.568193913], [-0.119584002, 5.567915916], [-0.119861998, 5.567915916], [-0.119861998, 5.56763792], [-0.120417997, 5.56763792], [-0.120417997, 5.567361832], [-0.120972, 5.567359924], [-0.120972, 5.567083836], [-0.121528, 5.567083836], [-0.121528, 5.56680584], [-0.121806003, 5.56680584], [-0.121806003, 5.566527843], [-0.122083999, 5.566527843], [-0.122083999, 5.566249847], [-0.122915998, 5.566249847], [-0.122915998, 5.565971851], [-0.123471998, 5.565971851], [-0.123471998, 5.565693855], [-0.124027997, 5.565693855], [-0.124027997, 5.565415859], [-0.125138, 5.565415859], [-0.125138, 5.565137863], [-0.126527995, 5.565137863], [-0.126527995, 5.564861774], [-0.127361998, 5.564861774], [-0.127361998, 5.564583778], [-0.127637997, 5.564583778], [-0.127637997, 5.564305782], [-0.128194004, 5.564305782], [-0.128194004, 5.564027786], [-0.128749996, 5.564027786], [-0.128749996, 5.56374979], [-0.129306003, 5.56374979], [-0.129306003, 5.563471794], [-0.130137995, 5.563471794], [-0.130137995, 5.563193798], [-0.130416006, 5.563193798], [-0.130416006, 5.563471794], [-0.132359996, 5.563471794], [-0.132359996, 5.563193798], [-0.132639006, 5.563193798], [-0.132639006, 5.562915802], [-0.134582996, 5.562915802], [-0.134582996, 5.56264019], [-0.134861007, 5.56264019], [-0.134861007, 5.562915802], [-0.135973006, 5.562915802], [-0.135973006, 5.56264019], [-0.136527002, 5.56264019], [-0.136527002, 5.562362194], [-0.137361005, 5.562362194], [-0.137361005, 5.562084198], [-0.141249001, 5.562084198], [-0.141249001, 5.561806202], [-0.141526997, 5.561806202], [-0.141526997, 5.561528206], [-0.141804993, 5.561528206], [-0.141804993, 5.56125021], [-0.142083004, 5.56125021], [-0.142083004, 5.560972214], [-0.142361, 5.560972214], [-0.142361, 5.560696125], [-0.142917007, 5.560692787], [-0.142917007, 5.560418129], [-0.143195003, 5.560418129], [-0.143195003, 5.560140133], [-0.143471003, 5.560140133], [-0.143471003, 5.559862137], [-0.144583002, 5.559862137], [-0.144583002, 5.559584141], [-0.145140007, 5.559584141], [-0.145140007, 5.559305191], [-0.147083998, 5.559305191], [-0.147083998, 5.559027195], [-0.148471996, 5.559027195], [-0.148471996, 5.558749199], [-0.149028003, 5.558749199], [-0.149028003, 5.558471203], [-0.149583995, 5.558471203], [-0.149583995, 5.558196068], [-0.150416002, 5.558196068], [-0.150416002, 5.557917118], [-0.151528001, 5.557917118], [-0.151528001, 5.557639122], [-0.152362004, 5.557639122], [-0.152362004, 5.557361126], [-0.153193995, 5.557361126], [-0.153193995, 5.55708313], [-0.154305995, 5.55708313], [-0.154305995, 5.556805134], [-0.154860005, 5.556805134], [-0.154860005, 5.556527138], [-0.155693993, 5.556527138], [-0.155693993, 5.556249142], [-0.156527996, 5.556249142], [-0.156527996, 5.555971146], [-0.157637998, 5.555971146], [-0.157637998, 5.555695057], [-0.158194005, 5.555695057], [-0.158194005, 5.555417061], [-0.158750996, 5.555417061], [-0.158750996, 5.555139065], [-0.159029007, 5.555139065], [-0.159029007, 5.554861069], [-0.159582004, 5.554861069], [-0.159582004, 5.554583073], [-0.160138994, 5.554583073], [-0.160138994, 5.554305077], [-0.160417005, 5.554305077], [-0.160417005, 5.554027081], [-0.160972998, 5.554027081], [-0.160972998, 5.553749084], [-0.161250994, 5.553749084], [-0.161250994, 5.553472996], [-0.161805004, 5.553472996], [-0.161805004, 5.553195], [-0.162083, 5.553195], [-0.162083, 5.552917004], [-0.162360996, 5.552917004], [-0.162360996, 5.552639008], [-0.162639007, 5.552639008], [-0.162639007, 5.552361012], [-0.162917003, 5.552361012], [-0.162917003, 5.552083015], [-0.165417001, 5.552083015], [-0.165417001, 5.551805019], [-0.167082995, 5.551805019], [-0.167082995, 5.551528931], [-0.167639002, 5.551528931], [-0.167639002, 5.551250935], [-0.168470994, 5.551250935], [-0.168470994, 5.550972939], [-0.169027001, 5.550972939], [-0.169027001, 5.550694942], [-0.170692995, 5.550694942], [-0.170696005, 5.550416946], [-0.171249002, 5.550416946], [-0.171249002, 5.55013895], [-0.171804994, 5.55013895], [-0.171804994, 5.549860954], [-0.173472002, 5.549860954], [-0.173472002, 5.549582958], [-0.173749998, 5.549582958], [-0.173749998, 5.549304962], [-0.177916005, 5.549304962], [-0.177916005, 5.549028873], [-0.179028004, 5.549028873], [-0.179028004, 5.548750877], [-0.179861993, 5.548750877], [-0.179861993, 5.548472881], [-0.180416003, 5.548472881], [-0.180416003, 5.548194885], [-0.180693999, 5.548194885], [-0.180693999, 5.547916889], [-0.180971995, 5.547916889], [-0.180971995, 5.547638893], [-0.181250006, 5.547638893], [-0.181250006, 5.547360897], [-0.181805998, 5.547360897], [-0.181805998, 5.547081947], [-0.182083994, 5.547081947], [-0.182063997, 5.546806812], [-0.182638004, 5.546803951], [-0.182638004, 5.546528816], [-0.183193997, 5.546528816], [-0.183193997, 5.546391964], [-0.183193997, 5.54625082], [-0.183487996, 5.546309948], [-0.183471993, 5.545972824], [-0.184590995, 5.546001911], [-0.184581995, 5.545693874], [-0.184860006, 5.545693874], [-0.184860006, 5.545415878], [-0.186537996, 5.545454979], [-0.186528996, 5.545137882], [-0.187671006, 5.545137882], [-0.188195005, 5.545137882], [-0.188195005, 5.544992924], [-0.188195005, 5.544859886], [-0.188750997, 5.544859886], [-0.188750997, 5.54458189], [-0.189028993, 5.54458189], [-0.189028993, 5.544305801], [-0.190138996, 5.544305801], [-0.190138996, 5.544470787], [-0.190138996, 5.54458189], [-0.190695003, 5.54458189], [-0.190695003, 5.544305801], [-0.190972999, 5.544305801], [-0.190972999, 5.54458189], [-0.191805005, 5.54458189], [-0.191805005, 5.544305801], [-0.192917004, 5.544303894], [-0.192917004, 5.544027805], [-0.193472996, 5.544027805], [-0.193472996, 5.543749809], [-0.194027007, 5.543749809], [-0.194009006, 5.543475151], [-0.195139006, 5.543471813], [-0.195139006, 5.543193817], [-0.196248993, 5.543193817], [-0.196248993, 5.542915821], [-0.197082996, 5.542915821], [-0.197082996, 5.542637825], [-0.197361007, 5.542637825], [-0.197361007, 5.54243803], [-0.197361007, 5.542362213], [-0.197630003, 5.542362213], [-0.197898999, 5.542362213], [-0.197917998, 5.542637825], [-0.198470995, 5.542637825], [-0.198470995, 5.542915821], [-0.199027002, 5.542915821], [-0.199027002, 5.542637825], [-0.200139999, 5.542637825], [-0.200139999, 5.542362213], [-0.200693995, 5.542362213], [-0.200693995, 5.542084217], [-0.201527998, 5.542084217], [-0.201527998, 5.541806221], [-0.202915996, 5.541806221], [-0.202915996, 5.541528225], [-0.203194007, 5.541528225], [-0.203194007, 5.541250229], [-0.203749999, 5.541250229], [-0.203749999, 5.540972233], [-0.204027995, 5.540972233], [-0.204027995, 5.540694237], [-0.204306006, 5.540694237], [-0.204306006, 5.540415764], [-0.204861999, 5.540415764], [-0.204861999, 5.540331841], [-0.204861999, 5.540137768], [-0.205137998, 5.540137768], [-0.205137998, 5.539862156], [-0.205415994, 5.539862156], [-0.205415994, 5.53958416], [-0.205694005, 5.53958416], [-0.205694005, 5.539306164], [-0.205972001, 5.539306164], [-0.205972001, 5.539028168], [-0.206806004, 5.539028168], [-0.206806004, 5.538750172], [-0.207084, 5.538750172], [-0.207084, 5.538472176], [-0.207359999, 5.538472176], [-0.207359999, 5.53819418], [-0.207634371, 5.53819418], [-0.207637995, 5.53819418], [-0.207637995, 5.537916183], [-0.207916006, 5.537916183], [-0.207916006, 5.537640095], [-0.208194003, 5.537638187], [-0.208194003, 5.537362099], [-0.208471999, 5.537362099], [-0.208471999, 5.534862041], [-0.208194003, 5.534862041], [-0.208194003, 5.534028053], [-0.207916006, 5.534028053], [-0.207916006, 5.533471107], [-0.208194003, 5.533471107], [-0.208194003, 5.533193111], [-0.208749995, 5.533193111], [-0.208749995, 5.532917976], [-0.209028006, 5.532917976], [-0.209028006, 5.53263998], [-0.209306002, 5.53263998], [-0.209306002, 5.532361984], [-0.210694, 5.532361984], [-0.210694, 5.532083035], [-0.212038994, 5.532083035], [-0.212359995, 5.532083035], [-0.212359995, 5.531805038], [-0.212917, 5.531805038], [-0.212917, 5.531527042], [-0.213194996, 5.531527042], [-0.213194996, 5.531249046], [-0.213473007, 5.531249046], [-0.213473007, 5.530973911], [-0.216804996, 5.53097105], [-0.216804996, 5.530694962], [-0.218750998, 5.530694962], [-0.218750998, 5.530416965], [-0.219304994, 5.530416965], [-0.219304994, 5.530138969], [-0.220973, 5.530138969], [-0.220973, 5.529860973], [-0.222360998, 5.529860973], [-0.222360998, 5.529582977], [-0.223471001, 5.529582977], [-0.223471001, 5.529304981], [-0.224305004, 5.529304981], [-0.224305004, 5.529026985], [-0.224860996, 5.529026985], [-0.224860996, 5.528748989], [-0.225695997, 5.528748989], [-0.225695997, 5.5284729], [-0.226528004, 5.5284729], [-0.226528004, 5.528194904], [-0.228193998, 5.528194904], [-0.228193998, 5.527916908], [-0.229583994, 5.527916908], [-0.229583994, 5.527638912], [-0.230693996, 5.527638912], [-0.230693996, 5.527360916], [-0.231250003, 5.527360916], [-0.231250003, 5.52708292], [-0.231527999, 5.52708292], [-0.231527999, 5.526804924], [-0.232084006, 5.526804924], [-0.232084006, 5.526668072], [-0.232084006, 5.526526928], [-0.232999995, 5.526526928], [-0.233750001, 5.526526928], [-0.233750001, 5.526412964], [-0.233750001, 5.526248932], [-0.234027997, 5.526248932], [-0.234027997, 5.525972843], [-0.235983998, 5.525970936], [-0.235972002, 5.525694847], [-0.237360001, 5.525694847], [-0.237360001, 5.525416851], [-0.239794001, 5.525416851], [-0.240138993, 5.525416851], [-0.240138993, 5.525330067], [-0.240138993, 5.525138855], [-0.240822002, 5.525138855], [-0.240972996, 5.525138855], [-0.240972996, 5.524860859], [-0.242082998, 5.524860859], [-0.242082998, 5.524582863], [-0.242929995, 5.524631023], [-0.242917001, 5.524304867], [-0.244120002, 5.524304867], [-0.246249005, 5.524304867], [-0.246251002, 5.524026871], [-0.247361004, 5.524026871], [-0.247361004, 5.523750782], [-0.247916996, 5.523750782], [-0.247916996, 5.523472786], [-0.248473004, 5.523472786], [-0.248457, 5.52319479], [-0.250970989, 5.52319479], [-0.250970989, 5.522916794], [-0.253470987, 5.522916794], [-0.253470987, 5.522638798], [-0.254305989, 5.522638798], [-0.254305989, 5.522360802], [-0.256805986, 5.522360802], [-0.256805986, 5.522082806], [-0.257640004, 5.522082806], [-0.257640004, 5.521807194], [-0.258194, 5.521807194], [-0.258194, 5.521529198], [-0.25958401, 5.521529198], [-0.25958401, 5.521251202], [-0.260971993, 5.521251202], [-0.260971993, 5.520973206], [-0.261806011, 5.520973206], [-0.261806011, 5.52069521], [-0.263749987, 5.52069521], [-0.263749987, 5.520417213], [-0.265415996, 5.520417213], [-0.265415996, 5.520139217], [-0.267360002, 5.520139217], [-0.267360002, 5.519859791], [-0.269304991, 5.519859791], [-0.269304991, 5.519581795], [-0.270695001, 5.519581795], [-0.270695001, 5.519307137], [-0.27236101, 5.519307137], [-0.27236101, 5.51902914], [-0.273194999, 5.51902914], [-0.273194999, 5.518751144], [-0.274304986, 5.518751144], [-0.274304986, 5.518472195], [-0.275970995, 5.518472195], [-0.275970995, 5.518194199], [-0.277639002, 5.518194199], [-0.277639002, 5.517916203], [-0.278748989, 5.517916203], [-0.278748989, 5.517638206], [-0.279861987, 5.517638206], [-0.279861987, 5.51736021], [-0.280970991, 5.51736021], [-0.280970991, 5.517082214], [-0.283472002, 5.517082214], [-0.283472002, 5.516806126], [-0.285416007, 5.516806126], [-0.285416007, 5.51652813], [-0.286805987, 5.51652813], [-0.286805987, 5.516250134], [-0.287638009, 5.516250134], [-0.287638009, 5.515972137], [-0.288118988, 5.515972137], [-0.288471997, 5.515972137], [-0.288471997, 5.515694141], [-0.289584011, 5.515694141], [-0.289584011, 5.515416145], [-0.290693998, 5.515416145], [-0.290693998, 5.515138149], [-0.291527987, 5.515138149], [-0.291527987, 5.514860153], [-0.291806996, 5.514860153], [-0.291806996, 5.514584064], [-0.293195009, 5.514582157], [-0.293195009, 5.514306068], [-0.294028997, 5.514306068], [-0.294028997, 5.514028072], [-0.295139015, 5.514028072], [-0.295139015, 5.513750076], [-0.296804994, 5.513750076], [-0.296804994, 5.51347208], [-0.297639012, 5.51347208], [-0.297639012, 5.513194084], [-0.299026996, 5.513194084], [-0.299026996, 5.512916088], [-0.300417006, 5.512916088], [-0.300417006, 5.512639999], [-0.302361012, 5.512639999], [-0.302361012, 5.512362003], [-0.303748995, 5.512362003], [-0.303748995, 5.512084007], [-0.305418015, 5.512084007], [-0.305418015, 5.511806011], [-0.305970997, 5.511806011], [-0.305970997, 5.511528015], [-0.308472008, 5.511528015], [-0.308472008, 5.511250019], [-0.309028, 5.511250019], [-0.309028, 5.510972023], [-0.309305996, 5.510972023], [-0.309305996, 5.510694027], [-0.309861988, 5.510694027], [-0.309861988, 5.510416031], [-0.310140014, 5.510416031], [-0.310140014, 5.510139942], [-0.311805993, 5.510139942], [-0.311805993, 5.509861946], [-0.312638015, 5.509861946], [-0.312638015, 5.510139942], [-0.312916011, 5.510139942], [-0.312916011, 5.510416031], [-0.313194007, 5.510416031], [-0.313194007, 5.510694027], [-0.313472003, 5.510694027], [-0.313472003, 5.510972023], [-0.315138012, 5.510972023], [-0.315138012, 5.510694027], [-0.316527992, 5.510694027], [-0.316527992, 5.510416031], [-0.318471998, 5.510416031], [-0.318471998, 5.510139942], [-0.319029003, 5.510139942], [-0.319029003, 5.509861946], [-0.319306999, 5.509861946], [-0.319306999, 5.50958395], [-0.319581985, 5.50958395], [-0.319581985, 5.509305954], [-0.319860011, 5.509305954], [-0.319860011, 5.509027958], [-0.320138007, 5.509027958], [-0.320138007, 5.509305954], [-0.320416003, 5.509305954], [-0.320416003, 5.50958395], [-0.325417012, 5.50958395], [-0.325417012, 5.509305954], [-0.325695008, 5.509305954], [-0.325695008, 5.509027958], [-0.325973004, 5.509027958], [-0.325973004, 5.508749962], [-0.327360988, 5.508749962], [-0.327360988, 5.508471966], [-0.327639014, 5.508471966], [-0.327639014, 5.50819397], [-0.329304993, 5.50819397], [-0.329304993, 5.507917881], [-0.330139011, 5.507915974], [-0.330139011, 5.507639885], [-0.330972999, 5.507639885], [-0.330972999, 5.507361889], [-0.331526995, 5.507361889], [-0.331526995, 5.507083893], [-0.331804991, 5.507083893], [-0.331804991, 5.506805897], [-0.332639992, 5.506805897], [-0.332639992, 5.506527901], [-0.333748996, 5.506527901], [-0.333748996, 5.506248951], [-0.334583998, 5.506248951], [-0.334583998, 5.505692959], [-0.33513999, 5.505692959], [-0.33513999, 5.505417824], [-0.335415006, 5.505417824], [-0.335415006, 5.505139828], [-0.335972011, 5.505139828], [-0.335972011, 5.504972935], [-0.335972011, 5.504582882], [-0.336250007, 5.504582882], [-0.336250007, 5.504304886], [-0.336805999, 5.504304886], [-0.336805999, 5.50402689], [-0.337639987, 5.50402689], [-0.337639987, 5.503748894], [-0.338194013, 5.503748894], [-0.338194013, 5.503470898], [-0.338750005, 5.503470898], [-0.338750005, 5.503194809], [-0.339583993, 5.503194809], [-0.339583993, 5.502916813], [-0.339861989, 5.502916813], [-0.339861989, 5.502638817], [-0.341527998, 5.502638817], [-0.341527998, 5.502360821], [-0.342083991, 5.502360821], [-0.342083991, 5.502082825], [-0.342916012, 5.502082825], [-0.342916012, 5.501804829], [-0.343472004, 5.501804829], [-0.343472004, 5.501526833], [-0.344583988, 5.501526833], [-0.344583988, 5.501248837], [-0.345694005, 5.501248837], [-0.345694005, 5.500973225], [-0.346807003, 5.500973225], [-0.346807003, 5.500695229], [-0.347638011, 5.500695229], [-0.347638011, 5.500417233], [-0.348473012, 5.500417233], [-0.348473012, 5.500139236], [-0.349029005, 5.500139236], [-0.349029005, 5.499860764], [-0.349583, 5.499860764], [-0.349583, 5.499582767], [-0.350416988, 5.499582767], [-0.350416988, 5.499304771], [-0.350695014, 5.499304771], [-0.350695014, 5.499026775], [-0.351251006, 5.499026775], [-0.351251006, 5.498751163], [-0.352082998, 5.498751163], [-0.352082998, 5.498473167], [-0.355138987, 5.498473167], [-0.355138987, 5.498195171], [-0.355973005, 5.498195171], [-0.355973005, 5.497917175], [-0.356804997, 5.497917175], [-0.356804997, 5.497639179], [-0.358471006, 5.497639179], [-0.358471006, 5.497361183], [-0.359026998, 5.497361183], [-0.359026998, 5.497083187], [-0.35958299, 5.497083187], [-0.35958299, 5.496805191], [-0.360139996, 5.496805191], [-0.360139996, 5.496527195], [-0.360695988, 5.496527195], [-0.360695988, 5.496251106], [-0.361249, 5.496251106], [-0.361249, 5.49597311], [-0.361806005, 5.49597311], [-0.361806005, 5.495695114], [-0.362361997, 5.495695114], [-0.362361997, 5.495417118], [-0.363472015, 5.495417118], [-0.363472015, 5.495139122], [-0.364028007, 5.495139122], [-0.364082009, 5.494861126], [-0.36463201, 5.496585846], [-0.366557986, 5.504152775], [-0.367143005, 5.507466793], [-0.368436009, 5.519184113], [-0.36917901, 5.521790981], [-0.373246998, 5.529469013], [-0.373939991, 5.531812191], [-0.37521401, 5.53915596], [-0.375912994, 5.541489124], [-0.380133986, 5.549015045], [-0.382398009, 5.554631233], [-0.386826009, 5.562069893], [-0.389077991, 5.567693233], [-0.393469989, 5.57515192], [-0.395705014, 5.580794811], [-0.40022999, 5.588280201], [-0.402624995, 5.593139172], [-0.403824002, 5.595119953], [-0.405203015, 5.596936226], [-0.406729996, 5.598424911], [-0.408455014, 5.599629879], [-0.413964003, 5.602057934], [-0.41644299, 5.603581905], [-0.425781012, 5.611163139], [-0.428265005, 5.612682819], [-0.433903992, 5.615012169], [-0.436141998, 5.616370201], [-0.438266009, 5.618007183], [-0.444337994, 5.623630047], [-0.471724004, 5.650620937], [-0.476103991, 5.655186176], [-0.478064001, 5.657564163], [-0.479676008, 5.660083771], [-0.481981993, 5.665684223], [-0.486353993, 5.673152924], [-0.488582999, 5.678795815], [-0.493018001, 5.686306], [-0.495335996, 5.69207716], [-0.500853002, 5.701175213], [-0.503298998, 5.706749916], [-0.505571008, 5.712804794], [-0.507538021, 5.737740993], [-0.507852972, 5.747903824], [-0.507781982, 5.754512787], [-0.50751102, 5.757718086], [-0.506891012, 5.760776997], [-0.506079018, 5.762900829], [-0.504971981, 5.764842033], [-0.503562987, 5.766547203], [-0.501842976, 5.767941952], [-0.499879986, 5.769061089], [-0.497756004, 5.76992321], [-0.488696009, 5.772241116], [-0.480847001, 5.77587986], [-0.47784999, 5.776611805], [-0.471917177, 5.777204501], [-0.465187013, 5.777876854], [-0.462206006, 5.77862215], [-0.454439014, 5.782310009], [-0.451487005, 5.783143997], [-0.445327014, 5.784255981], [-0.442313999, 5.785041809], [-0.436066985, 5.787749767], [-0.431513011, 5.78934288], [-0.422798008, 5.791034222], [-0.406031996, 5.793671131], [-0.408803999, 5.769270897], [-0.409265995, 5.762075901], [-0.408921987, 5.757710934], [-0.408232003, 5.755031109], [-0.407011986, 5.752809048], [-0.405048013, 5.751190186], [-0.400211006, 5.747964859], [-0.387890011, 5.737145901], [-0.385248989, 5.735218048], [-0.382104009, 5.733498096], [-0.378746003, 5.732275963], [-0.37558499, 5.731669903], [-0.358716995, 5.730885983], [-0.355210006, 5.73049593], [-0.347992003, 5.728861809], [-0.336784989, 5.725319862], [-0.313513011, 5.731879234], [-0.311206996, 5.732792854], [-0.306919008, 5.735134125], [-0.298278987, 5.741765976], [-0.296038985, 5.743120193], [-0.290466011, 5.745570183], [-0.286172003, 5.748597145], [-0.282288998, 5.752347946], [-0.280510992, 5.754378796], [-0.277958006, 5.757996082], [-0.274186999, 5.76469183], [-0.272735, 5.766439915], [-0.271025002, 5.767932892], [-0.269125015, 5.769217968], [-0.259344995, 5.77475214], [-0.256736994, 5.776006222], [-0.25374499, 5.776778221], [-0.250595003, 5.777132034], [-0.244160995, 5.777103901], [-0.241014004, 5.776728153], [-0.238022998, 5.775939941], [-0.230350003, 5.77180481], [-0.224703997, 5.769457817], [-0.217171997, 5.765069962], [-0.211530998, 5.762732029], [-0.203875005, 5.758619785], [-0.200890005, 5.75783205], [-0.197740003, 5.757441998], [-0.187943995, 5.757343769], [-0.184685007, 5.757610798], [-0.181490004, 5.758178234], [-0.176910996, 5.759811878], [-0.17148, 5.762513161], [-0.164995, 5.765116215], [-0.150255993, 5.769649029], [-0.148779005, 5.785963058], [-0.147492006, 5.793024063], [-0.146388993, 5.796815872], [-0.144842997, 5.806139946], [-0.144024998, 5.809082985], [-0.140120998, 5.81675005], [-0.136581004, 5.830324173], [-0.127232, 5.85885191], [-0.111749999, 5.874512196], [-0.106876999, 5.87881279], [-0.104319997, 5.880540848], [-0.100111, 5.882629871], [-0.095108002, 5.885583878], [-0.092505001, 5.886807919], [-0.089504004, 5.887535095], [-0.083058, 5.887948036], [-0.069889002, 5.888041019], [-0.06684, 5.888431072], [-0.064145997, 5.889342785], [-0.062588997, 5.890470982], [-0.061386, 5.891967773], [-0.060290001, 5.894556999], [-0.058591999, 5.900296211], [-0.05477, 5.908009052], [-0.054051999, 5.910994053], [-0.053624999, 5.917362213], [-0.053587001, 5.933662891], [-0.053261001, 5.936787128], [-0.052526999, 5.939745903], [-0.051307999, 5.942320824], [-0.048470002, 5.947302818], [-0.046096999, 5.952847958], [-0.044541001, 5.955283165], [-0.036865, 5.964436054], [-0.035296999, 5.966874123], [-0.032791998, 5.972386837], [-0.03121, 5.974825859], [-0.025373001, 5.981675148], [-0.023627, 5.983994961], [-0.022372, 5.986437798], [-0.0219, 5.989221096], [-0.022301, 5.992033958], [-0.023457, 5.994578838], [-0.026590001, 5.999719143], [-0.027942, 6.002647877], [-0.030091001, 6.009086132], [-0.033803999, 6.0235219], [-0.029820001, 6.032159805], [-0.024373, 6.041761875], [-0.023057999, 6.044624805], [-0.022027001, 6.048501015], [-0.021516999, 6.052494049], [-0.021237001, 6.064600945], [-0.021606, 6.072529793], [-0.0221, 6.076358795], [-0.023017, 6.08000803], [-0.026458001, 6.087912083], [-0.027395001, 6.091487885], [-0.029510001, 6.10671711], [-0.031417999, 6.114439011], [-0.035493001, 6.136435032], [0.008985, 6.136082172], [0.016272999, 6.135440826], [0.026412999, 6.133966923], [0.050631002, 6.135981083], [0.054880001, 6.136550903], [0.056848999, 6.137145996], [0.058770001, 6.13815403], [0.062430002, 6.140610218], [0.064359002, 6.141635895], [0.066344, 6.142255783], [0.089102998, 6.145460129], [0.099200003, 6.134263039], [0.106112003, 6.127390862], [0.110262997, 6.124285221], [0.114951, 6.121551991], [0.118346997, 6.11805582], [0.122997999, 6.115366936], [0.125483006, 6.113647938], [0.140194997, 6.100617886], [0.153413996, 6.091084957], [0.160962, 6.086270809], [0.163478002, 6.084831238], [0.169104993, 6.08246994], [0.176804006, 6.078457832], [0.179794997, 6.077676773], [0.186174005, 6.077095032], [0.192706004, 6.077105045], [0.199074, 6.07770586], [0.20205, 6.078504086], [0.204648003, 6.079739094], [0.209678993, 6.082588196], [0.215280995, 6.08496809], [0.222903997, 6.089045048], [0.225878999, 6.089839935], [0.229019001, 6.090254784], [0.238830999, 6.090577126], [0.248653993, 6.090134144], [0.251798987, 6.089537144], [0.254049003, 6.088785172], [0.258264989, 6.086585999], [0.260708004, 6.084775925], [0.265289009, 6.080639839], [0.294041008, 6.052255154], [0.298768014, 6.048295975], [0.304780006, 6.044140816], [0.315788001, 6.035551071], [0.317438006, 6.033939838], [0.318812996, 6.03211689], [0.319914013, 6.030110836], [0.320731997, 6.027966022], [0.321420014, 6.024590969], [0.321727991, 6.021073818], [0.321801007, 6.003065109], [0.321245015, 5.996077061], [0.320428997, 5.992807865], [0.316637993, 5.985088825], [0.315777004, 5.982153893], [0.314628005, 5.976016045], [0.313818991, 5.973031998], [0.311414987, 5.967814922], [0.310478002, 5.965209961], [0.310250014, 5.962984085], [0.310593992, 5.960793018], [0.311587989, 5.958798885], [0.313694, 5.95685482], [0.316376001, 5.955355167], [0.320179999, 5.953913212], [0.321337998, 5.954442024], [0.323309004, 5.956040859], [0.324640006, 5.957486153], [0.325836986, 5.959149837], [0.328898013, 5.965109825], [0.330182999, 5.967094898], [0.333775014, 5.971286774], [0.336057007, 5.973426819], [0.340521008, 5.976661205], [0.347586989, 5.980257034], [0.355143994, 5.984696865], [0.360776007, 5.986997128], [0.368427008, 5.990949154], [0.371407986, 5.991692066], [0.374550998, 5.992052078], [0.387526006, 5.992539883], [0.390662014, 5.992918015], [0.393637002, 5.993671894], [0.401380986, 5.997405052], [0.404590011, 5.998217106], [0.407974988, 5.998612881], [0.414983004, 5.998857021], [0.432769001, 5.998840809], [0.439779997, 5.998588085], [0.443167001, 5.998185158], [0.446379989, 5.997362137], [0.454156995, 5.993601799], [0.457136005, 5.99283123], [0.463497013, 5.992266178], [0.476617992, 5.992102146], [0.482982993, 5.99154377], [0.48596701, 5.990781784], [0.493750006, 5.987017155], [0.49673301, 5.986235142], [0.503123999, 5.985636234], [0.516555011, 5.985293865], [0.54005301, 5.982916832], [0.544244329, 5.980486647], [0.557449996, 5.972829819], [0.566228986, 5.967132092], [0.571273029, 5.964719772], [0.575416028, 5.962269783], [0.580026984, 5.958332062], [0.583401978, 5.954372883], [0.584538996, 5.952525139], [0.586905003, 5.946936131], [0.591216981, 5.939428806], [0.593499005, 5.933813095], [0.597863019, 5.926343918], [0.600166976, 5.920742035], [0.604305983, 5.91318512], [0.605149984, 5.910257816], [0.606249988, 5.904163837], [0.607087016, 5.901235104], [0.610958993, 5.893568039], [0.611726999, 5.890610218], [0.612976015, 5.878030777], [0.613741994, 5.875071049], [0.617597997, 5.86739397], [0.618427992, 5.864460945], [0.619506001, 5.858344078], [0.620342016, 5.8554039], [0.621616006, 5.852821827], [0.624608994, 5.847812176], [0.627049983, 5.842985153], [0.629661977, 5.839223862], [0.631188989, 5.837738037], [0.632905006, 5.836516857], [0.638360977, 5.833981991], [0.640599012, 5.83261919], [0.647031009, 5.827630043], [0.651327014, 5.824865818], [0.655717015, 5.823077202], [0.664847016, 5.820886135], [0.672603011, 5.817046165], [0.681724012, 5.8148489], [0.68395102, 5.81405592], [0.688166976, 5.811841011], [0.696829975, 5.804983139], [0.700105011, 5.802898884], [0.702902019, 5.801568031], [0.708925009, 5.799198151], [0.710972011, 5.798482895], [0.710972011, 5.796804905], [0.710694015, 5.796804905], [0.710694015, 5.795972824], [0.710972011, 5.795972824], [0.710972011, 5.794582844], [0.711250007, 5.794582844], [0.711250007, 5.794304848], [0.711528003, 5.794304848], [0.711528003, 5.794026852], [0.711805999, 5.794026852], [0.711805999, 5.793472767], [0.712083995, 5.793472767], [0.712083995, 5.793194771], [0.712360024, 5.793194771], [0.712360024, 5.792916775], [0.712638021, 5.792916775], [0.712638021, 5.792638779], [0.713472009, 5.792638779], [0.713472009, 5.792916775], [0.714860022, 5.792916775], [0.714860022, 5.793194771], [0.717639029, 5.793194771], [0.717639029, 5.792916775], [0.717917025, 5.792916775], [0.717917025, 5.792638779], [0.718473017, 5.792638779], [0.718473017, 5.792082787], [0.718751013, 5.792082787], [0.718751013, 5.791529179], [0.719029009, 5.791529179], [0.719029009, 5.79069519], [0.718751013, 5.79069519], [0.718751013, 5.789307117], [0.719029009, 5.789307117], [0.719029009, 5.788473129], [0.719304979, 5.788473129], [0.719304979, 5.787916183], [0.719582975, 5.787916183], [0.719582975, 5.787360191], [0.719860971, 5.787360191], [0.719860971, 5.78680706], [0.720139027, 5.78680706], [0.720139027, 5.786250114], [0.720417023, 5.786250114], [0.720417023, 5.785694122], [0.720695019, 5.785694122], [0.720695019, 5.784860134], [0.720973015, 5.784860134], [0.720973015, 5.784028053], [0.720695019, 5.784028053], [0.720695019, 5.783750057], [0.720417023, 5.783750057], [0.720417023, 5.783472061], [0.720139027, 5.783472061], [0.720139027, 5.783194065], [0.719860971, 5.783194065], [0.719860971, 5.782916069], [0.719304979, 5.782916069], [0.719304979, 5.783194065], [0.717082977, 5.783194065], [0.717082977, 5.782916069], [0.716807008, 5.782916069], [0.716807008, 5.783194065], [0.716529012, 5.783194065], [0.716529012, 5.782916069], [0.71597302, 5.782916069], [0.71597302, 5.782638073], [0.715138018, 5.782638073], [0.715138018, 5.782360077], [0.714860022, 5.782360077], [0.714860022, 5.782083988], [0.71430701, 5.782083988], [0.71430701, 5.781805992], [0.714028001, 5.781805992], [0.714028001, 5.781527996], [0.713750005, 5.781527996], [0.713750005, 5.78125], [0.713472009, 5.78125], [0.713472009, 5.780694008], [0.713194013, 5.780694008], [0.713194013, 5.779583931], [0.713472009, 5.779583931], [0.713472009, 5.779378891], [0.713472009, 5.779027939], [0.713750005, 5.779027939], [0.713750005, 5.77736187], [0.714028001, 5.77736187], [0.714028001, 5.775417805], [0.713750005, 5.775417805], [0.713750005, 5.774861813], [0.713472009, 5.774861813], [0.713472009, 5.774026871], [0.713750005, 5.774026871], [0.713750005, 5.773748875], [0.714028001, 5.773748875], [0.714028001, 5.773192883], [0.713472009, 5.773192883], [0.713472009, 5.773470879], [0.711805999, 5.773470879], [0.711805999, 5.773192883], [0.710694015, 5.773192883], [0.710694015, 5.772916794], [0.710138023, 5.772916794], [0.710138023, 5.772638798], [0.709306002, 5.772638798], [0.709306002, 5.772360802], [0.707831979, 5.772360802], [0.706250012, 5.772360802], [0.706250012, 5.772638798], [0.705416024, 5.772638798], [0.705416024, 5.772916794], [0.700138986, 5.772916794], [0.700138986, 5.772638798], [0.699304998, 5.772638798], [0.699304998, 5.772360802], [0.699027002, 5.772360802], [0.699027002, 5.772082806], [0.694027007, 5.772082806], [0.694027007, 5.772360802], [0.692638993, 5.772360802], [0.692638993, 5.772916794], [0.692360997, 5.772916794], [0.692360997, 5.773192883], [0.69125098, 5.773192883], [0.69125098, 5.773470879], [0.690972984, 5.773470879], [0.690972984, 5.773748875], [0.690138996, 5.773748875], [0.690138996, 5.773470879], [0.689861, 5.773470879], [0.689861, 5.773192883], [0.689306974, 5.773192883], [0.689306974, 5.773470879], [0.688193977, 5.773470879], [0.688193977, 5.773748875], [0.687359989, 5.773748875], [0.687359989, 5.774026871], [0.686806023, 5.774026871], [0.686806023, 5.774583817], [0.686528027, 5.774583817], [0.686528027, 5.774861813], [0.686249971, 5.774861813], [0.686249971, 5.77569294], [0.685971975, 5.77569294], [0.685971975, 5.776805878], [0.686249971, 5.776805878], [0.686249971, 5.77736187], [0.686528027, 5.77736187], [0.686528027, 5.777639866], [0.686806023, 5.777639866], [0.686806023, 5.777915955], [0.687081993, 5.777915955], [0.687084973, 5.778193951], [0.688193977, 5.778193951], [0.688193977, 5.777915955], [0.688750982, 5.777915955], [0.688750982, 5.777639866], [0.689306974, 5.777639866], [0.689306974, 5.77736187], [0.68958199, 5.77736187], [0.68958199, 5.777083874], [0.690694988, 5.777083874], [0.690694988, 5.776805878], [0.69125098, 5.776805878], [0.69125098, 5.776527882], [0.692083001, 5.776527882], [0.692083001, 5.776249886], [0.692360997, 5.776249886], [0.692360997, 5.775971889], [0.692638993, 5.775971889], [0.692638993, 5.77569294], [0.693472981, 5.77569294], [0.693472981, 5.775417805], [0.693750978, 5.775417805], [0.693750978, 5.775139809], [0.694582999, 5.775139809], [0.694582999, 5.774861813], [0.695138991, 5.774861813], [0.695138991, 5.774583817], [0.696527004, 5.774583817], [0.696527004, 5.774304867], [0.698194981, 5.774304867], [0.698194981, 5.774583817], [0.698749006, 5.774583817], [0.698749006, 5.774861813], [0.699027002, 5.774861813], [0.699027002, 5.775139809], [0.699304998, 5.775139809], [0.699304998, 5.775417805], [0.699582994, 5.775417805], [0.699582994, 5.77569294], [0.69986099, 5.77569294], [0.69986099, 5.775971889], [0.700138986, 5.775971889], [0.700138986, 5.776249886], [0.700416982, 5.776249886], [0.700416982, 5.777083874], [0.700693011, 5.777083874], [0.700695992, 5.777639866], [0.700971007, 5.777639866], [0.700971007, 5.777915955], [0.701249003, 5.777915955], [0.701249003, 5.778193951], [0.701526999, 5.778193951], [0.701526999, 5.778471947], [0.702084005, 5.778471947], [0.702084005, 5.778749943], [0.702362001, 5.778749943], [0.702362001, 5.779305935], [0.702639997, 5.779305935], [0.702639997, 5.779583931], [0.702917993, 5.779583931], [0.702917993, 5.779861927], [0.703193009, 5.779861927], [0.703193009, 5.780416012], [0.703472018, 5.780416012], [0.703472018, 5.780694008], [0.703750014, 5.780694008], [0.703750014, 5.780972004], [0.704861999, 5.780972004], [0.704861999, 5.780694008], [0.705139995, 5.780694008], [0.705139995, 5.780139923], [0.705416024, 5.780139923], [0.705416024, 5.779583931], [0.70569402, 5.779583931], [0.70569402, 5.779027939], [0.705972016, 5.779027939], [0.705972016, 5.778749943], [0.706250012, 5.778749943], [0.706250012, 5.778471947], [0.706528008, 5.778471947], [0.706528008, 5.777915955], [0.706806004, 5.777915955], [0.706806004, 5.777639866], [0.707084, 5.777639866], [0.707084, 5.776805878], [0.707361996, 5.776805878], [0.707361996, 5.775971889], [0.707638025, 5.775971889], [0.707638025, 5.775417805], [0.707916021, 5.775417805], [0.707916021, 5.775139809], [0.708194017, 5.775139809], [0.708194017, 5.774861813], [0.70875001, 5.774861813], [0.70875001, 5.77569294], [0.708472013, 5.77569294], [0.708472013, 5.776527882], [0.708194017, 5.776527882], [0.708194017, 5.777083874], [0.707916021, 5.777083874], [0.707916021, 5.777915955], [0.707638025, 5.777917862], [0.707638025, 5.778749943], [0.707361996, 5.778749943], [0.707361996, 5.779305935], [0.707084, 5.779305935], [0.707084, 5.779583931], [0.706806004, 5.779583931], [0.706806004, 5.780139923], [0.706528008, 5.780139923], [0.706528008, 5.780694008], [0.706250012, 5.780694008], [0.706250012, 5.78125], [0.705972016, 5.78125], [0.705972016, 5.781527996], [0.70569402, 5.781527996], [0.70569402, 5.781805992], [0.705416024, 5.781805992], [0.705416024, 5.782083988], [0.705139995, 5.782083988], [0.705139995, 5.782360077], [0.704861999, 5.782360077], [0.704861999, 5.782638073], [0.702362001, 5.782638073], [0.702362001, 5.782360077], [0.701804996, 5.782360077], [0.701804996, 5.782083988], [0.701526999, 5.782083988], [0.701526999, 5.781527996], [0.701249003, 5.781527996], [0.701249003, 5.780972004], [0.700971007, 5.780972004], [0.700971007, 5.780139923], [0.700693011, 5.780139923], [0.700693011, 5.779583931], [0.700416982, 5.779583931], [0.700416982, 5.778749943], [0.700138986, 5.778749943], [0.700138986, 5.778471947], [0.69986099, 5.778471947], [0.69986099, 5.777917862], [0.699582994, 5.777915955], [0.699582994, 5.77736187], [0.699304998, 5.77736187], [0.699304998, 5.776805878], [0.699027002, 5.776805878], [0.699027002, 5.776527882], [0.698749006, 5.776527882], [0.698749006, 5.776249886], [0.69847101, 5.776249886], [0.69847101, 5.775971889], [0.698194981, 5.775971889], [0.698194981, 5.77569294], [0.697916985, 5.77569294], [0.697916985, 5.775417805], [0.697360992, 5.775417805], [0.697360992, 5.775139809], [0.696249008, 5.775139809], [0.696249008, 5.775417805], [0.695972979, 5.775417805], [0.695972979, 5.77569294], [0.695416987, 5.77569294], [0.695416987, 5.775971889], [0.695138991, 5.775971889], [0.695138991, 5.776527882], [0.694860995, 5.776527882], [0.694860995, 5.777083874], [0.694582999, 5.777083874], [0.694582999, 5.77736187], [0.694305003, 5.77736187], [0.694305003, 5.777639866], [0.693750978, 5.777639866], [0.693750978, 5.777915955], [0.693194985, 5.777917862], [0.693194985, 5.778193951], [0.692916989, 5.778193951], [0.692916989, 5.778471947], [0.692638993, 5.778471947], [0.692638993, 5.778749943], [0.691805005, 5.778749943], [0.691805005, 5.779027939], [0.690694988, 5.779027939], [0.690694988, 5.779305935], [0.689861, 5.779305935], [0.689861, 5.779583931], [0.689028978, 5.779583931], [0.689028978, 5.779861927], [0.687084973, 5.779861927], [0.687081993, 5.780416012], [0.686806023, 5.780416012], [0.686806023, 5.780694008], [0.686249971, 5.780694008], [0.686249971, 5.780972004], [0.685693979, 5.780972004], [0.685693979, 5.78125], [0.685415983, 5.78125], [0.685415983, 5.781527996], [0.685137987, 5.781527996], [0.685137987, 5.781805992], [0.684859991, 5.781805992], [0.684859991, 5.782083988], [0.684584022, 5.782083988], [0.684584022, 5.782360077], [0.684306026, 5.782360077], [0.684306026, 5.782083988], [0.684028029, 5.782083988], [0.684028029, 5.781805992], [0.683749974, 5.781805992], [0.683749974, 5.781527996], [0.683471978, 5.781527996], [0.683471978, 5.78125], [0.682915986, 5.78125], [0.682915986, 5.781083503604337], [0.684859991, 5.780694008], [0.683285435659017, 5.7807333718843426], [0.6832856499732675, 5.780733328688181], [0.675692976, 5.780922963056273], [0.675692976, 5.780914772732726], [0.6832935757218705, 5.780731731211996], [0.684726557947005, 5.780442906131419], [0.675692976, 5.780795301709452], [0.675692976, 5.780694008], [0.675140023, 5.780694008], [0.675140023, 5.780648213407716], [0.6804655002528989, 5.780520992483235], [0.675140023, 5.780633925141327], [0.675140023, 5.780626127767945], [0.683471978, 5.780416012], [0.675140023, 5.780625316523073], [0.675140023, 5.780620050924487], [0.682915986, 5.780416012], [0.675140023, 5.780612488162937], [0.675140023, 5.780559165894525], [0.685693979, 5.780139923], [0.6850807301023957, 5.780152874384402], [0.675140023, 5.7805369006518355], [0.675140023, 5.780416012], [0.674583018, 5.780416012], [0.674583018, 5.780388232298427], [0.6821585115795544, 5.780214589579561], [0.674583018, 5.780374578663551], [0.674583018, 5.780369527912589], [0.682915986, 5.780139923], [0.674583018, 5.780366626467016], [0.674583018, 5.78036238956286], [0.68236202, 5.780139923], [0.674583018, 5.780354685598878], [0.674583018, 5.7803301166461685], [0.685971975, 5.779861927], [0.6852648061106495, 5.779879111782238], [0.685693979, 5.779861927], [0.674027026, 5.780125630632642], [0.674027026, 5.780111472379764], [0.68236202, 5.779861927], [0.674027026, 5.780108520374774], [0.674027026, 5.780086288916237], [0.681249976, 5.779861927], [0.674027026, 5.780079045825753], [0.674027026, 5.779861927], [0.6732523873421488, 5.779861927], [0.6746264004795216, 5.7797991215324585], [0.6745345226046252, 5.7798021065137215], [0.6747857976353551, 5.779791205877107], [0.673195004, 5.7798422149205875], [0.673195004, 5.779826606919208], [0.6763301535792169, 5.779721243812741], [0.6766474946352392, 5.779706738308498], [0.673195004, 5.7798192477496695], [0.673195004, 5.779664749845424], [0.6770207184189192, 5.779552424709454], [0.673195004, 5.779657772961627], [0.673195004, 5.779635960440492], [0.6813138047374647, 5.779222629456142], [0.673195004, 5.7796079498683115], [0.673195004, 5.779583931], [0.672639012, 5.779583931], [0.672639012, 5.77943812459652], [0.680296750467539, 5.779186816467549], [0.672639012, 5.779424477501144], [0.672639012, 5.779397488108138], [0.678268567869619, 5.7791058328832605], [0.6753866334477948, 5.77921036997884], [0.6756057093159131, 5.779199402904923], [0.6743652917957104, 5.7792436179797075], [0.6757719328102715, 5.779191081653637], [0.6761017338929118, 5.779174571606765], [0.6724839662295141, 5.779305935], [0.67208302, 5.779305935], [0.67208302, 5.7792028822101935], [0.6736411347629035, 5.779146428233936], [0.67208302, 5.779200162028503], [0.67208302, 5.779110959942496], [0.684584022, 5.778471947], [0.67208302, 5.7790831580674125], [0.67208302, 5.7790702313008895], [0.684306026, 5.778471947], [0.67208302, 5.779069566018399], [0.67208302, 5.779027939], [0.671527028, 5.779027939], [0.671527028, 5.778832964156033], [0.6729267434928792, 5.778762971452798], [0.671527028, 5.778819443923793], [0.671527028, 5.778817450143096], [0.673340931323158, 5.778742260011055], [0.6735543897520887, 5.778731586032989], [0.671527028, 5.7788115149668755], [0.671527028, 5.778808585631347], [0.6740621366478201, 5.778706196174856], [0.684306026, 5.778193951], [0.671527028, 5.778790334037212], [0.671527028, 5.77877800966181], [0.684028029, 5.778193951], [0.671527028, 5.778769684512787], [0.671527028, 5.778749943], [0.670973003, 5.778749943], [0.6709729583400137, 5.7787438180382145], [0.683471978, 5.778193951], [0.6709728611792849, 5.7787304927821825], [0.6709717709666679, 5.7785809739135825], [0.679862022, 5.778193951], [0.6709717050128032, 5.77857192857042], [0.6709714109959467, 5.778531605181154], [0.684028029, 5.777915955], [0.6709713065607689, 5.778517282259747], [0.6709711291279951, 5.77849294797193], [0.683471978, 5.777915955], [0.6709710298361816, 5.778479330445071], [0.670970976, 5.778471947], [0.670417011, 5.778471947], [0.670417011, 5.778193951], [0.669861019, 5.778193951], [0.669861019, 5.777917862], [0.669305027, 5.777915955], [0.669305027, 5.777639866], [0.668473005, 5.777639866], [0.668473005, 5.77736187], [0.667917013, 5.77736187], [0.667917013, 5.777083874], [0.667361021, 5.777083874], [0.667361021, 5.776805878], [0.666805029, 5.776805878], [0.666805029, 5.776527882], [0.666251004, 5.776527882], [0.666251004, 5.776249886], [0.665695012, 5.776249886], [0.665695012, 5.775971889], [0.665139019, 5.775971889], [0.665139019, 5.77569294], [0.664583027, 5.77569294], [0.664583027, 5.775417805], [0.664029002, 5.775417805], [0.664029002, 5.775139809], [0.663195014, 5.775139809], [0.663195014, 5.774861813], [0.662639022, 5.774861813], [0.662639022, 5.774583817], [0.662082016, 5.774583817], [0.662082016, 5.774304867], [0.661529005, 5.774304867], [0.661529005, 5.774026871], [0.660971999, 5.774026871], [0.660971999, 5.773748875], [0.660694003, 5.773748875], [0.660694003, 5.773192883], [0.661529005, 5.773192883], [0.661529005, 5.772916794], [0.66180402, 5.772916794], [0.66180402, 5.772638798], [0.662082016, 5.772638798], [0.662082016, 5.772360802], [0.66180402, 5.772360802], [0.66180402, 5.77180481], [0.660416007, 5.77180481], [0.660416007, 5.771526814], [0.659860015, 5.771526814], [0.659860015, 5.771248817], [0.658749998, 5.771248817], [0.658749998, 5.771526814], [0.656805992, 5.771526814], [0.656805992, 5.77180481], [0.656527996, 5.77180481], [0.656527996, 5.772082806], [0.65625, 5.772082806], [0.65625, 5.772360802], [0.655972004, 5.772360802], [0.655972004, 5.772638798], [0.655694008, 5.772638798], [0.655694008, 5.772916794], [0.65486002, 5.772916794], [0.65486002, 5.772638798], [0.653472006, 5.772638798], [0.653472006, 5.772360802], [0.650972009, 5.772360802], [0.650972009, 5.772638798], [0.648748994, 5.772638798], [0.648748994, 5.772916794], [0.646526992, 5.772916794], [0.646526992, 5.773192883], [0.645694971, 5.773192883], [0.645694971, 5.773470879], [0.644304991, 5.773470879], [0.644304991, 5.773748875], [0.642360985, 5.773748875], [0.642360985, 5.774026871], [0.638472974, 5.774026871], [0.638472974, 5.774304867], [0.633194029, 5.774304867], [0.633194029, 5.774583817], [0.630693972, 5.774583817], [0.630693972, 5.774861813], [0.624584019, 5.774861813], [0.624584019, 5.775139809], [0.622362018, 5.775139809], [0.622362018, 5.775417805], [0.618472993, 5.775417805], [0.618471026, 5.77569294], [0.616805017, 5.77569294], [0.616805017, 5.775417805], [0.616527021, 5.775417805], [0.616527021, 5.77569294], [0.615972996, 5.77569294], [0.615972996, 5.775971889], [0.615695, 5.775971889], [0.615695, 5.776249886], [0.611528993, 5.776249886], [0.611527026, 5.775971889], [0.610695004, 5.775971889], [0.610695004, 5.776249886], [0.608473003, 5.776249886], [0.608473003, 5.776527882], [0.607082009, 5.776527882], [0.607082009, 5.776805878], [0.605416, 5.776805878], [0.605416, 5.777083874], [0.604027987, 5.777083874], [0.604027987, 5.77736187], [0.602638006, 5.77736187], [0.602638006, 5.777639866], [0.600971997, 5.777639866], [0.600971997, 5.777915955], [0.599583983, 5.777917862], [0.599583983, 5.778193951], [0.590970993, 5.778193951], [0.590970993, 5.778471947], [0.590695024, 5.778471947], [0.590695024, 5.778749943], [0.589860976, 5.778749943], [0.589860976, 5.778471947], [0.58958298, 5.778471947], [0.58958298, 5.778193951], [0.588748991, 5.778193951], [0.588748991, 5.778471947], [0.586804986, 5.778471947], [0.586804986, 5.778749943], [0.584029019, 5.778749943], [0.584029019, 5.779027939], [0.580416024, 5.779027939], [0.580416024, 5.779305935], [0.575694025, 5.779305935], [0.575694025, 5.779583931], [0.571528018, 5.779583931], [0.571528018, 5.779861927], [0.569306016, 5.779861927], [0.569306016, 5.780139923], [0.568750024, 5.780139923], [0.568750024, 5.780416012], [0.567640007, 5.780416012], [0.567640007, 5.780139923], [0.564861, 5.780139923], [0.564861, 5.780416012], [0.562083006, 5.780416012], [0.562083006, 5.780694008], [0.559028983, 5.780694008], [0.559028983, 5.780972004], [0.553750992, 5.780972004], [0.553750992, 5.78125], [0.549583972, 5.78125], [0.549583972, 5.781527996], [0.546249986, 5.781527996], [0.546249986, 5.781805992], [0.542361975, 5.781805992], [0.542361975, 5.781527996], [0.541805983, 5.781527996], [0.541805983, 5.781805992], [0.53541702, 5.781805992], [0.53541702, 5.782083988], [0.533473015, 5.782083988], [0.533473015, 5.782360077], [0.532360971, 5.782360077], [0.532360971, 5.782638073], [0.532639027, 5.782638073], [0.532639027, 5.783321368967086], [0.525972009, 5.783472061], [0.507579731996282, 5.7848345479452865], [0.5087230208916668, 5.784805827730525], [0.527917027, 5.783472061], [0.532639027, 5.783372335688815], [0.532639027, 5.783528246522405], [0.524583995, 5.783750057], [0.5122980727689053, 5.78471601993294], [0.5124665198184675, 5.784711788425525], [0.525972009, 5.783750057], [0.532639027, 5.783588043011219], [0.532639027, 5.7836418210270075], [0.527917027, 5.783750057], [0.5224669317409191, 5.784133130345783], [0.528195024, 5.783750057], [0.532639027, 5.783655816982153], [0.532639027, 5.783750057], [0.532360971, 5.783750057], [0.5319431582458866, 5.783791030650935], [0.524305999, 5.784028053], [0.5221473307180237, 5.784219177388964], [0.524583995, 5.784028053], [0.5316381918426086, 5.783820937796736], [0.528195024, 5.784158599], [0.5280888255642987, 5.78416600578198], [0.528195024, 5.784162343378502], [0.528195024, 5.784178420771324], [0.5276582442764169, 5.784196036560709], [0.5246525740470233, 5.784405666240701], [0.528195024, 5.784316677426201], [0.528195024, 5.784325364570186], [0.524445597482729, 5.7844201017667665], [0.5243052871831436, 5.784429887671725], [0.528195024, 5.784331796042764], [0.528195024, 5.784349200955386], [0.5237143972767173, 5.784471099132911], [0.5225570788927532, 5.784551815999355], [0.528195024, 5.784396163674858], [0.528195024, 5.784403073051179], [0.522400555963731, 5.784562732649891], [0.5219233896305827, 5.784596012490355], [0.5242323035496517, 5.784540243556866], [0.5271810630676188, 5.7844530035947335], [0.5258550389373012, 5.784501048409244], [0.528195024, 5.784444528991067], [0.528195024, 5.784453903400983], [0.5270715706558134, 5.784493949250724], [0.524028003, 5.784567246], [0.5237782545533208, 5.784591738089438], [0.523658039319448, 5.784594892500928], [0.5235644255456763, 5.784601888034326], [0.5237235203309776, 5.784597105712288], [0.5235125138737455, 5.784617798489726], [0.5232438886681056, 5.784625840988491], [0.5231275393713596, 5.78463453549314], [0.523464221938924, 5.784622534336545], [0.5231487578319018, 5.784653470965887], [0.522667747581447, 5.784668894633819], [0.5223444868814964, 5.784693051132717], [0.5230145244328804, 5.784666634837207], [0.5225774584163139, 5.784709496605161], [0.521843545194404, 5.784730485306786], [0.5213649485941988, 5.784766249685958], [0.5214749865209172, 5.7847634854564625], [0.5213454497342496, 5.784767706789124], [0.5211397307463194, 5.78478307967703], [0.5214864933607987, 5.7847744189457115], [0.5210780557541191, 5.784787688501676], [0.52106060137506, 5.784788992825674], [0.5220084631847687, 5.784765296279939], [0.521935631962166, 5.78477243862193], [0.5206644562740352, 5.78481859580153], [0.5205591714249707, 5.784826463486469], [0.5218693440328918, 5.7847789392825515], [0.5213659875343745, 5.784828301961459], [0.519943118680593, 5.784872499634513], [0.5182440042814023, 5.784999470389436], [0.5205844835632557, 5.7849049417380485], [0.5205085753271956, 5.784912385833623], [0.5181194883182514, 5.785008775169532], [0.5174030278123385, 5.785062314549429], [0.5198017733815737, 5.784981699804131], [0.5194900606490723, 5.785012268547301], [0.5164417139282691, 5.7851418709775615], [0.5192306592729736, 5.785037707270898], [0.518206638, 5.78513813], [0.517084002, 5.78513813], [0.5145991550278266, 5.785322442630346], [0.5130784750298445, 5.785385478034923], [0.5108623920051508, 5.785551080618688], [0.5124463708133813, 5.785482124625081], [0.5107395300940574, 5.785608728921475], [0.5092154657068068, 5.785674151481663], [0.5060141213479475, 5.785913380288273], [0.5075894302234079, 5.785842386446269], [0.5046362412368588, 5.786061438177065], [0.5031691026354957, 5.786125981731626], [0.4992460242632537, 5.786419143994733], [0.5007490252247039, 5.78634977102651], [0.5004966323637029, 5.786368492176187], [0.49900380956977075, 5.786437244119421], [0.4987961483093959, 5.786452762148702], [0.49895243725863675, 5.786439610070848], [0.4950261501428125, 5.786620435196244], [0.49517992870368344, 5.78660681993459], [0.494583994, 5.7866343260775155], [0.494583994, 5.7865994405797645], [0.49740947879883823, 5.786379363787694], [0.49455007958212627, 5.786505156803558], [0.4975945146542478, 5.7862928234797995], [0.494305998, 5.78644102580089], [0.494305998, 5.786402965177474], [0.4968067859046469, 5.786206811130427], [0.494305998, 5.7863141608910915], [0.494305998, 5.7862718368518085], [0.4980628807291715, 5.78610828694817], [0.5007769902195152, 5.785895400617558], [0.49341778780540285, 5.786200455134064], [0.4902816220827538, 5.786447031645184], [0.494028002, 5.786283938964727], [0.494028002, 5.786326094251778], [0.4891644158025158, 5.786534870379214], [0.48505590262698334, 5.786857896307786], [0.4931654435338477, 5.786492426732369], [0.49102736653493795, 5.786660130860918], [0.493194014, 5.786564813943522], [0.493194014, 5.786599735241089], [0.4890077600238009, 5.786891704424141], [0.493194014, 5.7866984824159635], [0.493194014, 5.786704814213364], [0.4887583826352181, 5.78690909718455], [0.4805907634876088, 5.787478745634827], [0.4796396910073195, 5.78755334481043], [0.483195007, 5.787385703317489], [0.483195007, 5.787443314410147], [0.4779810593818295, 5.787683442730887], [0.47365456867753514, 5.788022799243121], [0.475695014, 5.787927467696109], [0.475695014, 5.787929617985192], [0.47359021813648444, 5.788027846699978], [0.4714574680759748, 5.788195133], [0.4703192018638591, 5.788195133], [0.4709532551010043, 5.788150911123661], [0.47000569081088067, 5.788195133], [0.46996599318341814, 5.788195133], [0.4710359495759913, 5.788145143619243], [0.47702351551396266, 5.7877275424069605], [0.4697124403281002, 5.7880642539230225], [0.47107292001675444, 5.787957288167783], [0.46602874198586425, 5.788195133], [0.464861989, 5.788195133], [0.464861989, 5.7882501481415085], [0.46191785981020317, 5.7883889707423135], [0.4605039495762159, 5.788488350899581], [0.464861989, 5.78828764142469], [0.464861989, 5.788433596932067], [0.45418745219698975, 5.788932321448656], [0.454143719291176, 5.78893539532347], [0.464028001, 5.788474105796219], [0.464028001, 5.788511184774627], [0.4594938535596626, 5.788867675583984], [0.4497538419419626, 5.789243948646632], [0.4475913575540112, 5.789395944178878], [0.44552618745426104, 5.789478636956844], [0.43662965749942173, 5.790112162504914], [0.435972005, 5.790139198], [0.4441393099484937, 5.78953416979342], [0.435972005, 5.789861202], [0.43937918961276295, 5.7896244411354045], [0.434305996, 5.789861202], [0.43939076599565524, 5.789623636707487], [0.44634306829014686, 5.789140530187222], [0.430694997, 5.789861202], [0.4471118358950483, 5.789087109517814], [0.45820614555478456, 5.788316180247563], [0.430694997, 5.789583206], [0.45832560018861757, 5.788307879499115], [0.4665271526476909, 5.787737964196034], [0.424582988, 5.789583206], [0.46837137648708627, 5.787609811459875], [0.4752371609996477, 5.787132716948697], [0.424582988, 5.789307117], [0.4764218383793724, 5.787050395245423], [0.4816087036419871, 5.786689966667671], [0.418471992, 5.789307117], [0.48409814098551524, 5.7865169788772235], [0.488750689579462, 5.7861936792756845], [0.418471992, 5.789029121], [0.488854317176233, 5.786186478327631], [0.4892977447905381, 5.786155665114587], [0.412362009, 5.789029121], [0.4874194785931701, 5.786069972974911], [0.4718821749157085, 5.786592135806449], [0.412362009, 5.788751125], [0.4710591776441229, 5.786619794311078], [0.40764001, 5.788751125], [0.492787149023837, 5.785716028302091], [0.4863304918991771, 5.785916587348599], [0.40764001, 5.788473129], [0.4812068016092842, 5.786075741291469], [0.404026985, 5.788473129], [0.5000073713672526, 5.785395503095102], [0.5008987205651121, 5.7853294725734035], [0.47507817178734707, 5.786067897468751], [0.404026985, 5.788195133], [0.469238503268879, 5.786234902308646], [0.400694996, 5.788195133], [0.48727585761926856, 5.7856336114371105], [0.4469202753653745, 5.786642501014412], [0.400694996, 5.787916183], [0.4459597640132358, 5.786666513798714], [0.4194678420200589, 5.7873288118623], [0.397083014, 5.787916183], [0.40966477052816974, 5.787573888654687], [0.395972997, 5.787916183], [0.41045739855967184, 5.7875523247265885], [0.41263123047574696, 5.787493184306022], [0.395695001, 5.787916183], [0.395695001, 5.788195133], [0.393195003, 5.788195133], [0.393195003, 5.787916183], [0.386806011, 5.787916183], [0.386806011, 5.787638187], [0.38458401, 5.787638187], [0.38458401, 5.787916183], [0.384027988, 5.787916183], [0.384027988, 5.788195133], [0.383194, 5.788195133], [0.383194, 5.787916183], [0.382084012, 5.787916183], [0.382084012, 5.787638187], [0.378196001, 5.787638187], [0.378196001, 5.787360191], [0.372361004, 5.787360191], [0.372361004, 5.787082195], [0.369861007, 5.787082195], [0.369861007, 5.78680706], [0.368750989, 5.78680706], [0.368750989, 5.786528111], [0.367917001, 5.786528111], [0.367917001, 5.786250114], [0.367082, 5.786250114], [0.367082, 5.786133766], [0.367082, 5.785972118], [0.366528988, 5.785972118], [0.366528988, 5.786133766], [0.366528988, 5.786250114], [0.366250992, 5.786250114], [0.366250992, 5.786528111], [0.36541599, 5.786528111], [0.36541599, 5.78680706], [0.363193989, 5.78680706], [0.363193989, 5.786528111], [0.362360001, 5.786528111], [0.362360001, 5.786250114], [0.360971987, 5.786250114], [0.360971987, 5.786528111], [0.359028012, 5.786528111], [0.359028012, 5.786250114], [0.35680601, 5.786250114], [0.35680601, 5.785972118], [0.355140001, 5.785972118], [0.355140001, 5.785694122], [0.354306012, 5.785694122], [0.354306012, 5.785416126], [0.351805001, 5.785416126], [0.351805001, 5.78513813], [0.347916991, 5.78513813], [0.347916991, 5.785416126], [0.344861001, 5.785416126], [0.344861001, 5.78513813], [0.343472987, 5.78513813], [0.343472987, 5.784860134], [0.341805011, 5.784860134], [0.341805011, 5.784584045], [0.338194013, 5.784584045], [0.338194013, 5.784306049], [0.334859997, 5.784306049], [0.334859997, 5.784028053], [0.334306002, 5.784028053], [0.334306002, 5.783750057], [0.334028006, 5.783750057], [0.334028006, 5.783472061], [0.333472013, 5.783472061], [0.333472013, 5.783370018], [0.333472013, 5.783194065], [0.32902801, 5.783194065], [0.32902801, 5.782916069], [0.325650007, 5.782916069], [0.325417995, 5.782916069], [0.325417995, 5.782638073], [0.323749006, 5.782638073], [0.323749006, 5.782360077], [0.322358996, 5.782375813], [0.322360992, 5.782083988], [0.320802003, 5.782083988], [0.320138991, 5.782083988], [0.320138991, 5.781959057], [0.320138991, 5.781805992], [0.31932801, 5.781805992], [0.318473011, 5.781805992], [0.318473011, 5.781643867], [0.318473011, 5.781527996], [0.317855, 5.781527996], [0.317083001, 5.781527996], [0.317083001, 5.781382084], [0.317083001, 5.78125], [0.316381007, 5.78125], [0.315694988, 5.78125], [0.315694988, 5.781119823], [0.315694988, 5.780972004], [0.314909011, 5.780972004], [0.314305007, 5.780972004], [0.314305007, 5.780880928], [0.314305007, 5.780694008], [0.312638998, 5.780694008], [0.312638998, 5.780416012], [0.311241001, 5.780473232], [0.311251014, 5.780139923], [0.309859991, 5.780139923], [0.309859991, 5.779861927], [0.308750004, 5.779861927], [0.308750004, 5.779583931], [0.30763799, 5.779583931], [0.30763799, 5.779305935], [0.306528002, 5.779305935], [0.306528002, 5.779027939], [0.305415988, 5.779027939], [0.305415988, 5.778749943], [0.304306, 5.778749943], [0.304306, 5.778471947], [0.303193986, 5.778471947], [0.303193986, 5.778193951], [0.302083999, 5.778193951], [0.302083999, 5.777917862], [0.300693989, 5.777915955], [0.300693989, 5.777639866], [0.299028009, 5.777639866], [0.299028009, 5.77736187], [0.297639996, 5.77736187], [0.297639996, 5.777083874], [0.295973003, 5.777083874], [0.295971006, 5.776805878], [0.294304997, 5.776805878], [0.294304997, 5.776527882], [0.292917013, 5.776527882], [0.292917013, 5.776249886], [0.289305001, 5.776249886], [0.289305001, 5.775971889], [0.288751006, 5.775971889], [0.288751006, 5.77569294], [0.287083, 5.77569294], [0.287083, 5.775417805], [0.285138011, 5.775417805], [0.285138011, 5.775139809], [0.284029007, 5.775139809], [0.284029007, 5.774861813], [0.283304006, 5.774861813], [0.282916009, 5.774861813], [0.282916009, 5.774583817], [0.282083988, 5.774583817], [0.282115996, 5.774310112], [0.280972004, 5.774304867], [0.280972004, 5.774026871], [0.279861987, 5.774026871], [0.27985999, 5.773748875], [0.279027998, 5.773748875], [0.279027998, 5.773470879], [0.27819401, 5.773470879], [0.27819401, 5.773192883], [0.277083993, 5.773192883], [0.277083993, 5.772916794], [0.275415987, 5.772916794], [0.275415987, 5.772638798], [0.274028003, 5.772638798], [0.274028003, 5.772360802], [0.273750007, 5.772360802], [0.273750007, 5.772638798], [0.273472011, 5.772638798], [0.273472011, 5.772916794], [0.272917986, 5.772916794], [0.272917986, 5.772638798], [0.272083998, 5.772638798], [0.272083998, 5.772360802], [0.271526992, 5.772360802], [0.271526992, 5.772082806], [0.270693004, 5.772082806], [0.270693004, 5.77180481], [0.270139009, 5.77180481], [0.270139009, 5.771526814], [0.269861013, 5.771526814], [0.269861013, 5.771248817], [0.269304991, 5.771248817], [0.269304991, 5.770973206], [0.267639011, 5.770973206], [0.267639011, 5.77069521], [0.267082989, 5.77069521], [0.267082989, 5.770417213], [0.266526997, 5.770417213], [0.266526997, 5.770139217], [0.265695006, 5.770139217], [0.265695006, 5.769861221], [0.26541701, 5.769861221], [0.26541701, 5.769583225], [0.263749003, 5.769583225], [0.263749003, 5.769305229], [0.260973006, 5.769305229], [0.260973006, 5.769027233], [0.259306997, 5.769027233], [0.259306997, 5.768751144], [0.257638007, 5.768751144], [0.257638007, 5.768473148], [0.256249994, 5.768473148], [0.256249994, 5.768195152], [0.25513801, 5.768195152], [0.25513801, 5.767917156], [0.254584014, 5.767917156], [0.254584014, 5.76763916], [0.254027992, 5.76763916], [0.254027992, 5.767361164], [0.253749996, 5.767361164], [0.253749996, 5.767083168], [0.253472, 5.767083168], [0.253472, 5.766805172], [0.252638012, 5.766805172], [0.252638012, 5.766527176], [0.252362013, 5.766527176], [0.252362013, 5.766251087], [0.251805991, 5.766251087], [0.251805991, 5.765973091], [0.251249999, 5.765973091], [0.251249999, 5.765695095], [0.250972003, 5.765695095], [0.250972003, 5.765417099], [0.250416011, 5.765417099], [0.250416011, 5.764861107], [0.249862, 5.764861107], [0.249862, 5.764583111], [0.249584004, 5.764583111], [0.249584004, 5.764316082], [0.249584004, 5.764027119], [0.249027997, 5.764027119], [0.249027997, 5.76375103], [0.248750001, 5.76375103], [0.248750001, 5.763473034], [0.248472005, 5.763473034], [0.248472005, 5.763195038], [0.248193994, 5.763195038], [0.248193994, 5.762639046], [0.247915998, 5.762639046], [0.247915998, 5.76236105], [0.247639999, 5.76236105], [0.247639999, 5.761528969], [0.247362003, 5.761528969], [0.247362003, 5.760694027], [0.247084007, 5.760694027], [0.247084007, 5.759584904], [0.246528, 5.759584904], [0.246528, 5.759305954], [0.246250004, 5.759305954], [0.246250004, 5.759027958], [0.245971993, 5.759027958], [0.245971993, 5.758471966], [0.245417997, 5.758471966], [0.245417997, 5.75819397], [0.245140001, 5.75819397], [0.245140001, 5.757915974], [0.241527006, 5.757915974], [0.241527006, 5.757637978], [0.240417004, 5.757637978], [0.240417004, 5.757359982], [0.238748997, 5.757359982], [0.238748997, 5.757083893], [0.237917006, 5.757083893], [0.237917006, 5.756805897], [0.237360999, 5.756805897], [0.237360999, 5.756527901], [0.236250997, 5.756527901], [0.236250997, 5.756249905], [0.234861001, 5.756249905], [0.234861001, 5.755971909], [0.234026998, 5.755971909], [0.234026998, 5.755693913], [0.233750999, 5.755693913], [0.233750999, 5.755415916], [0.232916996, 5.755415916], [0.232916996, 5.75513792], [0.232639, 5.75513792], [0.232639, 5.754861832], [0.232361004, 5.754859924], [0.232361004, 5.754583836], [0.232081994, 5.754583836], [0.232081994, 5.75430584], [0.231803998, 5.75430584], [0.231803998, 5.753749847], [0.231251001, 5.753749847], [0.231251001, 5.753471851], [0.230973005, 5.753471851], [0.230973005, 5.753193855], [0.230693996, 5.753193855], [0.230693996, 5.752915859], [0.230416, 5.752915859], [0.230416, 5.752637863], [0.230138004, 5.752637863], [0.230138004, 5.752361774], [0.229859993, 5.752361774], [0.229859993, 5.752083778], [0.229585007, 5.752083778], [0.229585007, 5.751805782], [0.229305997, 5.751805782], [0.229305997, 5.751527786], [0.229028001, 5.751527786], [0.229028001, 5.75124979], [0.228750005, 5.75124979], [0.228750005, 5.750971794], [0.228193998, 5.750971794], [0.228193998, 5.750693798], [0.227083996, 5.750693798], [0.227083996, 5.750418186], [0.226528004, 5.750418186], [0.226528004, 5.75014019], [0.225971997, 5.75014019], [0.225971997, 5.749862194], [0.225416005, 5.749862194], [0.225416005, 5.749584198], [0.224861994, 5.749584198], [0.224861994, 5.749306202], [0.223471999, 5.749306202], [0.223471999, 5.749028206], [0.223194003, 5.749028206], [0.223194003, 5.748470783], [0.222639993, 5.748470783], [0.222639993, 5.748196125], [0.222084001, 5.748192787], [0.222084001, 5.747918129], [0.221249998, 5.747918129], [0.221249998, 5.747640133], [0.220694005, 5.747640133], [0.220694005, 5.747362137], [0.220139995, 5.747362137], [0.220139995, 5.747083187], [0.219027996, 5.747083187], [0.219027996, 5.746805191], [0.216775998, 5.746802807], [0.216804996, 5.746527195], [0.215415001, 5.746539116], [0.215416998, 5.746249199], [0.213749006, 5.746253967], [0.213749006, 5.745971203], [0.212082997, 5.745971203], [0.212082997, 5.746249199], [0.211805001, 5.746249199], [0.211805001, 5.746527195], [0.211248994, 5.746527195], [0.211248994, 5.746249199], [0.208472997, 5.746249199], [0.208472997, 5.745971203], [0.206805006, 5.745971203], [0.206805006, 5.746805191], [0.207638994, 5.746805191], [0.207638994, 5.746527195], [0.209027007, 5.746527195], [0.209027007, 5.746805191], [0.209860995, 5.746805191], [0.209860995, 5.747083187], [0.211248994, 5.747083187], [0.211248994, 5.746805191], [0.211805001, 5.746805191], [0.211805001, 5.747083187], [0.212082997, 5.747083187], [0.212082997, 5.747362137], [0.212360993, 5.747362137], [0.212360993, 5.747640133], [0.212639004, 5.747640133], [0.212639004, 5.747918129], [0.212360993, 5.747918129], [0.212360993, 5.748192787], [0.211248994, 5.748196125], [0.211248994, 5.748470783], [0.210972995, 5.748470783], [0.210972995, 5.74875021], [0.210139006, 5.74875021], [0.210139006, 5.748470783], [0.209860995, 5.748470783], [0.209860995, 5.747918129], [0.209582999, 5.747918129], [0.209582999, 5.747640133], [0.206805006, 5.747640133], [0.206805006, 5.747362137], [0.206250995, 5.747362137], [0.206250995, 5.747083187], [0.205972999, 5.747083187], [0.205972999, 5.745971203], [0.206250995, 5.745971203], [0.206250995, 5.745695114], [0.205972999, 5.745695114], [0.205972999, 5.745417118], [0.202915996, 5.745417118], [0.202915996, 5.745139122], [0.200138003, 5.745139122], [0.200138003, 5.744861126], [0.194306001, 5.744861126], [0.194306001, 5.745139122], [0.191528007, 5.745139122], [0.191528007, 5.745417118], [0.188471004, 5.745417118], [0.188471004, 5.745139122], [0.187361002, 5.745139122], [0.187361002, 5.744861126], [0.186526999, 5.744861126], [0.186526999, 5.74458313], [0.185695007, 5.74458313], [0.185695007, 5.744305134], [0.185139, 5.744305134], [0.185139, 5.744027138], [0.184582993, 5.744027138], [0.184582993, 5.743749142], [0.184304997, 5.743749142], [0.184304997, 5.743471146], [0.183751002, 5.743471146], [0.183751002, 5.743195057], [0.183194995, 5.743195057], [0.183194995, 5.742917061], [0.182361007, 5.742917061], [0.182361007, 5.743195057], [0.182082996, 5.743195057], [0.182082996, 5.743471146], [0.181529, 5.743471146], [0.181527004, 5.743749142], [0.181251004, 5.743749142], [0.181251004, 5.744305134], [0.180694997, 5.744305134], [0.180694997, 5.743749142], [0.180417001, 5.743749142], [0.180417001, 5.742917061], [0.180139005, 5.742917061], [0.180139005, 5.742639065], [0.179860994, 5.742639065], [0.179860994, 5.742083073], [0.181527004, 5.742083073], [0.181527004, 5.741805077], [0.181805, 5.741805077], [0.181805, 5.741527081], [0.182082996, 5.741527081], [0.182082996, 5.740972996], [0.181805, 5.740972996], [0.181805, 5.740417004], [0.179860994, 5.740417004], [0.179860994, 5.740139008], [0.178472996, 5.740139008], [0.178472996, 5.739861012], [0.177637994, 5.739861012], [0.177637994, 5.739583015], [0.177082002, 5.739583015], [0.177082002, 5.739305019], [0.175694004, 5.739305019], [0.175694004, 5.739028931], [0.174860001, 5.739028931], [0.174860001, 5.738750935], [0.174584001, 5.738750935], [0.174582005, 5.738472939], [0.174027994, 5.738472939], [0.174027994, 5.738194942], [0.173749998, 5.738194942], [0.173749998, 5.737916946], [0.173472002, 5.737916946], [0.173472002, 5.73763895], [0.173194006, 5.73763895], [0.173194006, 5.737360954], [0.172915995, 5.737360954], [0.172915995, 5.737082958], [0.172637999, 5.737082958], [0.172637999, 5.736804962], [0.172360003, 5.736804962], [0.172360003, 5.736528873], [0.172084004, 5.736528873], [0.172084004, 5.736250877], [0.171805993, 5.736250877], [0.171805993, 5.735972881], [0.171527997, 5.735972881], [0.171527997, 5.735694885], [0.171250001, 5.735694885], [0.171250001, 5.735138893], [0.170693994, 5.735138893], [0.170693994, 5.734859943], [0.170415998, 5.734859943], [0.170415998, 5.734581947], [0.169862002, 5.734581947], [0.169862002, 5.734303951], [0.169305995, 5.734303951], [0.169305995, 5.734028816], [0.169027999, 5.734028816], [0.169027999, 5.73375082], [0.168750003, 5.73375082], [0.168750003, 5.734303951], [0.168472007, 5.734303951], [0.168472007, 5.734581947], [0.167640001, 5.734581947], [0.167640001, 5.734303951], [0.167362005, 5.734303951], [0.167362005, 5.734028816], [0.166805997, 5.734028816], [0.166805997, 5.73375082], [0.166250005, 5.73375082], [0.166250005, 5.73347187], [0.165971994, 5.73347187], [0.165971994, 5.733193874], [0.165415004, 5.733193874], [0.165415004, 5.732915878], [0.165140003, 5.732915878], [0.165140003, 5.732359886], [0.164583996, 5.732359886], [0.164583996, 5.73208189], [0.163748994, 5.73208189], [0.163748994, 5.731805801], [0.163195997, 5.731805801], [0.163195997, 5.731527805], [0.162360996, 5.731527805], [0.162360996, 5.731249809], [0.161805004, 5.731249809], [0.161805004, 5.730971813], [0.160972998, 5.730971813], [0.160972998, 5.730693817], [0.160138994, 5.730693817], [0.160138994, 5.730415821], [0.159583002, 5.730415821], [0.159583002, 5.730137825], [0.159026995, 5.730137825], [0.159026995, 5.729862213], [0.158748999, 5.729862213], [0.158748999, 5.729584217], [0.157638997, 5.729584217], [0.157638997, 5.729306221], [0.156526998, 5.729306221], [0.156526998, 5.729028225], [0.155416995, 5.729028225], [0.155416995, 5.728750229], [0.154583007, 5.728750229], [0.154583007, 5.728472233], [0.154304996, 5.728472233], [0.154304996, 5.728194237], [0.151251003, 5.728194237], [0.151251003, 5.727915764], [0.150138006, 5.727915764], [0.150138006, 5.727637768], [0.149581999, 5.727637768], [0.149581999, 5.727362156], [0.149028003, 5.727362156], [0.149028003, 5.72708416], [0.148750007, 5.72708416], [0.148750007, 5.726806164], [0.148471996, 5.726806164], [0.148471996, 5.726528168], [0.148194, 5.726528168], [0.148194, 5.726250172], [0.147916004, 5.726250172], [0.147916004, 5.725972176], [0.147637993, 5.725972176], [0.147637993, 5.72569418], [0.147083998, 5.72569418], [0.147083998, 5.725416183], [0.146528006, 5.725416183], [0.146528006, 5.725140095], [0.145971999, 5.725138187], [0.145971999, 5.724862099], [0.145137995, 5.724862099], [0.145137995, 5.724584103], [0.144306004, 5.724584103], [0.144306004, 5.724306107], [0.143472001, 5.724306107], [0.143472001, 5.724028111], [0.142637998, 5.724028111], [0.142637998, 5.723750114], [0.142361999, 5.723750114], [0.142361999, 5.723472118], [0.141527995, 5.723472118], [0.141527995, 5.723194122], [0.140972003, 5.723194122], [0.140972003, 5.722916126], [0.140415996, 5.722916126], [0.140415996, 5.722640038], [0.139862001, 5.722640038], [0.139862001, 5.722362041], [0.139584005, 5.722362041], [0.139584005, 5.722084045], [0.139027998, 5.722084045], [0.139027998, 5.721806049], [0.138750002, 5.721806049], [0.138750002, 5.721528053], [0.138472006, 5.721528053], [0.138472006, 5.721249104], [0.137917995, 5.721249104], [0.137917995, 5.720971107], [0.137639999, 5.720971107], [0.137639999, 5.720695972], [0.137362003, 5.720695972], [0.137362003, 5.720417976], [0.137084007, 5.720417976], [0.137084007, 5.72013998], [0.136804998, 5.72013998], [0.136804998, 5.719861031], [0.136527002, 5.719861031], [0.136527002, 5.719305038], [0.136249006, 5.719305038], [0.136249006, 5.719027042], [0.135970995, 5.719027042], [0.135970995, 5.718749046], [0.135692999, 5.718749046], [0.135692999, 5.718472958], [0.135416999, 5.71847105], [0.135416999, 5.718194962], [0.135139003, 5.718194962], [0.135139003, 5.717916965], [0.134861007, 5.717916965], [0.134861007, 5.717638969], [0.134582996, 5.717638969], [0.134582996, 5.717360973], [0.134305, 5.717360973], [0.134305, 5.717082977], [0.134027004, 5.717082977], [0.134027004, 5.716804981], [0.133748993, 5.716804981], [0.133748993, 5.7159729], [0.133470997, 5.7159729], [0.133470997, 5.715694904], [0.132917002, 5.715694904], [0.132917002, 5.715416908], [0.132639006, 5.715416908], [0.132639006, 5.714860916], [0.132360995, 5.714860916], [0.132360995, 5.712638855], [0.132082999, 5.712638855], [0.132082999, 5.712082863], [0.131805003, 5.712082863], [0.131805003, 5.711804867], [0.131251007, 5.711804867], [0.131251007, 5.711528778], [0.130972996, 5.711528778], [0.130972996, 5.711250782], [0.130695, 5.711250782], [0.130695, 5.710972786], [0.130417004, 5.710972786], [0.130417004, 5.71069479], [0.130138993, 5.71069479], [0.130138993, 5.710416794], [0.129860997, 5.710416794], [0.129860997, 5.710138798], [0.129583001, 5.710138798], [0.129583001, 5.709860802], [0.129305005, 5.709860802], [0.129305005, 5.709582806], [0.128750995, 5.709582806], [0.128748998, 5.709307194], [0.128472999, 5.709307194], [0.128472999, 5.709029198], [0.128195003, 5.709029198], [0.128195003, 5.708751202], [0.127917007, 5.708751202], [0.127917007, 5.708473206], [0.126804993, 5.708473206], [0.126804993, 5.70819521], [0.126528993, 5.70819521], [0.126528993, 5.707359791], [0.126250997, 5.707359791], [0.126250997, 5.707081795], [0.124861002, 5.707081795], [0.124861002, 5.706807137], [0.123473004, 5.706807137], [0.123473004, 5.70652914], [0.122359999, 5.70652914], [0.122359999, 5.706250191], [0.121250004, 5.706250191], [0.121250004, 5.705972195], [0.119305998, 5.705972195], [0.119305998, 5.705694199], [0.118472002, 5.705694199], [0.118472002, 5.705416203], [0.118193999, 5.705416203], [0.118193999, 5.705138206], [0.117362, 5.705138206], [0.117362, 5.70486021], [0.117083997, 5.70486021], [0.117083997, 5.704582214], [0.115971997, 5.704582214], [0.115971997, 5.704306126], [0.114027999, 5.704306126], [0.114027999, 5.70402813], [0.113750003, 5.70402813], [0.113750003, 5.703472137], [0.112361997, 5.703472137], [0.112361997, 5.703194141], [0.112084001, 5.703194141], [0.112084001, 5.703472137], [0.110140003, 5.703472137], [0.110140003, 5.703194141], [0.109862, 5.703194141], [0.109862, 5.702916145], [0.108749002, 5.702916145], [0.108749002, 5.702638149], [0.106804997, 5.702638149], [0.106804997, 5.702360153], [0.104860999, 5.702360153], [0.104860999, 5.702084064], [0.104027003, 5.702084064], [0.104027003, 5.701806068], [0.102917001, 5.701806068], [0.102917001, 5.701528072], [0.100973003, 5.701528072], [0.100973003, 5.701250076], [0.097916998, 5.701250076], [0.097916998, 5.70097208], [0.097639002, 5.70097208], [0.097639002, 5.700694084], [0.097081997, 5.700694084], [0.097081997, 5.700416088], [0.096529, 5.700416088], [0.096529, 5.699862003], [0.096251003, 5.699862003], [0.096251003, 5.699584007], [0.095137998, 5.699584007], [0.095137998, 5.699306011], [0.094028004, 5.699306011], [0.094028004, 5.699584007], [0.092638001, 5.699584007], [0.092638001, 5.699306011], [0.092083998, 5.699306011], [0.092083998, 5.699028015], [0.089230999, 5.699028015], [0.087640002, 5.699028015], [0.086805999, 5.698194027], [0.085139997, 5.697916031], [0.082918003, 5.698194027], [0.082083002, 5.697361946], [0.079582997, 5.69708395], [0.076805003, 5.695971966], [0.074304998, 5.695971966], [0.074136274, 5.695353855], [0.073172112, 5.695119171], [0.070973001, 5.694583893], [0.069029003, 5.694583893], [0.068471998, 5.693748951], [0.066806003, 5.691844658], [0.066806003, 5.691804886], [0.066771208, 5.691804886], [0.066528, 5.69152689], [0.065416001, 5.69152689], [0.065416001, 5.691248894], [0.065137997, 5.691248894], [0.065137997, 5.690972805], [0.064861998, 5.690972805], [0.064861998, 5.690416813], [0.064584002, 5.690416813], [0.064584002, 5.689582825], [0.064305998, 5.689582825], [0.064305998, 5.688748837], [0.064028002, 5.688748837], [0.064028002, 5.688473225], [0.063749999, 5.688473225], [0.063749999, 5.688195229], [0.063472003, 5.688195229], [0.063472003, 5.687917233], [0.063193999, 5.687917233], [0.063193999, 5.687639236], [0.062916003, 5.687639236], [0.062916003, 5.687360764], [0.062639996, 5.687360764], [0.062638, 5.687082767], [0.062362, 5.687082767], [0.062362, 5.686804771], [0.062084001, 5.686804771], [0.062084001, 5.686526775], [0.061806001, 5.686526775], [0.061806001, 5.685973167], [0.061528001, 5.685973167], [0.061528001, 5.685417175], [0.061250001, 5.685417175], [0.061250001, 5.685139179], [0.060694002, 5.685139179], [0.060694002, 5.684861183], [0.060139999, 5.684861183], [0.060139999, 5.684583187], [0.059861999, 5.684583187], [0.059861999, 5.684305191], [0.059583999, 5.684305191], [0.059583999, 5.684027195], [0.059305999, 5.684027195], [0.059305999, 5.68347311], [0.059583999, 5.68347311], [0.059583999, 5.683195114], [0.059305999, 5.683195114], [0.059305999, 5.682917118], [0.05875, 5.682917118], [0.05875, 5.682639122], [0.058194, 5.682639122], [0.058194, 5.682361126], [0.057918001, 5.682361126], [0.057918001, 5.68208313], [0.057640001, 5.68208313], [0.057640001, 5.681807041], [0.057084002, 5.681807041], [0.057084002, 5.681529045], [0.056249, 5.681529045], [0.056249, 5.681251049], [0.055971, 5.681251049], [0.055971, 5.680973053], [0.055139001, 5.680973053], [0.055139001, 5.680695057], [0.054026999, 5.680695057], [0.054026999, 5.680416107], [0.053748999, 5.680416107], [0.053748999, 5.680138111], [0.053470999, 5.680138111], [0.053470999, 5.679860115], [0.053195, 5.679860115], [0.053195, 5.67958498], [0.052639, 5.67958498], [0.052639, 5.679306984], [0.052083001, 5.679306984], [0.052083001, 5.679028034], [0.050972998, 5.679028034], [0.050972998, 5.678750038], [0.050138999, 5.678750038], [0.050138999, 5.678472042], [0.049860999, 5.678472042], [0.049860999, 5.678194046], [0.049027, 5.678194046], [0.049027, 5.67791605], [0.048473001, 5.67791605], [0.048473001, 5.677638054], [0.047917001, 5.677638054], [0.047917001, 5.677360058], [0.047361001, 5.677360058], [0.047361001, 5.677083969], [0.047083002, 5.677083969], [0.047083002, 5.676805973], [0.046526998, 5.676805973], [0.046526998, 5.676527977], [0.046250999, 5.676527977], [0.046250999, 5.676249981], [0.045972999, 5.676249981], [0.045972999, 5.675971985], [0.045694999, 5.675971985], [0.045694999, 5.674860001], [0.045417, 5.674860001], [0.045417, 5.674583912], [0.045139, 5.674583912], [0.045139, 5.674305916], [0.044861, 5.674305916], [0.044861, 5.67402792], [0.044583, 5.67402792], [0.044583, 5.673749924], [0.044303998, 5.673749924], [0.044303998, 5.673193932], [0.044029001, 5.673193932], [0.044029001, 5.672915936], [0.043751001, 5.672915936], [0.043751001, 5.672083855], [0.043473002, 5.672083855], [0.043473002, 5.670693874], [0.043751001, 5.670693874], [0.043751001, 5.67013979], [0.044029001, 5.67013979], [0.044029001, 5.669861794], [0.044303998, 5.669861794], [0.044303998, 5.669027805], [0.044029001, 5.669027805], [0.044029001, 5.668749809], [0.043751001, 5.668749809], [0.043751001, 5.668125153], [0.043751001, 5.667918205], [0.043450002, 5.667955875], [0.043473002, 5.667084217], [0.043195002, 5.667084217], [0.043195002, 5.66680479], [0.042916, 5.66680479], [0.042916, 5.665970802], [0.042638, 5.665970802], [0.042638, 5.663749218], [0.042916, 5.663749218], [0.042916, 5.663195133], [0.043195002, 5.663195133], [0.043195002, 5.662917137], [0.043473002, 5.662917137], [0.043473002, 5.662639141], [0.043751001, 5.662639141], [0.043751001, 5.662361145], [0.044029001, 5.662361145], [0.044029001, 5.662083149], [0.043195002, 5.662083149], [0.043195002, 5.661805153], [0.042082001, 5.661805153], [0.042082001, 5.661527157], [0.041807, 5.661527157], [0.041807, 5.661251068], [0.041528001, 5.661251068], [0.041528001, 5.660973072], [0.041250002, 5.660973072], [0.041250002, 5.66041708], [0.040972002, 5.66041708], [0.040972002, 5.660139084], [0.040415999, 5.660139084], [0.040415999, 5.659861088], [0.039691001, 5.659861088], [0.03875, 5.659861088], [0.03875, 5.659583092], [0.037638001, 5.659583092], [0.037638001, 5.659305096], [0.037360001, 5.659305096], [0.037360001, 5.6590271], [0.036805999, 5.6590271], [0.036805999, 5.658751011], [0.036527999, 5.658751011], [0.036527999, 5.658473015], [0.035971999, 5.658473015], [0.035971999, 5.658195019], [0.035138, 5.658195019], [0.035138, 5.657917023], [0.034306001, 5.657917023], [0.034306001, 5.657639027], [0.033750001, 5.657639027], [0.033750001, 5.657361031], [0.033472002, 5.657361031], [0.033472002, 5.657083035], [0.033194002, 5.657083035], [0.033194002, 5.656805038], [0.032917999, 5.656805038], [0.032915998, 5.656250954], [0.032639999, 5.656250954], [0.032639999, 5.655972958], [0.032361999, 5.655972958], [0.032361999, 5.654582024], [0.032639999, 5.654582024], [0.032639999, 5.654304028], [0.032361999, 5.654304028], [0.032361999, 5.653750896], [0.032083999, 5.653750896], [0.032083999, 5.6534729], [0.031528, 5.6534729], [0.031528, 5.653193951], [0.03125, 5.653193951], [0.03125, 5.652915955], [0.030415, 5.652915955], [0.030415, 5.652637959], [0.029862, 5.652637959], [0.029862, 5.652359962], [0.029584, 5.652359962], [0.029584, 5.652084827], [0.029305, 5.652084827], [0.029305, 5.651805878], [0.029027, 5.651805878], [0.029027, 5.651527882], [0.028749, 5.651527882], [0.028749, 5.651249886], [0.028471, 5.651249886], [0.028471, 5.650971889], [0.028196, 5.650971889], [0.028196, 5.650415897], [0.027917, 5.650415897], [0.027917, 5.648471832], [0.028196, 5.648471832], [0.028196, 5.646203995], [0.028196, 5.645693779], [0.027907999, 5.645698071], [0.027917, 5.644584179], [0.027639, 5.644584179], [0.027639, 5.644306183], [0.027361, 5.644306183], [0.027361, 5.64472723], [0.027361, 5.645137787], [0.027083, 5.645137787], [0.027083, 5.645415783], [0.026249001, 5.645415783], [0.026249001, 5.645137787], [0.025695, 5.645137787], [0.025695, 5.644862175], [0.025417, 5.644862175], [0.025417, 5.644584179], [0.025139, 5.644584179], [0.025139, 5.644306183], [0.024583001, 5.644306183], [0.024583001, 5.644028187], [0.022082999, 5.644028187], [0.022082999, 5.643750191], [0.021805, 5.643750191], [0.021805, 5.643194199], [0.020695001, 5.643194199], [0.020695001, 5.642916203], [0.020416999, 5.642916203], [0.020416999, 5.644306183], [0.020138999, 5.644306183], [0.020138999, 5.644584179], [0.019583, 5.644584179], [0.019583, 5.644306183], [0.019305, 5.644306183], [0.019305, 5.643750191], [0.019029001, 5.643750191], [0.019029001, 5.643472195], [0.018750999, 5.643472195], [0.018750999, 5.643194199], [0.017082, 5.643194199], [0.017082, 5.642916203], [0.016806999, 5.642916203], [0.016806999, 5.64152813], [0.017082, 5.64152813], [0.017082, 5.640971184], [0.017361, 5.640971184], [0.017361, 5.638471127], [0.017639, 5.638471127], [0.017639, 5.638195038], [0.018195, 5.638195038], [0.018195, 5.638471127], [0.018750999, 5.638471127], [0.018750999, 5.63736105], [0.019029001, 5.63736105], [0.019029001, 5.637083054], [0.019305, 5.637083054], [0.019305, 5.636805058], [0.019583, 5.636805058], [0.019583, 5.635694981], [0.018472999, 5.635694981], [0.018472999, 5.635416985], [0.018195, 5.635416985], [0.018195, 5.634027004], [0.018472999, 5.634027004], [0.018472999, 5.633749008], [0.018750999, 5.633749008], [0.018750999, 5.633562088], [0.018750999, 5.633472919], [0.019029001, 5.633471012], [0.019029001, 5.632360935], [0.018750999, 5.632360935], [0.018750999, 5.632082939], [0.018472999, 5.632082939], [0.018472999, 5.631804943], [0.018195, 5.631804943], [0.018195, 5.630972862], [0.017917, 5.630972862], [0.017917, 5.630694866], [0.017639, 5.630694866], [0.017639, 5.629860878], [0.017082, 5.629860878], [0.017082, 5.630138874], [0.016528999, 5.630138874], [0.016528999, 5.63041687], [0.016806999, 5.63041687], [0.016806999, 5.630972862], [0.017082, 5.630972862], [0.017082, 5.631250858], [0.017361, 5.631250858], [0.017361, 5.631528854], [0.017639, 5.631528854], [0.017635999, 5.633200169], [0.017380999, 5.633194923], [0.017361, 5.633472919], [0.017082, 5.633472919], [0.017082, 5.634027004], [0.016806999, 5.634027004], [0.016806999, 5.634305], [0.016251, 5.634305], [0.016251, 5.635138988], [0.015973, 5.635138988], [0.015973, 5.636527061], [0.015694, 5.636527061], [0.015694, 5.636805058], [0.014582, 5.636805058], [0.014582, 5.636527061], [0.014306, 5.636527061], [0.014306, 5.636249065], [0.014028, 5.636249065], [0.014028, 5.635694981], [0.013194, 5.635694981], [0.013194, 5.635416985], [0.012916, 5.635416985], [0.012916, 5.635138988], [0.012638, 5.635138988], [0.012638, 5.634582996], [0.01236, 5.634582996], [0.01236, 5.633194923], [0.012084, 5.633194923], [0.012084, 5.632916927], [0.011806, 5.632916927], [0.011806, 5.632638931], [0.011528, 5.632638931], [0.011528, 5.632360935], [0.01125, 5.632360935], [0.01125, 5.632082939], [0.010972, 5.632082939], [0.010972, 5.631250858], [0.010416, 5.631250858], [0.010416, 5.630972862], [0.010138, 5.630972862], [0.010138, 5.630694866], [0.009862, 5.630694866], [0.009862, 5.63041687], [0.009584, 5.63041687], [0.009584, 5.630138874], [0.009306, 5.630138874], [0.009306, 5.629582882], [0.009028, 5.629582882], [0.009028, 5.629028797], [0.00875, 5.629028797], [0.00875, 5.628750801], [0.008194, 5.628750801], [0.008194, 5.628472805], [0.007638, 5.628472805], [0.007638, 5.628194809], [0.007362, 5.628194809], [0.007362, 5.62739706], [0.007362, 5.627081871], [0.007638, 5.627081871], [0.007638, 5.626807213], [0.007916, 5.626803875], [0.007916, 5.626529217], [0.009028, 5.626529217], [0.009028, 5.626251221], [0.009306, 5.626251221], [0.009306, 5.625971794], [0.009584, 5.625971794], [0.009584, 5.625415802], [0.009028, 5.625415802], [0.009028, 5.625137806], [0.00875, 5.625137806], [0.00875, 5.62485981], [0.008472, 5.62485981], [0.008472, 5.624581814], [0.008194, 5.624581814], [0.008194, 5.624306202], [0.007916, 5.624306202], [0.007916, 5.623472214], [0.007638, 5.623472214], [0.007638, 5.623194218], [0.007362, 5.623194218], [0.007362, 5.622916222], [0.007084, 5.622916222], [0.007084, 5.622638226], [0.00625, 5.622638226], [0.00625, 5.62375021], [0.006528, 5.62375021], [0.006528, 5.624306202], [0.00625, 5.624306202], [0.00625, 5.624581814], [0.003745, 5.624581814], [0.003193, 5.624581814], [0.003193, 5.62485981], [0.002083, 5.62485981], [0.002083, 5.625137806], [0.001805, 5.625137806], [0.001805, 5.625415802], [0.001527, 5.625415802], [0.001527, 5.625971794], [0.001249, 5.625971794], [0.001249, 5.626251221], [0.000695, 5.626251221], [0.000695, 5.626529217], [0.000139, 5.626529217], [-0.000139, 5.626529217], [-0.000417, 5.626529217], [-0.000417, 5.626251221], [-0.000417, 5.625971794], [-0.000695, 5.625971794], [-0.000695, 5.62485981], [-0.000417, 5.62485981], [-0.000417, 5.624306202], [-0.001251, 5.624306202], [-0.001251, 5.624028206], [-0.002639, 5.624028206], [-0.002639, 5.62375021], [-0.003195, 5.62375021], [-0.003195, 5.623472214], [-0.003749, 5.623472214], [-0.003749, 5.623194218], [-0.004027, 5.623194218], [-0.004027, 5.622916222], [-0.004305, 5.622916222], [-0.004305, 5.623194218], [-0.004583, 5.623194218], [-0.004583, 5.622638226], [-0.004861, 5.622638226], [-0.004861, 5.622362137], [-0.005139, 5.622362137], [-0.005139, 5.622638226], [-0.005973, 5.622638226], [-0.005973, 5.622362137], [-0.007361, 5.622362137], [-0.007361, 5.622084141], [-0.008471, 5.622084141], [-0.008471, 5.621806145], [-0.009583, 5.621806145], [-0.009583, 5.621528149], [-0.01014, 5.621528149], [-0.01014, 5.621250153], [-0.010693, 5.621250153], [-0.010693, 5.620972157], [-0.011249, 5.620972157], [-0.011249, 5.62069416], [-0.011528, 5.62069416], [-0.011528, 5.620416164], [-0.012362, 5.620416164], [-0.012362, 5.620140076], [-0.01264, 5.620140076], [-0.01264, 5.61986208], [-0.012916, 5.61986208], [-0.012918, 5.619584084], [-0.013194, 5.619584084], [-0.013194, 5.619306087], [-0.013472, 5.619306087], [-0.013472, 5.619028091], [-0.01375, 5.619028091], [-0.01375, 5.618472099], [-0.014028, 5.618472099], [-0.014028, 5.618194103], [-0.014306, 5.618194103], [-0.014306, 5.617916107], [-0.014862, 5.617916107], [-0.014862, 5.617640018], [-0.016249999, 5.617640018], [-0.016249999, 5.617362022], [-0.016806001, 5.617362022], [-0.016806001, 5.617084026], [-0.017362, 5.617084026], [-0.017362, 5.61680603], [-0.017638, 5.61680603], [-0.017638, 5.616528034], [-0.018193999, 5.616528034], [-0.018193999, 5.616250038], [-0.018750001, 5.616250038], [-0.018750001, 5.615972042], [-0.019306, 5.615972042], [-0.019306, 5.615694046], [-0.019584, 5.615694046], [-0.019584, 5.61541605], [-0.021528, 5.61541605], [-0.021528, 5.615139961], [-0.022638001, 5.615139961], [-0.022638001, 5.614861965], [-0.023194, 5.614861965], [-0.023194, 5.614583969], [-0.024307, 5.614583969], [-0.024307, 5.614305973], [-0.02486, 5.614305973], [-0.02486, 5.614027977], [-0.026250999, 5.614027977], [-0.026250999, 5.613749027], [-0.026528999, 5.613749027], [-0.026528999, 5.613471031], [-0.027083, 5.613471031], [-0.027083, 5.613193035], [-0.029860999, 5.613193035], [-0.029860999, 5.6129179], [-0.030417001, 5.6129179], [-0.030417001, 5.613193035], [-0.030973, 5.613193035], [-0.030973, 5.6129179], [-0.032639001, 5.6129179], [-0.032639001, 5.612639904], [-0.037918001, 5.612639904], [-0.037918001, 5.612360954], [-0.039584, 5.612360954], [-0.039584, 5.612082958], [-0.042362001, 5.612082958], [-0.042362001, 5.611804962], [-0.042916, 5.611804962], [-0.042916, 5.611526966], [-0.043471999, 5.611526966], [-0.043471999, 5.61124897], [-0.044027999, 5.61124897], [-0.044027999, 5.610972881], [-0.044861998, 5.610972881], [-0.044861998, 5.610694885], [-0.045694001, 5.610694885], [-0.045694001, 5.610416889], [-0.046528, 5.610416889], [-0.046528, 5.610138893], [-0.047084, 5.610138893], [-0.047084, 5.609860897], [-0.048193999, 5.609860897], [-0.048193999, 5.609582901], [-0.049582001, 5.609582901], [-0.049582001, 5.609304905], [-0.050138, 5.609304905], [-0.050138, 5.609026909], [-0.050416, 5.609026909], [-0.050416, 5.608748913], [-0.051529001, 5.608748913], [-0.051529001, 5.608472824], [-0.052081998, 5.608472824], [-0.052081998, 5.608194828], [-0.052361, 5.608194828], [-0.052361, 5.607916832], [-0.053472999, 5.607916832], [-0.053472999, 5.607638836], [-0.054028999, 5.607638836], [-0.054028999, 5.60736084], [-0.057082999, 5.60736084], [-0.057082999, 5.607082844], [-0.057638999, 5.607082844], [-0.057638999, 5.606804848], [-0.058749001, 5.606804848], [-0.058750998, 5.606526852], [-0.059305001, 5.606526852], [-0.059305001, 5.606248856], [-0.059861001, 5.606248856], [-0.059861001, 5.605972767], [-0.060139, 5.605972767], [-0.060139, 5.605694771], [-0.060417, 5.605694771], [-0.060417, 5.605138779], [-0.060695, 5.605138779], [-0.060695, 5.604860783], [-0.060973, 5.604860783], [-0.060973, 5.60430479], [-0.061248999, 5.60430479], [-0.061248999, 5.603240013], [-0.061248999, 5.602639198], [-0.061526999, 5.602639198], [-0.061526999, 5.602083206], [-0.061804999, 5.602083206], [-0.061804999, 5.601807117], [-0.062082998, 5.601807117], [-0.062082998, 5.600973129], [-0.062360998, 5.600973129], [-0.062360998, 5.600417137], [-0.062638998, 5.600417137], [-0.062638998, 5.599582195], [-0.062917002, 5.599582195], [-0.062917002, 5.59930706], [-0.064026996, 5.59930706], [-0.064026996, 5.599029064], [-0.064584002, 5.599029064], [-0.064584002, 5.598750114], [-0.065417998, 5.598750114], [-0.065417998, 5.598472118], [-0.066249996, 5.598472118], [-0.066249996, 5.598194122], [-0.066528, 5.598194122], [-0.066528, 5.597916126], [-0.067084, 5.597916126], [-0.067084, 5.59763813], [-0.067362003, 5.59763813], [-0.067362003, 5.597084045], [-0.067918003, 5.597084045], [-0.067918003, 5.596806049], [-0.068471998, 5.596806049], [-0.068471998, 5.596528053], [-0.068750001, 5.596528053], [-0.068750001, 5.596250057], [-0.069027998, 5.596250057], [-0.069027998, 5.595972061], [-0.069306001, 5.595972061], [-0.069306001, 5.595416069], [-0.069583997, 5.595416069], [-0.069583997, 5.594860077], [-0.070138, 5.594860077], [-0.070138, 5.594583988], [-0.070416003, 5.594583988], [-0.070416003, 5.594305992], [-0.070694, 5.594305992], [-0.070694, 5.593194008], [-0.070972003, 5.593194008], [-0.070972003, 5.592916012], [-0.071249999, 5.592916012], [-0.071249999, 5.592638016], [-0.071528003, 5.592638016], [-0.071528003, 5.592361927], [-0.071805999, 5.592361927], [-0.071805999, 5.592083931], [-0.072084002, 5.592083931], [-0.072084002, 5.591805935], [-0.072360002, 5.591805935], [-0.072360002, 5.591249943], [-0.072637998, 5.591249943], [-0.072637998, 5.590971947], [-0.072916001, 5.590971947], [-0.072916001, 5.590693951], [-0.073193997, 5.590693951], [-0.073193997, 5.590417862], [-0.073749997, 5.590415955], [-0.073749997, 5.590139866], [-0.074305996, 5.590139866], [-0.074305996, 5.58986187], [-0.074584, 5.58986187], [-0.074584, 5.589583874], [-0.075138003, 5.589583874], [-0.075138003, 5.589305878], [-0.075415999, 5.589305878], [-0.075415999, 5.589027882], [-0.075971998, 5.589027882], [-0.075971998, 5.588749886], [-0.076527998, 5.588749886], [-0.076527998, 5.588471889], [-0.077082001, 5.588471889], [-0.077082001, 5.588193893], [-0.077915996, 5.588193893], [-0.077915996, 5.587917805], [-0.078473002, 5.587917805], [-0.078473002, 5.587639809], [-0.079029001, 5.587639809], [-0.079029001, 5.587361813], [-0.079861, 5.587361813], [-0.079861, 5.587083817], [-0.080417, 5.587083817], [-0.080417, 5.58680582], [-0.080695003, 5.58680582], [-0.080695003, 5.586526871], [-0.081821002, 5.586526871], [-0.082360998, 5.586526871], [-0.082327001, 5.58625412], [-0.082639001, 5.586248875], [-0.082639001, 5.585970879], [-0.082916997, 5.585970879], [-0.082952999, 5.585748196], [-0.083163001, 5.585634232]], [[0.6821014817606961, 5.780972004], [0.681527972, 5.780972004], [0.681527972, 5.7810875978991705], [0.67791599, 5.781815611808831], [0.67791599, 5.781805992], [0.677362025, 5.781805992], [0.677362025, 5.781527996], [0.676805973, 5.781527996], [0.676805973, 5.78125], [0.676249981, 5.78125], [0.676249981, 5.780972004], [0.675692976, 5.780972004], [0.675692976, 5.78092318337976], [0.683285435659017, 5.7807333718843426], [0.6821014817606961, 5.780972004]], [[0.674583018, 5.780306827994388], [0.674583018, 5.780139923], [0.6745321953248902, 5.780139923], [0.6852648061106495, 5.779879111782238], [0.674583018, 5.780306827994388]], [[0.673195004, 5.779860216567494], [0.673195004, 5.779845625564856], [0.6745345226046252, 5.7798021065137215], [0.673195004, 5.779860216567494]], [[0.672639012, 5.779347917613696], [0.672639012, 5.779310035107835], [0.6753866334477948, 5.77921036997884], [0.672639012, 5.779347917613696]], [[0.672639012, 5.779308092424358], [0.672639012, 5.779305935], [0.6726170390978459, 5.779305935], [0.6743652917957104, 5.7792436179797075], [0.672639012, 5.779308092424358]], [[0.528195024, 5.784416265526547], [0.528195024, 5.78442300524702], [0.5271810630676188, 5.7844530035947335], [0.528195024, 5.784416265526547]], [[0.527492426405309, 5.784483813987821], [0.528162878205723, 5.784463660489925], [0.5279016878611866, 5.784473957944614], [0.528195024, 5.784466893674043], [0.528195024, 5.784475843390917], [0.5271749371252107, 5.784502610162931], [0.5265911815904217, 5.784525624781559], [0.5240408264636897, 5.7846019810859115], [0.5258623765893977, 5.784537051355623], [0.5247527187087928, 5.784566168443822], [0.5266212303723012, 5.7845100017725475], [0.5270715706558134, 5.784493949250724], [0.527492426405309, 5.784483813987821]], [[0.528195024, 5.784462393138865], [0.528195024, 5.784462694200928], [0.528162878205723, 5.784463660489925], [0.528195024, 5.784462393138865]], [[0.528195024, 5.784477606575046], [0.528195024, 5.78449166166224], [0.5242182915009181, 5.784619176203692], [0.5265911815904217, 5.784525624781559], [0.528195024, 5.784477606575046]], [[0.524028003, 5.784626678346313], [0.524028003, 5.784625277833848], [0.5242182915009181, 5.784619176203692], [0.524028003, 5.784626678346313]], [[0.524028003, 5.78460243818233], [0.524028003, 5.784602365013736], [0.5240408264636897, 5.7846019810859115], [0.524028003, 5.78460243818233]], [[0.524028003, 5.784587953091882], [0.524028003, 5.784585184765502], [0.5247527187087928, 5.784566168443822], [0.524028003, 5.784587953091882]], [[0.5223016208919414, 5.784736547173071], [0.5222170018208767, 5.7847448455144], [0.5214749865209172, 5.7847634854564625], [0.5223016208919414, 5.784736547173071]], [[0.5221279443427632, 5.784753579117143], [0.522062013296813, 5.784760044779275], [0.5214864933607987, 5.7847744189457115], [0.5221279443427632, 5.784753579117143]], [[0.5190455535592107, 5.78513813], [0.5175924032975757, 5.785198366154074], [0.518206638, 5.78513813], [0.5190455535592107, 5.78513813]], [[0.49460050194703026, 5.786805835528967], [0.494583994, 5.78680706], [0.494583994, 5.786767526365149], [0.4987961483093959, 5.786452762148702], [0.49460050194703026, 5.786805835528967]], [[0.494583994, 5.786659582861184], [0.494583994, 5.786640798694279], [0.4950261501428125, 5.786620435196244], [0.494583994, 5.786659582861184]], [[0.494305998, 5.786522180209337], [0.494305998, 5.786515894639027], [0.49455007958212627, 5.786505156803558], [0.494305998, 5.786522180209337]], [[0.494028002, 5.786424770321509], [0.494028002, 5.786453554140195], [0.4931654435338477, 5.786492426732369], [0.494028002, 5.786424770321509]], [[0.46804781106895005, 5.788195133], [0.4668706403705839, 5.788195133], [0.4697124403281002, 5.7880642539230225], [0.46804781106895005, 5.788195133]], [[0.461805999, 5.7887783535091994], [0.461805999, 5.788788884095718], [0.4605306218572433, 5.788877834939258], [0.4581545413453857, 5.788972977077051], [0.4594938535596626, 5.788867675583984], [0.461805999, 5.7887783535091994]], [[0.461805999, 5.788826766759014], [0.461805999, 5.788952164300289], [0.4597025068534072, 5.789117155700287], [0.459304988, 5.789132946646804], [0.459304988, 5.789029121], [0.4583614824066087, 5.789029121], [0.4605306218572433, 5.788877834939258], [0.461805999, 5.788826766759014]], [[0.4609717214813628, 5.789066737713477], [0.45957008324514514, 5.789127542597408], [0.4597025068534072, 5.789117155700287], [0.4609717214813628, 5.789066737713477]], [[0.461528003, 5.789042605499972], [0.461528003, 5.7890446401157565], [0.4609717214813628, 5.789066737713477], [0.461528003, 5.789042605499972]], [[0.459304988, 5.789148335846244], [0.459304988, 5.789139042772842], [0.45957008324514514, 5.789127542597408], [0.459304988, 5.789148335846244]], [[0.45744045610713424, 5.789029121], [0.4567524025636091, 5.789029121], [0.4581545413453857, 5.788972977077051], [0.45744045610713424, 5.789029121]], [[0.455695003, 5.789071461002572], [0.455695003, 5.789166354735569], [0.45390467111986293, 5.789307117], [0.450417012, 5.789307117], [0.450417012, 5.78948601053912], [0.440972, 5.789861202], [0.4475913575540112, 5.789395944178878], [0.455695003, 5.789071461002572]], [[0.4412795424847638, 5.7899210099695235], [0.436250001, 5.790139198], [0.43662965749942173, 5.790112162504914], [0.4412795424847638, 5.7899210099695235]], [[0.450417012, 5.789524614695101], [0.450417012, 5.789545376922598], [0.4412795424847638, 5.7899210099695235], [0.450417012, 5.789524614695101]], [[0.066568761, 5.691804886], [0.066528, 5.691804886], [0.066528, 5.69152689], [0.066568761, 5.691804886]], [[0.053016874, 5.702355095], [0.061484139, 5.6949606], [0.065416001, 5.69152689], [0.053016874, 5.702355095]], [[0.490972012, 5.788912996679], [0.490972012, 5.788809266046728], [0.491250008, 5.788794863669743], [0.491250008, 5.788898843805436], [0.490972012, 5.788912996679]], [[0.439583987, 5.791529179], [0.4411524358456641, 5.791390311518715], [0.45050075332963607, 5.790905995224294], [0.45050500695480866, 5.790973186055475], [0.439583987, 5.791529179]], [[0.438472003, 5.791529179], [0.45047625355114873, 5.790518993452033], [0.4504791371461106, 5.790564543103075], [0.4411524358456641, 5.791390311518715], [0.438472003, 5.791529179]], [[0.434861988, 5.791251183], [0.43539275826865803, 5.791209841344897], [0.4504711943644783, 5.790439077863871], [0.45047313164848124, 5.790469679460653], [0.434861988, 5.791251183]], [[0.434583992, 5.791251183], [0.4414312196753502, 5.790739506053773], [0.43539275826865803, 5.791209841344897], [0.434583992, 5.791251183]], [[0.44576863914734605, 5.790401664787152], [0.44627166882534286, 5.790377790866714], [0.4414312196753502, 5.790739506053773], [0.44576863914734605, 5.790401664787152]], [[0.439583987, 5.79069519], [0.44424048038754566, 5.790329949100795], [0.45016780822752517, 5.7900590138483325], [0.44576863914734605, 5.790401664787152], [0.439583987, 5.79069519]], [[0.436250001, 5.79069519], [0.4389898091711891, 5.790479776530262], [0.434583992, 5.79069519], [0.43899788983005594, 5.790479141200102], [0.4394469829993964, 5.7904438318967495], [0.434305996, 5.79069519], [0.439646737452048, 5.790428126490731], [0.450417012, 5.789581329173019], [0.450417012, 5.789583206], [0.4504335337143311, 5.789844185205596], [0.4488667020431233, 5.789967082622358], [0.45043634500349544, 5.7898885927046075], [0.4504374770109343, 5.789906474045259], [0.4483186615857994, 5.790010069216082], [0.447883100215571, 5.79004423329907], [0.4504382803620997, 5.789919163887534], [0.45043833482262824, 5.789920024153314], [0.44785859930146554, 5.790046155074783], [0.44424048038754566, 5.790329949100795], [0.436250001, 5.79069519]], [[0.4504457632102637, 5.790037363956262], [0.4504463278355998, 5.790046282853462], [0.45016780822752517, 5.7900590138483325], [0.4504457632102637, 5.790037363956262]], [[0.4504475593838229, 5.790065736553633], [0.45045474622877657, 5.790179260916128], [0.44627166882534286, 5.790377790866714], [0.4504475593838229, 5.790065736553633]], [[-0.246410996, 5.662324905], [-0.247879038, 5.661174277], [-0.25445801, 5.65601778], [-0.251307205, 5.658487332], [-0.246410996, 5.662324905]], [[-0.249976076, 5.636838445], [-0.24819148, 5.623632436], [-0.249201449, 5.63110621], [-0.249976076, 5.636838445]], [[-0.179564768, 5.592164337], [-0.168955429, 5.59540608], [-0.181804518, 5.591479969], [-0.179564768, 5.592164337]], [[-0.090412997, 5.599518776], [-0.122042999, 5.630815983], [-0.113471365, 5.622334535], [-0.090412997, 5.599518776]], [[-0.246049965, 5.577946785], [-0.246763803, 5.587226683], [-0.246373642, 5.582154582], [-0.246049965, 5.577946785]], [[-0.244979208, 5.564026938], [-0.244219557, 5.554404696], [-0.24390845, 5.55046401], [-0.244979208, 5.564026938]], [[-0.249619157, 5.736210685], [-0.25724591797407775, 5.741957141980469], [-0.2572459179740776, 5.7419571419804685], [-0.249619157, 5.736210685]], [[0.475695014, 5.788070701768496], [0.475695014, 5.788179054659807], [0.4754798546953703, 5.788195133], [0.4740974872921275, 5.788195133], [0.475695014, 5.788070701768496]], [[0.479304999, 5.787789520316538], [0.479304999, 5.787909289115516], [0.4792127454854075, 5.787916183], [0.47767882350310187, 5.787916183], [0.479304999, 5.787789520316538]], [[0.47598289215579387, 5.787916183], [0.475936547952948, 5.787916183], [0.479304999, 5.7877588057618965], [0.479304999, 5.787761143601005], [0.47598289215579387, 5.787916183]], [[0.46451202608168696, 5.788473129], [0.46404893130174885, 5.788473129], [0.464861989, 5.788435184411581], [0.464861989, 5.788445613669801], [0.46451202608168696, 5.788473129]], [[0.464028001, 5.788633911150367], [0.464028001, 5.788692513827424], [0.4625108222314812, 5.788751125], [0.46234738889236515, 5.788751125], [0.464028001, 5.788633911150367]], [[0.464028001, 5.788737794176054], [0.464028001, 5.788751125], [0.4636950768959105, 5.788751125], [0.464028001, 5.788737794176054]], [[0.461528003, 5.789088614205444], [0.461528003, 5.789149771719008], [0.459304988, 5.789236490438172], [0.459304988, 5.7891800003267795], [0.461528003, 5.789088614205444]], [[0.455695003, 5.789215093905228], [0.455695003, 5.789276348851682], [0.45492045037719137, 5.789307117], [0.4543755759208665, 5.789307117], [0.455695003, 5.789215093905228]], [[0.4605993569995108, 5.789307117], [0.460417986, 5.789307117], [0.460417986, 5.78932067042097], [0.459861994, 5.789362218373247], [0.459861994, 5.789307117], [0.4598211346654229, 5.789307117], [0.461528003, 5.789174169157663], [0.461528003, 5.7892377215056205], [0.4605993569995108, 5.789307117]], [[0.460417986, 5.789389461245666], [0.460417986, 5.789418497357269], [0.459861994, 5.789445681455295], [0.459861994, 5.789417263597826], [0.460417986, 5.789389461245666]], [[0.455695003, 5.789295648602535], [0.455695003, 5.789307117], [0.45543064028181923, 5.789307117], [0.455695003, 5.789295648602535]], [[0.460417986, 5.789430683295227], [0.460417986, 5.789432089406282], [0.459861994, 5.789459273504308], [0.459861994, 5.789457897655182], [0.460417986, 5.789430683295227]], [[0.4929183027525189, 5.78680706], [0.49191844480555585, 5.78680706], [0.493194014, 5.786707706014273], [0.493194014, 5.786782649049904], [0.4929183027525189, 5.78680706]], [[0.4900147165347454, 5.7870641380079135], [0.48647518037722537, 5.787231035444593], [0.491806, 5.7868158183171925], [0.491806, 5.786905541172718], [0.4900147165347454, 5.7870641380079135]], [[0.4916407947997751, 5.786987464601514], [0.48930828655808023, 5.787161767363266], [0.490972012, 5.787085144499785], [0.490972012, 5.787111181380407], [0.4882328540810363, 5.7873416878773805], [0.48783681928265227, 5.787360191], [0.486804992, 5.787360191], [0.486804992, 5.787408398952461], [0.4853683079287985, 5.787475522199317], [0.4867679435682147, 5.787351601118626], [0.484860986, 5.787494103496427], [0.484860986, 5.787366587759066], [0.4884824668539366, 5.787199800483909], [0.4900147165347454, 5.7870641380079135], [0.4916407947997751, 5.786987464601514]], [[0.491806, 5.786975119212057], [0.491806, 5.786979674788607], [0.4916407947997751, 5.786987464601514], [0.491806, 5.786975119212057]], [[0.490972012, 5.787213711813013], [0.490972012, 5.787216655789977], [0.48815810966336504, 5.7873479777936225], [0.4882328540810363, 5.7873416878773805], [0.490972012, 5.787213711813013]], [[0.488012977524337, 5.787360191], [0.4878964111740782, 5.787360191], [0.48815810966336504, 5.7873479777936225], [0.488012977524337, 5.787360191]], [[0.4853049474345791, 5.7874811320171125], [0.484860986, 5.787501851252593], [0.484860986, 5.787499224762563], [0.4853683079287985, 5.787475522199317], [0.4853049474345791, 5.7874811320171125]], [[0.486804992, 5.787411126439689], [0.486804992, 5.787461845785831], [0.484860986, 5.787625438403129], [0.484860986, 5.787520439519157], [0.4853049474345791, 5.7874811320171125], [0.486804992, 5.787411126439689]], [[0.4848169998164521, 5.787360191], [0.48373606845673417, 5.787360191], [0.48647518037722537, 5.787231035444593], [0.4848169998164521, 5.787360191]], [[0.5039435233952868, 5.787139511578788], [0.5038204028958627, 5.787155266284079], [0.4961429702541218, 5.78745185844503], [0.5039435233952868, 5.787139511578788]], [[0.49355770838422636, 5.78755537654546], [0.4936190368840918, 5.787549362244444], [0.4961429702541218, 5.78745185844503], [0.49355770838422636, 5.78755537654546]], [[0.5024956558580026, 5.786678858873209], [0.5025646517497324, 5.78667209265315], [0.5104900077258822, 5.786301812480723], [0.5104413194781833, 5.786308042710434], [0.5024956558580026, 5.786678858873209]], [[0.491806, 5.787040999354366], [0.491806, 5.7870467351883335], [0.4916554426188934, 5.787053669107458], [0.491806, 5.787040999354366]], [[0.491316463347252, 5.787082195], [0.49103605499723024, 5.787082195], [0.4916554426188934, 5.787053669107458], [0.491316463347252, 5.787082195]], [[0.48987632987010193, 5.787916398233376], [0.4917704252309887, 5.787730650013887], [0.5031980354283273, 5.787234905467478], [0.5030012397622746, 5.787260087770471], [0.48987632987010193, 5.787916398233376]], [[0.4932708817021829, 5.787783693381884], [0.48975620461529146, 5.78792817855482], [0.4898396583179082, 5.787919994501899], [0.4932708817021829, 5.787783693381884]], [[0.49693595217029723, 5.787633025674064], [0.5020351432596545, 5.787383711096827], [0.5019095865924604, 5.7873997775382255], [0.49823703841997224, 5.787579539203716], [0.4986821319550319, 5.787561241814], [0.49786457731596423, 5.78760121448528], [0.4974911579747932, 5.787616048108375], [0.4884028673647604, 5.788060896257341], [0.4886197045753314, 5.788039631686077], [0.49638221777922203, 5.7876600993908935], [0.4932708817021829, 5.787783693381884], [0.49693595217029723, 5.787633025674064]], [[0.501863241514116, 5.787405707932063], [0.5015781450375961, 5.787442189354637], [0.4986821319550319, 5.787561241814], [0.501863241514116, 5.787405707932063]], [[0.5014477222954467, 5.787458878467136], [0.49994528917002873, 5.7876511323259265], [0.48771709048062645, 5.788128148328079], [0.4883432974482092, 5.7880667380993955], [0.49786457731596423, 5.78760121448528], [0.5014477222954467, 5.787458878467136]], [[0.483195007, 5.787579600823878], [0.483195007, 5.787618598122227], [0.4829328699093817, 5.787638187], [0.4819396516649562, 5.787638187], [0.483195007, 5.787579600823878]], [[0.4818866836178046, 5.787638187], [0.48124791165977904, 5.787638187], [0.483195007, 5.7874865278948056], [0.483195007, 5.787577060886673], [0.4818866836178046, 5.787638187]], [[0.478751004, 5.788752489969132], [0.478751004, 5.788836313101566], [0.477082998, 5.788915477103763], [0.477082998, 5.788828733706431], [0.478751004, 5.788752489969132]], [[0.481249005, 5.7886383075669], [0.481249005, 5.788717757319001], [0.480695009, 5.788744050114447], [0.480695009, 5.788663630452722], [0.481249005, 5.7886383075669]], [[0.4836201384334315, 5.788529924218998], [0.482917011, 5.788598878], [0.482917011, 5.788562063829601], [0.4836201384334315, 5.788529924218998]], [[0.482917011, 5.788638593316803], [0.4821322233362795, 5.788675839545136], [0.482917011, 5.788598878], [0.482917011, 5.788638593316803]], [[0.487084001, 5.7883715927576205], [0.487084001, 5.788440826878604], [0.485417008, 5.788519942803555], [0.485417008, 5.788473129], [0.48486266364817343, 5.788473129], [0.487084001, 5.7883715927576205]], [[0.493750006, 5.788066892933966], [0.493750006, 5.788124456533133], [0.489583999, 5.788322176317895], [0.489583999, 5.788257319073497], [0.493750006, 5.788066892933966]], [[0.4983334501432803, 5.787857385947069], [0.4977180680831606, 5.787936131266036], [0.49513799, 5.7880585824484925], [0.49513799, 5.788003448865136], [0.4983334501432803, 5.787857385947069]], [[0.480417013, 5.788757243877512], [0.480417013, 5.788751125], [0.48054593933167117, 5.788751125], [0.480417013, 5.788757243877512]], [[0.478751004, 5.788993500591871], [0.478751004, 5.789007426], [0.47777934544014167, 5.789102713451954], [0.47597301, 5.789193139725103], [0.47597301, 5.78913550313856], [0.478751004, 5.788993500591871]], [[0.4790476025411265, 5.788978339382672], [0.480417013, 5.788908339313333], [0.480417013, 5.788970670176966], [0.47924941215264283, 5.789029121], [0.478751004, 5.789029121], [0.478751004, 5.789007426], [0.4790476025411265, 5.788978339382672]], [[0.482639015, 5.788794757375161], [0.482639015, 5.7888594353778675], [0.481527001, 5.788915103488826], [0.481527001, 5.788851600125705], [0.482639015, 5.788794757375161]], [[0.486526996, 5.78859601569196], [0.486526996, 5.78866480063612], [0.485417008, 5.78872036732426], [0.485417008, 5.788652754879588], [0.486526996, 5.78859601569196]], [[0.492915988, 5.7882694299848705], [0.492915988, 5.788344963731579], [0.4903557866505267, 5.788473129], [0.489583999, 5.788473129], [0.489583999, 5.7884397510595536], [0.492915988, 5.7882694299848705]], [[0.4965750998948022, 5.788082387389499], [0.495694011, 5.788195133], [0.495694011, 5.788205894176153], [0.495415986, 5.788219812280196], [0.495415986, 5.788195133], [0.49513799, 5.788195133], [0.49513799, 5.788155848046698], [0.4965750998948022, 5.788082387389499]], [[0.5154851772423696, 5.7854050154899515], [0.516497039075567, 5.785305785236361], [0.5191899458298577, 5.785188553831517], [0.5185145866384732, 5.7852749739246425], [0.5154851772423696, 5.7854050154899515]], [[0.5176091927308851, 5.785390829645283], [0.5164195624649269, 5.785543056726339], [0.5121721829180335, 5.785729910901718], [0.5139467666675763, 5.7855558827985645], [0.5176091927308851, 5.785390829645283]], [[0.5153998222060009, 5.785673544397587], [0.5152950508312687, 5.785686951118154], [0.5102329407435241, 5.785920086562502], [0.5103881691973664, 5.785904863773842], [0.5153998222060009, 5.785673544397587]], [[0.5130037336906307, 5.785980151896642], [0.5119009931772857, 5.786121260419443], [0.5048880978896311, 5.786444239262399], [0.5064871678552759, 5.786287423269351], [0.5130037336906307, 5.785980151896642]], [[0.5271046702253911, 5.78458002585165], [0.524028003, 5.784680287994772], [0.524028003, 5.784668013434465], [0.5271046702253911, 5.78458002585165]], [[0.528195024, 5.784544493505057], [0.528195024, 5.784545156205207], [0.5277169116706693, 5.784562516761155], [0.5271046702253911, 5.78458002585165], [0.528195024, 5.784544493505057]], [[0.528195024, 5.784548843541047], [0.528195024, 5.784549486382332], [0.5263502205721333, 5.784616403377669], [0.5252353170541204, 5.784652625004634], [0.5277169116706693, 5.784562516761155], [0.528195024, 5.784548843541047]], [[0.528195024, 5.784556468342476], [0.528195024, 5.784582138], [0.52847302, 5.784584045], [0.52847302, 5.7845863348968924], [0.528384266683297, 5.784589919517956], [0.524143297719252, 5.784696455617394], [0.5263502205721333, 5.784616403377669], [0.528195024, 5.784556468342476]], [[0.52847302, 5.784587689972715], [0.52847302, 5.784591054910967], [0.527895990199329, 5.784614335569678], [0.52847302, 5.784599923692913], [0.52847302, 5.7846036823562015], [0.5276501534306636, 5.784624254020862], [0.5266971660245655, 5.784662702944178], [0.5261992350619877, 5.784678169857963], [0.5273457261325045, 5.784631864703474], [0.524028003, 5.7847148077835095], [0.524028003, 5.784710942287011], [0.5275913532129584, 5.784621944172735], [0.528384266683297, 5.784589919517956], [0.52847302, 5.784587689972715]], [[0.52847302, 5.7846075407180955], [0.52847302, 5.784630352226935], [0.524028003, 5.784819334996452], [0.524028003, 5.784770392136915], [0.5266971660245655, 5.784662702944178], [0.52847302, 5.7846075407180955]], [[0.524028003, 5.7847658628532646], [0.524028003, 5.7847456134628645], [0.5261992350619877, 5.784678169857963], [0.524028003, 5.7847658628532646]], [[0.524028003, 5.784700637730281], [0.524028003, 5.784699351901186], [0.524143297719252, 5.784696455617394], [0.524028003, 5.784700637730281]], [[0.524028003, 5.784696463328597], [0.524028003, 5.784691848918266], [0.5252353170541204, 5.784652625004634], [0.524028003, 5.784696463328597]], [[0.52847302, 5.784690284846862], [0.52847302, 5.784692516371593], [0.524028003, 5.7848585323345025], [0.524028003, 5.784839668723958], [0.52847302, 5.784690284846862]], [[0.524028003, 5.784977936721265], [0.524028003, 5.784931596924858], [0.52847302, 5.784747341561912], [0.52847302, 5.784784429988574], [0.524028003, 5.784977936721265]], [[0.52847302, 5.78484749447468], [0.52847302, 5.784901233700823], [0.524028003, 5.785101555580244], [0.524028003, 5.785038302943568], [0.52847302, 5.78484749447468]], [[0.52847302, 5.785012791219494], [0.52847302, 5.785070133915225], [0.526999849925116, 5.78513813], [0.5256239460006182, 5.78513813], [0.52847302, 5.785012791219494]], [[0.52847302, 5.785080039841136], [0.52847302, 5.78513813], [0.528195024, 5.78513813], [0.5272116983678233, 5.78513813], [0.52847302, 5.785080039841136]], [[0.683471978, 5.780694008], [0.675692976, 5.7808894219579], [0.675692976, 5.780881900082752], [0.683471978, 5.780694008]], [[0.680140018, 5.782638073], [0.679305971, 5.782638073], [0.679305971, 5.782360077], [0.678471982, 5.782360077], [0.678471982, 5.782083988], [0.6779224850568855, 5.782083988], [0.681249976, 5.781417300879436], [0.681249976, 5.781527996], [0.68097198, 5.781527996], [0.68097198, 5.781805992], [0.680693984, 5.781805992], [0.680693984, 5.782083988], [0.680415988, 5.782083988], [0.680415988, 5.782360077], [0.680140018, 5.782360077], [0.680140018, 5.782638073]]], [[[0.5072292325649761, 5.784860512696654], [0.4222740171684298, 5.787002918689494], [0.4969589488996659, 5.785198997393006], [0.505968922572229, 5.78495387557455], [0.5072292325649761, 5.784860512696654]]], [[[0.48830611536208085, 5.785603130943221], [0.48974415768430835, 5.785560586016458], [0.4494475842177266, 5.786572864058153], [0.449138703147318, 5.786581374904609], [0.48830611536208085, 5.785603130943221]]], [[[0.5073399228059153, 5.784852312841453], [0.507579731996282, 5.7848345479452865], [0.395972997, 5.787638187], [0.4211641374238971, 5.787029726449256], [0.5073399228059153, 5.784852312841453]]], [[[0.469961969372389, 5.786003861185726], [0.5047658994928994, 5.78504299467819], [0.5054181593993526, 5.78499467572305], [0.4969589488996659, 5.785198997393006], [0.41263123047574696, 5.787493184306022], [0.4245152199896979, 5.787196370186278], [0.469961969372389, 5.786003861185726]]], [[[0.4483854004483928, 5.786599546855558], [0.4494475842177266, 5.786572864058153], [0.4728184198319852, 5.7859289087869525], [0.469961969372389, 5.786003861185726], [0.4483854004483928, 5.786599546855558]]], [[[0.4469202753653745, 5.786642501014412], [0.449138703147318, 5.786581374904609], [0.4481412871270747, 5.7866062863333605], [0.4459597640132358, 5.786666513798714], [0.4469202753653745, 5.786642501014412]]], [[[0.4439460672067521, 5.786711066004053], [0.4481412871270747, 5.7866062863333605], [0.4483854004483928, 5.786599546855558], [0.4439460672067521, 5.786711066004053]]], [[[0.4220020336416814, 5.787262315438266], [0.4439460672067521, 5.786711066004053], [0.4245152199896979, 5.787196370186278], [0.4220020336416814, 5.787262315438266]]], [[[0.4211641374238971, 5.787029726449256], [0.397083014, 5.787638187], [0.4222740171684298, 5.787002918689494], [0.4211641374238971, 5.787029726449256]]], [[[0.47553549432749426, 5.787341661902459], [0.4776282663434076, 5.787192634748602], [0.4748376428257057, 5.78731839871032], [0.4724794464968851, 5.7874761060440765], [0.47553549432749426, 5.787341661902459]]], [[[0.40966477052816974, 5.787573888654687], [0.4194678420200589, 5.7873288118623], [0.4220020336416814, 5.787262315438266], [0.41045739855967184, 5.7875523247265885], [0.40966477052816974, 5.787573888654687]]], [[[0.47896432607756206, 5.787190817947474], [0.47553549432749426, 5.787341661902459], [0.46867544127049976, 5.787830169095127], [0.47214930803352423, 5.78766982824722], [0.47896432607756206, 5.787190817947474]]], [[[0.47214930803352423, 5.78766982824722], [0.47197599711808225, 5.787682009831043], [0.47824815536124266, 5.787393145627441], [0.4783965395434068, 5.787381479134921], [0.47214930803352423, 5.78766982824722]]], [[[0.46837137648708627, 5.787609811459875], [0.4665271526476909, 5.787737964196034], [0.47110495436413413, 5.787536573819842], [0.47282680385960646, 5.787409020420181], [0.46837137648708627, 5.787609811459875]]], [[[0.46673831329099097, 5.787860051519515], [0.4724794464968851, 5.7874761060440765], [0.47110495436413413, 5.787536573819842], [0.46673831329099097, 5.787860051519515]]], [[[0.46852247969880984, 5.787841061551402], [0.46867544127049976, 5.787830169095127], [0.4646064414941939, 5.788017979082892], [0.4644838486047849, 5.788027060677921], [0.46852247969880984, 5.787841061551402]]], [[[0.46386532162563854, 5.78805218643632], [0.4646064414941939, 5.788017979082892], [0.46673831329099097, 5.787860051519515], [0.46386532162563854, 5.78805218643632]]], [[[0.47359021813648444, 5.788027846699978], [0.47365456867753514, 5.788022799243121], [0.4710359495759913, 5.788145143619243], [0.4709532551010043, 5.788150911123661], [0.47359021813648444, 5.788027846699978]]], [[[0.47197599711808225, 5.787682009831043], [0.46852247969880984, 5.787841061551402], [0.45869268338236663, 5.788541045379975], [0.46191785981020317, 5.7883889707423135], [0.47197599711808225, 5.787682009831043]]], [[[0.45820614555478456, 5.788316180247563], [0.463703924222886, 5.788062980089823], [0.46386532162563854, 5.78805218643632], [0.45832560018861757, 5.788307879499115], [0.45820614555478456, 5.788316180247563]]], [[[0.45144603143460144, 5.7888827420263045], [0.45553676502582763, 5.788689854337035], [0.4644838486047849, 5.788027060677921], [0.463703924222886, 5.788062980089823], [0.45144603143460144, 5.7888827420263045]]], [[[0.45747134123688127, 5.788628017655236], [0.45869268338236663, 5.788541045379975], [0.45553676502582763, 5.788689854337035], [0.4545640303535678, 5.788761913837439], [0.45747134123688127, 5.788628017655236]]], [[[0.4605039495762159, 5.788488350899581], [0.45747134123688127, 5.788628017655236], [0.4513104303585613, 5.789066738646523], [0.45418745219698975, 5.788932321448656], [0.4605039495762159, 5.788488350899581]]], [[[0.4471118358950483, 5.789087109517814], [0.44634306829014686, 5.789140530187222], [0.45035237862394556, 5.788955881428108], [0.45144603143460144, 5.7888827420263045], [0.4471118358950483, 5.789087109517814]]], [[[0.4426314170138839, 5.789472230408336], [0.4489784029908811, 5.789175693184137], [0.4545640303535678, 5.788761913837439], [0.45035237862394556, 5.788955881428108], [0.4426314170138839, 5.789472230408336]]], [[[0.45127443269004347, 5.789069302055267], [0.4513104303585613, 5.789066738646523], [0.4489784029908811, 5.789175693184137], [0.4489505930970559, 5.789177753321513], [0.45127443269004347, 5.789069302055267]]], [[[0.454143719291176, 5.78893539532347], [0.45127443269004347, 5.789069302055267], [0.4477167855441471, 5.789322643568124], [0.4497538419419626, 5.789243948646632], [0.454143719291176, 5.78893539532347]]], [[[0.440972, 5.789583206], [0.4462077797594705, 5.789380939004562], [0.4489505930970559, 5.789177753321513], [0.44261001224099705, 5.789473661879338], [0.440972, 5.789583206]]], [[[0.4441393099484937, 5.78953416979342], [0.44552618745426104, 5.789478636956844], [0.4477167855441471, 5.789322643568124], [0.4462077797594705, 5.789380939004562], [0.4441393099484937, 5.78953416979342]]], [[[0.43937918961276295, 5.7896244411354045], [0.44261001224099705, 5.789473661879338], [0.4426314170138839, 5.789472230408336], [0.43939076599565524, 5.789623636707487], [0.43937918961276295, 5.7896244411354045]]], [[[0.4394469829993964, 5.7904438318967495], [0.4483186615857994, 5.790010069216082], [0.4488667020431233, 5.789967082622358], [0.439646737452048, 5.790428126490731], [0.4394469829993964, 5.7904438318967495]]], [[[0.43899788983005594, 5.790479141200102], [0.4389898091711891, 5.790479776530262], [0.44785859930146554, 5.790046155074783], [0.447883100215571, 5.79004423329907], [0.43899788983005594, 5.790479141200102]]], [[[0.504644681566637, 5.785051974416916], [0.5055330070942384, 5.785027497675242], [0.5056686612751976, 5.785018071241156], [0.5047658994928994, 5.78504299467819], [0.504644681566637, 5.785051974416916]]], [[[0.504538991177682, 5.785096570559331], [0.5037704505943268, 5.785116736832505], [0.5031214422062195, 5.7851648149174535], [0.5038797558057145, 5.785142379975132], [0.504538991177682, 5.785096570559331]]], [[[0.5062392777823005, 5.785155232885776], [0.5022670884009864, 5.785254442153278], [0.5021684452502764, 5.785261296738603], [0.5061463758271785, 5.785161848472115], [0.5062392777823005, 5.785155232885776]]], [[[0.5024573356890634, 5.7852412221145855], [0.5022814170949411, 5.785253446470813], [0.5039011540346409, 5.7852049523903455], [0.5024573356890634, 5.7852412221145855]]], [[[0.501949681886752, 5.7852516180978295], [0.5019015466352229, 5.785255183923409], [0.5024573356890634, 5.7852412221145855], [0.5025806930966383, 5.785232650167423], [0.501949681886752, 5.7852516180978295]]], [[[0.5022814170949411, 5.785253446470813], [0.502152917486485, 5.7852572936821725], [0.5022670884009864, 5.785254442153278], [0.5022814170949411, 5.785253446470813]]], [[[0.5052122707069286, 5.785273130910308], [0.5061685688494058, 5.785197943346762], [0.505206121472494, 5.785228804370471], [0.5039536087921814, 5.785317996312306], [0.5052122707069286, 5.785273130910308]]], [[[0.502152917486485, 5.7852572936821725], [0.5017307234234989, 5.785267838386796], [0.5016832477908912, 5.78527135534827], [0.502152917486485, 5.7852572936821725]]], [[[0.5016410441076534, 5.785274481767442], [0.5016832477908912, 5.78527135534827], [0.5012639065627581, 5.78528391020626], [0.5016410441076534, 5.785274481767442]]], [[[0.504770821453897, 5.785307839221755], [0.5050257380491822, 5.785299532023644], [0.5056581909936514, 5.7852572359406675], [0.5052122707069286, 5.785273130910308], [0.504770821453897, 5.785307839221755]]], [[[0.501472522174982, 5.785265961317195], [0.4998347307399219, 5.785315192635868], [0.5017307234234989, 5.785267838386796], [0.5019015466352229, 5.785255183923409], [0.501472522174982, 5.785265961317195]]], [[[0.5004339444212588, 5.7853818249642766], [0.505206121472494, 5.785228804370471], [0.5057345239715858, 5.785191176611723], [0.5013891953900951, 5.785315445806411], [0.5004339444212588, 5.7853818249642766]]], [[[0.5008987205651121, 5.7853294725734035], [0.5013891953900951, 5.785315445806411], [0.5021684452502764, 5.785261296738603], [0.5016410441076534, 5.785274481767442], [0.5008987205651121, 5.7853294725734035]]], [[[0.5035270657836262, 5.785348370614943], [0.5032810922372325, 5.785365886492097], [0.5045616940275452, 5.785324281564325], [0.504770821453897, 5.785307839221755], [0.5035270657836262, 5.785348370614943]]], [[[0.5045616940275452, 5.785324281564325], [0.5040267641966216, 5.785366339651514], [0.5047444334586141, 5.785318344620547], [0.5045616940275452, 5.785324281564325]]], [[[0.501949681886752, 5.7852516180978295], [0.5031214422062195, 5.7851648149174535], [0.48974415768430835, 5.785560586016458], [0.501472522174982, 5.785265961317195], [0.501949681886752, 5.7852516180978295]]], [[[0.5040267641966216, 5.785366339651514], [0.5040111386714776, 5.785367384628083], [0.5040149980748838, 5.785367264745882], [0.5040267641966216, 5.785366339651514]]], [[[0.5027795347458833, 5.7854644012699765], [0.5044808361821986, 5.785397327295692], [0.5056161447410792, 5.7853175293421755], [0.5040149980748838, 5.785367264745882], [0.5027795347458833, 5.7854644012699765]]], [[[0.5039536087921814, 5.785317996312306], [0.49861288305089724, 5.785508368170334], [0.4986089435478964, 5.785508641921317], [0.5035270657836262, 5.785348370614943], [0.5039536087921814, 5.785317996312306]]], [[[0.5042187219167684, 5.785415750641315], [0.5026942853502065, 5.7854711038808775], [0.5026145484118583, 5.785477373082765], [0.5041177678809058, 5.785422846443947], [0.5042187219167684, 5.785415750641315]]], [[[0.49837891325107125, 5.785516138127066], [0.498565336, 5.785510063], [0.49861288305089724, 5.785508368170334], [0.5004339444212588, 5.7853818249642766], [0.5000073713672526, 5.785395503095102], [0.49837891325107125, 5.785516138127066]]], [[[0.5026789432181633, 5.785408765770789], [0.5008767777861357, 5.78553709871058], [0.5016213453334284, 5.785510062999997], [0.5022458017903506, 5.785485443743561], [0.5040111386714776, 5.785367384628083], [0.5026789432181633, 5.785408765770789]]], [[[0.5032810922372325, 5.785365886492097], [0.4983647275313693, 5.785525612177348], [0.4979180719820371, 5.785556649695432], [0.5026789432181633, 5.785408765770789], [0.5032810922372325, 5.785365886492097]]], [[[0.4989558100973626, 5.785341612619094], [0.4998347307399219, 5.785315192635868], [0.48830611536208085, 5.785603130943221], [0.48727585761926856, 5.7856336114371105], [0.4989558100973626, 5.785341612619094]]], [[[0.5022458017903506, 5.785485443743561], [0.502182172996873, 5.785489698998838], [0.5026942853502065, 5.7854711038808775], [0.5027795347458833, 5.7854644012699765], [0.5022458017903506, 5.785485443743561]]], [[[0.4728184198319852, 5.7859289087869525], [0.5037704505943268, 5.785116736832505], [0.504644681566637, 5.785051974416916], [0.4728184198319852, 5.7859289087869525]]], [[[0.5007820665948846, 5.785543843133366], [0.5020724537180182, 5.785497036613063], [0.502182172996873, 5.785489698998838], [0.5016213453334284, 5.785510062999997], [0.5008038215363341, 5.78554229395506], [0.5007820665948846, 5.785543843133366]]], [[[0.498565336, 5.785510063], [0.49836408338520854, 5.785517236713099], [0.49816220201919253, 5.785532191942712], [0.4983647275313693, 5.785525612177348], [0.4986089435478964, 5.785508641921317], [0.498565336, 5.785510063]]], [[[0.5007943602788334, 5.78562048275206], [0.5026145484118583, 5.785477373082765], [0.5020724537180182, 5.785497036613063], [0.4996530034724952, 5.785658840379237], [0.5007943602788334, 5.78562048275206]]], [[[0.4965298460045332, 5.7856531157282545], [0.4979180719820371, 5.785556649695432], [0.4977699263298066, 5.785561251449898], [0.4965298460045332, 5.7856531157282545]]], [[[0.492787149023837, 5.785716028302091], [0.4977699263298066, 5.785561251449898], [0.49816220201919253, 5.785532191942712], [0.49570425416675407, 5.78561204716675], [0.492787149023837, 5.785716028302091]]], [[[0.5008767777861357, 5.78553709871058], [0.49542250564609, 5.785735146723224], [0.4953403747749012, 5.7857412309204], [0.5005626761358144, 5.7855518011358855], [0.5008038215363341, 5.78554229395506], [0.5008767777861357, 5.78553709871058]]], [[[0.505684436023506, 5.785510475789136], [0.5057827894783627, 5.785502761249179], [0.4991957535368246, 5.785768802324193], [0.499080070330035, 5.78577693340282], [0.505684436023506, 5.785510475789136]]], [[[0.49860384986196654, 5.785792708477334], [0.4991957535368246, 5.785768802324193], [0.5017746536001153, 5.785587537992338], [0.5007943602788334, 5.78562048275206], [0.49860384986196654, 5.785792708477334]]], [[[0.49526929182985574, 5.785740710012154], [0.49542250564609, 5.785735146723224], [0.4965298460045332, 5.7856531157282545], [0.49526929182985574, 5.785740710012154]]], [[[0.5005626761358144, 5.7855518011358855], [0.4948653976067005, 5.785776416894972], [0.4937950159001693, 5.785855710019001], [0.49873297422669977, 5.7856897598415875], [0.5007820665948846, 5.785543843133366], [0.5005626761358144, 5.7855518011358855]]], [[[0.5073694225167431, 5.785527585308198], [0.503213814805944, 5.785704263654809], [0.5007769902195152, 5.785895400617558], [0.5053614993599316, 5.785705363010144], [0.5073694225167431, 5.785527585308198]]], [[[0.503856957575759, 5.785856051044562], [0.5064497924426683, 5.785675214458396], [0.5068604510875808, 5.785643228288361], [0.5053614993599316, 5.785705363010144], [0.5034685811304043, 5.785872958394297], [0.503856957575759, 5.785856051044562]]], [[[0.469238503268879, 5.786234902308646], [0.47507817178734707, 5.786067897468751], [0.5012639065627581, 5.78528391020626], [0.4989558100973626, 5.785341612619094], [0.469238503268879, 5.786234902308646]]], [[[0.4946112433878451, 5.785786436949723], [0.4948653976067005, 5.785776416894972], [0.4953403747749012, 5.7857412309204], [0.49517598239455607, 5.7857471939644745], [0.4946112433878451, 5.785786436949723]]], [[[0.4996530034724952, 5.785658840379237], [0.49873297422669977, 5.7856897598415875], [0.49556205586062374, 5.785915562239371], [0.4961987818989398, 5.785889845774298], [0.4996530034724952, 5.785658840379237]]], [[[0.4863304918991771, 5.785916587348599], [0.49570425416675407, 5.78561204716675], [0.49836408338520854, 5.785517236713099], [0.49837891325107125, 5.785516138127066], [0.4812068016092842, 5.786075741291469], [0.4863304918991771, 5.785916587348599]]], [[[0.4982311049353758, 5.785822015010108], [0.49867404962884676, 5.785805471566112], [0.499080070330035, 5.78577693340282], [0.4985140234865289, 5.785799770946674], [0.4982311049353758, 5.785822015010108]]], [[[0.503213814805944, 5.785704263654809], [0.5048772343849202, 5.78557379018213], [0.49867404962884676, 5.785805471566112], [0.49648088453865385, 5.785959623566952], [0.49562525580101857, 5.7860268961435946], [0.503213814805944, 5.785704263654809]]], [[[0.4961987818989398, 5.785889845774298], [0.4960730716669456, 5.785898252803548], [0.4985140234865289, 5.785799770946674], [0.49860384986196654, 5.785792708477334], [0.4961987818989398, 5.785889845774298]]], [[[0.5030846489606471, 5.785937325223489], [0.5044716625364819, 5.7858292908435285], [0.503856957575759, 5.785856051044562], [0.5029269078162705, 5.785920917120539], [0.502418719217191, 5.785965911173719], [0.5030846489606471, 5.785937325223489]]], [[[0.4960730716669456, 5.785898252803548], [0.49545488358670225, 5.785923194020967], [0.49538077403942277, 5.785928471392233], [0.49592534087986184, 5.785908132485006], [0.4960730716669456, 5.785898252803548]]], [[[0.4874194785931701, 5.786069972974911], [0.49344513043693594, 5.78586746863478], [0.4946112433878451, 5.785786436949723], [0.4874194785931701, 5.786069972974911]]], [[[0.49545488358670225, 5.785923194020967], [0.49556205586062374, 5.785915562239371], [0.4935426848552041, 5.7859971217811585], [0.49461752776602114, 5.785956977709535], [0.49545488358670225, 5.785923194020967]]], [[[0.5068334930071052, 5.785776400936224], [0.5030846489606471, 5.785937325223489], [0.500232122948962, 5.786159508253532], [0.49989978685261144, 5.786188932660179], [0.5042736557040713, 5.7859918171871305], [0.5068334930071052, 5.785776400936224]]], [[[0.4892977447905381, 5.786155665114587], [0.4902016140652618, 5.7861219066997185], [0.4937950159001693, 5.785855710019001], [0.49344513043693594, 5.78586746863478], [0.4892977447905381, 5.786155665114587]]], [[[0.4982311049353758, 5.785822015010108], [0.49592534087986184, 5.785908132485006], [0.4916707837073292, 5.786192661325882], [0.4915884776253471, 5.786198522375748], [0.4953684267958146, 5.786037815394678], [0.49648088453865385, 5.785959623566952], [0.4982311049353758, 5.785822015010108]]], [[[0.4980628807291715, 5.78610828694817], [0.4968067859046469, 5.786206811130427], [0.502062598545989, 5.785981198143378], [0.5029269078162705, 5.785920917120539], [0.5034685811304043, 5.785872958394297], [0.4980628807291715, 5.78610828694817]]], [[[0.5060141213479475, 5.785913380288273], [0.5042736557040713, 5.7859918171871305], [0.5021428490267593, 5.786171129515023], [0.5031691026354957, 5.786125981731626], [0.5060141213479475, 5.785913380288273]]], [[[0.4935426848552041, 5.7859971217811585], [0.4902016140652618, 5.7861219066997185], [0.4899001597399288, 5.786144238224129], [0.4935426848552041, 5.7859971217811585]]], [[[0.4975945146542478, 5.7862928234797995], [0.4997919740101084, 5.786193791420278], [0.500232122948962, 5.786159508253532], [0.502418719217191, 5.785965911173719], [0.502062598545989, 5.785981198143378], [0.4975945146542478, 5.7862928234797995]]], [[[0.4953684267958146, 5.786037815394678], [0.49253226747300244, 5.786237161826129], [0.49341778780540285, 5.786200455134064], [0.49562525580101857, 5.7860268961435946], [0.4953684267958146, 5.786037815394678]]], [[[0.488854317176233, 5.786186478327631], [0.488750689579462, 5.7861936792756845], [0.4898093038405468, 5.786150968765257], [0.4899001597399288, 5.786144238224129], [0.488854317176233, 5.786186478327631]]], [[[0.4710591776441229, 5.786619794311078], [0.4718821749157085, 5.786592135806449], [0.49517598239455607, 5.7857471939644745], [0.49526929182985574, 5.785740710012154], [0.4710591776441229, 5.786619794311078]]], [[[0.4859061959649554, 5.786440108251654], [0.4915738340030714, 5.786199144958809], [0.4916707837073292, 5.786192661325882], [0.49538077403942277, 5.785928471392233], [0.49461752776602114, 5.785956977709535], [0.4898093038405468, 5.786150968765257], [0.4859061959649554, 5.786440108251654]]], [[[0.4997919740101084, 5.786193791420278], [0.49740947879883823, 5.786379363787694], [0.49808420824453353, 5.786349680541169], [0.49989978685261144, 5.786188932660179], [0.4997919740101084, 5.786193791420278]]], [[[0.4915884776253471, 5.786198522375748], [0.4915738340030714, 5.786199144958809], [0.48851587511169997, 5.786403649790576], [0.48897537292150456, 5.786384602633789], [0.4915884776253471, 5.786198522375748]]], [[[0.4991344348907736, 5.786424294547653], [0.5021428490267593, 5.786171129515023], [0.49808420824453353, 5.786349680541169], [0.49517992870368344, 5.78660681993459], [0.4991344348907736, 5.786424294547653]]], [[[0.49900380956977075, 5.786437244119421], [0.4992460242632537, 5.786419143994733], [0.4991344348907736, 5.786424294547653], [0.49895243725863675, 5.786439610070848], [0.49900380956977075, 5.786437244119421]]], [[[0.49253226747300244, 5.786237161826129], [0.48897537292150456, 5.786384602633789], [0.4846651343916054, 5.786691536487869], [0.48835003901625784, 5.786531120036324], [0.49253226747300244, 5.786237161826129]]], [[[0.48835003901625784, 5.786531120036324], [0.48693530750646236, 5.786630557918981], [0.4891644158025158, 5.786534870379214], [0.4902816220827538, 5.786447031645184], [0.48835003901625784, 5.786531120036324]]], [[[0.48409814098551524, 5.7865169788772235], [0.4816087036419871, 5.786689966667671], [0.4837080819099107, 5.786602942994935], [0.4859061959649554, 5.786440108251654], [0.48409814098551524, 5.7865169788772235]]], [[[0.48336436809133293, 5.786748163276194], [0.48851587511169997, 5.786403649790576], [0.4837080819099107, 5.786602942994935], [0.47944376852327525, 5.786918840331557], [0.48336436809133293, 5.786748163276194]]], [[[0.48337565306335234, 5.78678336098229], [0.4846651343916054, 5.786691536487869], [0.48336436809133293, 5.786748163276194], [0.48187450120552927, 5.786847799990635], [0.48337565306335234, 5.78678336098229]]], [[[0.48693530750646236, 5.786630557918981], [0.48337565306335234, 5.78678336098229], [0.4776282663434076, 5.787192634748602], [0.4812796687747171, 5.7870280783931225], [0.48693530750646236, 5.786630557918981]]], [[[0.4887583826352181, 5.78690909718455], [0.4890077600238009, 5.786891704424141], [0.4867413243578827, 5.786996314716127], [0.48656597726064266, 5.787010068398596], [0.4887583826352181, 5.78690909718455]]], [[[0.4783965395434068, 5.787381479134921], [0.4867413243578827, 5.786996314716127], [0.49102736653493795, 5.786660130860918], [0.4831808044060025, 5.787005323203628], [0.4783965395434068, 5.787381479134921]]], [[[0.4812796687747171, 5.7870280783931225], [0.47896432607756206, 5.787190817947474], [0.4831808044060025, 5.787005323203628], [0.48505590262698334, 5.786857896307786], [0.4812796687747171, 5.7870280783931225]]], [[[0.4752371609996477, 5.787132716948697], [0.47837477718382865, 5.78699803045817], [0.47944376852327525, 5.786918840331557], [0.4764218383793724, 5.787050395245423], [0.4752371609996477, 5.787132716948697]]], [[[0.47282680385960646, 5.787409020420181], [0.4748376428257057, 5.78731839871032], [0.48187450120552927, 5.786847799990635], [0.47837477718382865, 5.78699803045817], [0.47282680385960646, 5.787409020420181]]], [[[0.48930828655808023, 5.787161767363266], [0.4884824668539366, 5.787199800483909], [0.4867679435682147, 5.787351601118626], [0.48930828655808023, 5.787161767363266]]], [[[0.48656597726064266, 5.787010068398596], [0.47824815536124266, 5.787393145627441], [0.47107292001675444, 5.787957288167783], [0.4792737768475238, 5.787570598521819], [0.4805907634876088, 5.787478745634827], [0.48656597726064266, 5.787010068398596]]], [[[0.49693595217029723, 5.787633025674064], [0.49638221777922203, 5.7876600993908935], [0.4974911579747932, 5.787616048108375], [0.49823703841997224, 5.787579539203716], [0.49693595217029723, 5.787633025674064]]], [[[0.4779810593818295, 5.787683442730887], [0.4796396910073195, 5.78755334481043], [0.4792737768475238, 5.787570598521819], [0.47702351551396266, 5.7877275424069605], [0.4779810593818295, 5.787683442730887]]], [[[0.5152173360833923, 5.784642686001617], [0.5149821685927575, 5.784659215326918], [0.5172762377386115, 5.784601250814575], [0.5174691595700757, 5.784586118624461], [0.5152173360833923, 5.784642686001617]]], [[[0.5143685516991339, 5.784674719656448], [0.5142304458671815, 5.784683955656974], [0.5148538478383079, 5.784668234666654], [0.5149821685927575, 5.784659215326918], [0.5143685516991339, 5.784674719656448]]], [[[0.513834367304571, 5.78473989136263], [0.516397822068912, 5.7846701510153], [0.5171654523297127, 5.784609940478448], [0.5148538478383079, 5.784668234666654], [0.513834367304571, 5.78473989136263]]], [[[0.5143685516991339, 5.784674719656448], [0.5146250828089783, 5.784657563817104], [0.5124665198184675, 5.784711788425525], [0.5122273098900033, 5.784728822662672], [0.5143685516991339, 5.784674719656448]]], [[[0.5173447418149801, 5.784644389487184], [0.516397822068912, 5.7846701510153], [0.5153804940040386, 5.784749947073466], [0.5165023232867885, 5.784718975623367], [0.5173447418149801, 5.784644389487184]]], [[[0.5163994159018589, 5.78472808684774], [0.5160022646499147, 5.784739029872901], [0.5163784429097625, 5.784729943756619], [0.5163994159018589, 5.78472808684774]]], [[[0.5121045024148807, 5.784737567833359], [0.5122273098900033, 5.784728822662672], [0.5120916355462863, 5.784732250762119], [0.5119859994380412, 5.784740556248921], [0.5121045024148807, 5.784737567833359]]], [[[0.5152583524333004, 5.784759527479452], [0.5160022646499147, 5.784739029872901], [0.5153049476610355, 5.784755872694304], [0.5152583524333004, 5.784759527479452]]], [[[0.5121045024148807, 5.784737567833359], [0.5112507882417653, 5.784798361169881], [0.5110209456716044, 5.784816432210786], [0.5130920689046411, 5.784760086042464], [0.5142304458671815, 5.784683955656974], [0.5121045024148807, 5.784737567833359]]], [[[0.5141932873098594, 5.7847827234623965], [0.5153049476610355, 5.784755872694304], [0.5153804940040386, 5.784749947073466], [0.5141932873098594, 5.7847827234623965]]], [[[0.5087230208916668, 5.784805827730525], [0.5084621028767992, 5.78482395858688], [0.5120916355462863, 5.784732250762119], [0.5122980727689053, 5.78471601993294], [0.5087230208916668, 5.784805827730525]]], [[[0.5130920689046411, 5.784760086042464], [0.5119396088514271, 5.784837158252285], [0.5127180172922621, 5.784818356768087], [0.513834367304571, 5.78473989136263], [0.5130920689046411, 5.784760086042464]]], [[[0.5127180172922621, 5.784818356768087], [0.5125986172109476, 5.7848267490963785], [0.5141932873098594, 5.7847827234623965], [0.5127180172922621, 5.784818356768087]]], [[[0.5143123607731973, 5.784833728131278], [0.5141898990939919, 5.784843333645579], [0.5154801348079138, 5.784809478249482], [0.5156548351726297, 5.78479401061106], [0.5143123607731973, 5.784833728131278]]], [[[0.5109822258699878, 5.784817485606558], [0.5112507882417653, 5.784798361169881], [0.5119859994380412, 5.784740556248921], [0.5083386913464979, 5.784832534294961], [0.5069937030325042, 5.784925995798308], [0.5109822258699878, 5.784817485606558]]], [[[0.512456710607856, 5.7848367233508915], [0.5112741615377568, 5.784919841719892], [0.5124017509415032, 5.784890254113932], [0.5143123607731973, 5.784833728131278], [0.5152583524333004, 5.784759527479452], [0.512456710607856, 5.7848367233508915]]], [[[0.5073399228059153, 5.784852312841453], [0.5072292325649761, 5.784860512696654], [0.5083386913464979, 5.784832534294961], [0.5084621028767992, 5.78482395858688], [0.5073399228059153, 5.784852312841453]]], [[[0.5117413637908478, 5.784850416139066], [0.5115883282518252, 5.784860650582456], [0.512456710607856, 5.7848367233508915], [0.5125986172109476, 5.7848267490963785], [0.5117413637908478, 5.784850416139066]]], [[[0.5102330742642454, 5.784878377464965], [0.5110209456716044, 5.784816432210786], [0.5109822258699878, 5.784817485606558], [0.5100727470027095, 5.78488224996983], [0.5102330742642454, 5.784878377464965]]], [[[0.5119396088514271, 5.784837158252285], [0.5102330742642454, 5.784878377464965], [0.5099649303604443, 5.784899459893039], [0.5117413637908478, 5.784850416139066], [0.5119396088514271, 5.784837158252285]]], [[[0.5178483726691128, 5.784787379927691], [0.5146472570789992, 5.784883219661421], [0.5138884293306002, 5.784950404828755], [0.5170617084242881, 5.784848653144771], [0.5178483726691128, 5.784787379927691]]], [[[0.5150165974197839, 5.784925724696909], [0.5166846710619334, 5.7848780205557135], [0.5170119787438787, 5.784852526585726], [0.5148197149529578, 5.784930670521847], [0.5150165974197839, 5.784925724696909]]], [[[0.5148744398001593, 5.784863105334858], [0.5133558575855341, 5.784908753274723], [0.5130851170964257, 5.784929989318988], [0.5146472570789992, 5.784883219661421], [0.5148744398001593, 5.784863105334858]]], [[[0.5098489817847076, 5.784908576182739], [0.5099649303604443, 5.784899459893039], [0.509746312780873, 5.7849054954846935], [0.5096109468281695, 5.784915134949722], [0.5098489817847076, 5.784908576182739]]], [[[0.5098489817847076, 5.784908576182739], [0.508920034900177, 5.784981613293039], [0.5103345925825421, 5.784944495725975], [0.5115883282518252, 5.784860650582456], [0.5098489817847076, 5.784908576182739]]], [[[0.5163760844001831, 5.784902056346889], [0.5165747401797, 5.784886583063614], [0.5150165974197839, 5.784925724696909], [0.5147225544864893, 5.7849341338374005], [0.5138583015994328, 5.784964940404876], [0.5163760844001831, 5.784902056346889]]], [[[0.5133558575855341, 5.784908753274723], [0.5141898990939919, 5.784843333645579], [0.5124017509415032, 5.784890254113932], [0.5111814766241537, 5.7849263563069355], [0.5099942915296493, 5.785009800530311], [0.5133558575855341, 5.784908753274723]]], [[[0.5111814766241537, 5.7849263563069355], [0.5112741615377568, 5.784919841719892], [0.5103345925825421, 5.784944495725975], [0.5101491344916704, 5.784956898468138], [0.5111814766241537, 5.7849263563069355]]], [[[0.5161871148544466, 5.784935806122625], [0.5157670242265343, 5.784949495996626], [0.5156923523736929, 5.7849553121814585], [0.5161871148544466, 5.784935806122625]]], [[[0.5148197149529578, 5.784930670521847], [0.5138307127171332, 5.784955514948069], [0.5137619088751456, 5.784961606709535], [0.5147225544864893, 5.7849341338374005], [0.5148197149529578, 5.784930670521847]]], [[[0.509746312780873, 5.7849054954846935], [0.5100727470027095, 5.78488224996983], [0.5063181838313651, 5.7849729367563985], [0.5056686612751976, 5.785018071241156], [0.509746312780873, 5.7849054954846935]]], [[[0.5133613560249167, 5.784967305515663], [0.5138307127171332, 5.784955514948069], [0.5138884293306002, 5.784950404828755], [0.5133613560249167, 5.784967305515663]]], [[[0.505968922572229, 5.78495387557455], [0.5054181593993526, 5.78499467572305], [0.5063181838313651, 5.7849729367563985], [0.5069937030325042, 5.784925995798308], [0.505968922572229, 5.78495387557455]]], [[[0.5138583015994328, 5.784964940404876], [0.5136715847091838, 5.784969603839605], [0.5136339208216426, 5.78497293852866], [0.5138583015994328, 5.784964940404876]]], [[[0.5163564460880555, 5.784975022329924], [0.5162752495353541, 5.784981855208306], [0.5165168081322298, 5.78497309309563], [0.5166332643684742, 5.784964970886048], [0.5163564460880555, 5.784975022329924]]], [[[0.5136068297580029, 5.78497533711997], [0.5136339208216426, 5.78497293852866], [0.5134722239072236, 5.78497870226631], [0.5136068297580029, 5.78497533711997]]], [[[0.5156923523736929, 5.7849553121814585], [0.5146327218171234, 5.784997088219017], [0.5155304595923954, 5.784967921997651], [0.5156923523736929, 5.7849553121814585]]], [[[0.5128104948709603, 5.785045843098109], [0.5157670242265343, 5.784949495996626], [0.5162995215043397, 5.784908019824914], [0.5136068297580029, 5.78497533711997], [0.5128104948709603, 5.785045843098109]]], [[[0.5146629613193296, 5.7850365138148145], [0.5163564460880555, 5.784975022329924], [0.5170132985141482, 5.784919746673593], [0.5155304595923954, 5.784967921997651], [0.5146411270840626, 5.785037192037821], [0.5146629613193296, 5.7850365138148145]]], [[[0.5121769833113456, 5.7850069329535145], [0.5136715847091838, 5.784969603839605], [0.5137619088751456, 5.784961606709535], [0.5121769833113456, 5.7850069329535145]]], [[[0.5122550596155336, 5.784995096453366], [0.5120893848585969, 5.785008091467459], [0.5133613560249167, 5.784967305515663], [0.5122550596155336, 5.784995096453366]]], [[[0.5085358243601575, 5.784991694861761], [0.5082251011391881, 5.785013821589806], [0.5086824965176419, 5.785000289406103], [0.508920034900177, 5.784981613293039], [0.5085358243601575, 5.784991694861761]]], [[[0.5153968708031064, 5.7850137168498454], [0.5161890351114691, 5.784989110352196], [0.5162752495353541, 5.784981855208306], [0.5153968708031064, 5.7850137168498454]]], [[[0.5090624559536425, 5.785075296884934], [0.5122550596155336, 5.784995096453366], [0.5130851170964257, 5.784929989318988], [0.5096788730950358, 5.785031970490527], [0.5090624559536425, 5.785075296884934]]], [[[0.5085358243601575, 5.784991694861761], [0.5096109468281695, 5.784915134949722], [0.5055330070942384, 5.785027497675242], [0.504538991177682, 5.785096570559331], [0.5085358243601575, 5.784991694861761]]], [[[0.5161890351114691, 5.784989110352196], [0.5157140639737405, 5.785029080275931], [0.5163659422243558, 5.784983615198714], [0.5161890351114691, 5.784989110352196]]], [[[0.5121769833113456, 5.7850069329535145], [0.5120701307603179, 5.785009601699212], [0.5120623644810334, 5.785010210862072], [0.5121769833113456, 5.7850069329535145]]], [[[0.5120701307603179, 5.785009601699212], [0.5120893848585969, 5.785008091467459], [0.5119441859989485, 5.785012747291307], [0.5120701307603179, 5.785009601699212]]], [[[0.5134722239072236, 5.78497870226631], [0.5119924148625772, 5.785015697493194], [0.5116242809057341, 5.785044572779002], [0.5134722239072236, 5.78497870226631]]], [[[0.5101491344916704, 5.784956898468138], [0.5086824965176419, 5.785000289406103], [0.5076746893621625, 5.785079526791578], [0.5088386536326743, 5.785044538517309], [0.5101491344916704, 5.784956898468138]]], [[[0.5120623644810334, 5.785010210862072], [0.5117009425021046, 5.785020546931582], [0.5113559576894975, 5.785031608922852], [0.5119924148625772, 5.785015697493194], [0.5120623644810334, 5.785010210862072]]], [[[0.5153968708031064, 5.7850137168498454], [0.5146629613193296, 5.7850365138148145], [0.5146383711057356, 5.785037406700759], [0.5145464995431037, 5.785044562569655], [0.5153968708031064, 5.7850137168498454]]], [[[0.5088386536326743, 5.785044538517309], [0.5084978630015997, 5.785067329317693], [0.5096788730950358, 5.785031970490527], [0.5099942915296493, 5.785009800530311], [0.5088386536326743, 5.785044538517309]]], [[[0.5146327218171234, 5.784997088219017], [0.5126241118752637, 5.7850623450944845], [0.5123404239402295, 5.785087462285344], [0.5146327218171234, 5.784997088219017]]], [[[0.5087610572213216, 5.785096481435904], [0.5110235830836078, 5.785039918288172], [0.5117009425021046, 5.785020546931582], [0.5119441859989485, 5.785012747291307], [0.5088544646059042, 5.785089916068212], [0.5087610572213216, 5.785096481435904]]], [[[0.5082814061037083, 5.785130194894054], [0.5113559576894975, 5.785031608922852], [0.5110235830836078, 5.785039918288172], [0.5085657702419121, 5.7851102076614165], [0.5082814061037083, 5.785130194894054]]], [[[0.5140558227474004, 5.785168625124213], [0.513962197924454, 5.785176503870384], [0.5181194883182514, 5.785008775169532], [0.5182440042814023, 5.784999470389436], [0.5140558227474004, 5.785168625124213]]], [[[0.510530543510067, 5.785130362148092], [0.5126241118752637, 5.7850623450944845], [0.5128104948709603, 5.785045843098109], [0.5107534537260828, 5.785112877762103], [0.510530543510067, 5.785130362148092]]], [[[0.5146383711057356, 5.785037406700759], [0.5146411270840626, 5.785037192037821], [0.5119716590043336, 5.785120112032242], [0.5117012143389658, 5.7851440566891625], [0.5146383711057356, 5.785037406700759]]], [[[0.5084978630015997, 5.785067329317693], [0.5074190017487845, 5.785099629861766], [0.5071021637508915, 5.785124540792826], [0.5079673818209804, 5.785102805911215], [0.5084978630015997, 5.785067329317693]]], [[[0.5079673818209804, 5.785102805911215], [0.5077462399781483, 5.785117595048994], [0.5088544646059042, 5.785089916068212], [0.5090624559536425, 5.785075296884934], [0.5079673818209804, 5.785102805911215]]], [[[0.5074190017487845, 5.785099629861766], [0.5076746893621625, 5.785079526791578], [0.5070304702402965, 5.785098891746238], [0.5067307302963382, 5.785120236350623], [0.5074190017487845, 5.785099629861766]]], [[[0.5157140639737405, 5.785029080275931], [0.5132419813583556, 5.78520149502806], [0.5140558227474004, 5.785168625124213], [0.5157140639737405, 5.785029080275931]]], [[[0.5073269428069825, 5.785145636072596], [0.5085657702419121, 5.7851102076614165], [0.5087610572213216, 5.785096481435904], [0.5076445876504379, 5.785124393175756], [0.5073269428069825, 5.785145636072596]]], [[[0.5038797558057145, 5.785142379975132], [0.5025806930966383, 5.785232650167423], [0.5070304702402965, 5.785098891746238], [0.5082251011391881, 5.785013821589806], [0.5038797558057145, 5.785142379975132]]], [[[0.5068520315133371, 5.785144207079594], [0.5076445876504379, 5.785124393175756], [0.5077462399781483, 5.785117595048994], [0.5069317799236841, 5.7851379369757385], [0.5068520315133371, 5.785144207079594]]], [[[0.5123404239402295, 5.785087462285344], [0.5098059605912079, 5.785187383748918], [0.5119716590043336, 5.785120112032242], [0.5123404239402295, 5.785087462285344]]], [[[0.5069317799236841, 5.7851379369757385], [0.5071021637508915, 5.785124540792826], [0.5064348918327835, 5.785141303128986], [0.5062392777823005, 5.785155232885776], [0.5069317799236841, 5.7851379369757385]]], [[[0.5107534537260828, 5.785112877762103], [0.5116242809057341, 5.785044572779002], [0.5073133448927899, 5.785198237456497], [0.5066038868754712, 5.785248103457635], [0.5107534537260828, 5.785112877762103]]], [[[0.516235186827573, 5.78514958451285], [0.5162020594500477, 5.785152060042535], [0.5164417139282691, 5.7851418709775615], [0.516235186827573, 5.78514958451285]]], [[[0.5039011540346409, 5.7852049523903455], [0.5064348918327835, 5.785141303128986], [0.5067307302963382, 5.785120236350623], [0.5039011540346409, 5.7852049523903455]]], [[[0.5068520315133371, 5.785144207079594], [0.5061463758271785, 5.785161848472115], [0.5057345239715858, 5.785191176611723], [0.5065519694689734, 5.785167799025481], [0.5068520315133371, 5.785144207079594]]], [[[0.5174030278123385, 5.785062314549429], [0.5139335741476311, 5.785178912627646], [0.5127235308454762, 5.785280740580256], [0.516235186827573, 5.78514958451285], [0.5174030278123385, 5.785062314549429]]], [[[0.5073269428069825, 5.785145636072596], [0.5065519694689734, 5.785167799025481], [0.5061685688494058, 5.785197943346762], [0.5068913393615235, 5.78517476759872], [0.5073269428069825, 5.785145636072596]]], [[[0.5137474961812262, 5.785185166157849], [0.5139335741476311, 5.785178912627646], [0.513962197924454, 5.785176503870384], [0.5137474961812262, 5.785185166157849]]], [[[0.511977754038356, 5.785244641958], [0.5145464995431037, 5.785044562569655], [0.511630161051191, 5.785150347612285], [0.5097009078542482, 5.78532116002543], [0.511977754038356, 5.785244641958]]], [[[0.5098059605912079, 5.785187383748918], [0.509802001418315, 5.785187506730195], [0.5098011527136377, 5.785187573299958], [0.5098059605912079, 5.785187383748918]]], [[[0.5091964040823739, 5.785235007906967], [0.5091105492695894, 5.785241742092203], [0.511630161051191, 5.785150347612285], [0.5117012143389658, 5.7851440566891625], [0.5091964040823739, 5.785235007906967]]], [[[0.5068913393615235, 5.78517476759872], [0.5056581909936514, 5.7852572359406675], [0.5073133448927899, 5.785198237456497], [0.5082814061037083, 5.785130194894054], [0.5068913393615235, 5.78517476759872]]], [[[0.5132237182081386, 5.785202768786671], [0.5131036616849803, 5.7852111420973165], [0.5137474961812262, 5.785185166157849], [0.5132237182081386, 5.785202768786671]]], [[[0.5132419813583556, 5.78520149502806], [0.5131446601410032, 5.785205425694526], [0.5132237182081386, 5.785202768786671], [0.5132419813583556, 5.78520149502806]]], [[[0.510530543510067, 5.785130362148092], [0.5063438217739925, 5.785266382772731], [0.5056161447410792, 5.7853175293421755], [0.509802001418315, 5.785187506730195], [0.510530543510067, 5.785130362148092]]], [[[0.5131446601410032, 5.785205425694526], [0.511977754038356, 5.785244641958], [0.5117667368776676, 5.785261078068297], [0.5131446601410032, 5.785205425694526]]], [[[0.5063438217739925, 5.785266382772731], [0.5066038868754712, 5.785248103457635], [0.5050257380491822, 5.785299532023644], [0.5047444334586141, 5.785318344620547], [0.5063438217739925, 5.785266382772731]]], [[[0.5104002830388973, 5.78536751105193], [0.5113935390324404, 5.785330414152146], [0.5131036616849803, 5.7852111420973165], [0.511660111553378, 5.785269383106545], [0.5104002830388973, 5.78536751105193]]], [[[0.5091964040823739, 5.785235007906967], [0.5098011527136377, 5.785187573299958], [0.5044808361821986, 5.785397327295692], [0.5042187219167684, 5.785415750641315], [0.5091964040823739, 5.785235007906967]]], [[[0.5092158778549866, 5.785364103660176], [0.50913508272777, 5.785371257107257], [0.511660111553378, 5.785269383106545], [0.5117667368776676, 5.785261078068297], [0.5092158778549866, 5.785364103660176]]], [[[0.5130784750298445, 5.785385478034923], [0.5162020594500477, 5.785152060042535], [0.5122621262497477, 5.785319568847992], [0.5099261053173142, 5.785516150431794], [0.5130784750298445, 5.785385478034923]]], [[[0.5104356208079179, 5.78539722390689], [0.5122621262497477, 5.785319568847992], [0.5127235308454762, 5.785280740580256], [0.5113935390324404, 5.785330414152146], [0.5104356208079179, 5.78539722390689]]], [[[0.5097009078542482, 5.78532116002543], [0.5068964413222342, 5.785415409852537], [0.5057827894783627, 5.785502761249179], [0.5092158778549866, 5.785364103660176], [0.5097009078542482, 5.78532116002543]]], [[[0.5091105492695894, 5.785241742092203], [0.5041177678809058, 5.785422846443947], [0.5017746536001153, 5.785587537992338], [0.5068964413222342, 5.785415409852537], [0.5091105492695894, 5.785241742092203]]], [[[0.5104002830388973, 5.78536751105193], [0.5082851469819226, 5.78544650880361], [0.5073694225167431, 5.785527585308198], [0.5095178547275538, 5.785436243324732], [0.5104002830388973, 5.78536751105193]]], [[[0.505684436023506, 5.785510475789136], [0.5048772343849202, 5.78557379018213], [0.5082851469819226, 5.78544650880361], [0.50913508272777, 5.785371257107257], [0.505684436023506, 5.785510475789136]]], [[[0.5095178547275538, 5.785436243324732], [0.5068604510875808, 5.785643228288361], [0.5069786759371087, 5.785638327618114], [0.5104356208079179, 5.78539722390689], [0.5095178547275538, 5.785436243324732]]], [[[0.5092154657068068, 5.785674151481663], [0.5108623920051508, 5.785551080618688], [0.5080626892974003, 5.785672961215203], [0.5068334930071052, 5.785776400936224], [0.5092154657068068, 5.785674151481663]]], [[[0.5099261053173142, 5.785516150431794], [0.5069786759371087, 5.785638327618114], [0.5064497924426683, 5.785675214458396], [0.5044716625364819, 5.7858292908435285], [0.5080626892974003, 5.785672961215203], [0.5099261053173142, 5.785516150431794]]], [[[0.524028003, 5.784306049], [0.5218428865491824, 5.784476247551057], [0.5224709919078105, 5.7844604691061985], [0.524305999, 5.784306049], [0.5276582442764169, 5.784196036560709], [0.5280888255642987, 5.78416600578198], [0.524028003, 5.784306049]]], [[[0.5152173360833923, 5.784642686001617], [0.5224669317409191, 5.784133130345783], [0.5146250828089783, 5.784657563817104], [0.5152173360833923, 5.784642686001617]]], [[[0.5221473307180237, 5.784219177388964], [0.5174691595700757, 5.784586118624461], [0.5182143044213143, 5.784567400065887], [0.5221473307180237, 5.784219177388964]]], [[[0.5224709919078105, 5.7844604691061985], [0.5223092322654864, 5.784474081555574], [0.524445597482729, 5.7844201017667665], [0.5246525740470233, 5.784405666240701], [0.5224709919078105, 5.7844604691061985]]], [[[0.5216903037035886, 5.784526165830706], [0.5237143972767173, 5.784471099132911], [0.5243052871831436, 5.784429887671725], [0.5222050016283399, 5.7844828528056285], [0.5216903037035886, 5.784526165830706]]], [[[0.5216601289811109, 5.784490482523874], [0.521544110395457, 5.784499519202522], [0.5222050016283399, 5.7844828528056285], [0.5223092322654864, 5.784474081555574], [0.5216601289811109, 5.784490482523874]]], [[[0.5258623765893977, 5.784537051355623], [0.5271749371252107, 5.784502610162931], [0.5279016878611866, 5.784473957944614], [0.527492426405309, 5.784483813987821], [0.5266212303723012, 5.7845100017725475], [0.5258623765893977, 5.784537051355623]]], [[[0.5218428865491824, 5.784476247551057], [0.5182143044213143, 5.784567400065887], [0.5180539069069657, 5.784581601357107], [0.5216601289811109, 5.784490482523874], [0.5218428865491824, 5.784476247551057]]], [[[0.521544110395457, 5.784499519202522], [0.5179601922170964, 5.784589898677724], [0.5173447418149801, 5.784644389487184], [0.520939901640586, 5.7845465809756265], [0.521544110395457, 5.784499519202522]]], [[[0.5199478547741676, 5.78462385142919], [0.5208134680243934, 5.784599953588408], [0.5216903037035886, 5.784526165830706], [0.520939901640586, 5.7845465809756265], [0.5199478547741676, 5.78462385142919]]], [[[0.522400555963731, 5.784562732649891], [0.5225570788927532, 5.784551815999355], [0.5208134680243934, 5.784599953588408], [0.5206984586442529, 5.784609631894705], [0.522400555963731, 5.784562732649891]]], [[[0.5216111093166556, 5.784617792398755], [0.5209028941485787, 5.784667186679471], [0.523658039319448, 5.784594892500928], [0.524028003, 5.784567246], [0.5258550389373012, 5.784501048409244], [0.5242323035496517, 5.784540243556866], [0.5216111093166556, 5.784617792398755]]], [[[0.5179601922170964, 5.784589898677724], [0.5180539069069657, 5.784581601357107], [0.5172762377386115, 5.784601250814575], [0.5171654523297127, 5.784609940478448], [0.5179601922170964, 5.784589898677724]]], [[[0.5273457261325045, 5.784631864703474], [0.5276501534306636, 5.784624254020862], [0.527895990199329, 5.784614335569678], [0.5275913532129584, 5.784621944172735], [0.5273457261325045, 5.784631864703474]]], [[[0.5204323310569602, 5.784632027148907], [0.5200540847794386, 5.78466385745114], [0.5216111093166556, 5.784617792398755], [0.5219233896305827, 5.784596012490355], [0.5204323310569602, 5.784632027148907]]], [[[0.5204323310569602, 5.784632027148907], [0.5206984586442529, 5.784609631894705], [0.5198194687984191, 5.784633851402894], [0.519577943050868, 5.784652663824659], [0.5204323310569602, 5.784632027148907]]], [[[0.5232438886681056, 5.784625840988491], [0.5235644255456763, 5.784601888034326], [0.5205323308325361, 5.784693031520532], [0.5201808170323391, 5.784717547758118], [0.5232438886681056, 5.784625840988491]]], [[[0.5165023232867885, 5.784718975623367], [0.5163994159018589, 5.78472808684774], [0.5198194687984191, 5.784633851402894], [0.5199478547741676, 5.78462385142919], [0.5165023232867885, 5.784718975623367]]], [[[0.5200540847794386, 5.78466385745114], [0.5190545887578087, 5.784693427849997], [0.5186236553778989, 5.7847269932175704], [0.5196120096489382, 5.78470105909951], [0.5200540847794386, 5.78466385745114]]], [[[0.5196120096489382, 5.78470105909951], [0.5192489870749849, 5.784731608291751], [0.5205323308325361, 5.784693031520532], [0.5209028941485787, 5.784667186679471], [0.5196120096489382, 5.78470105909951]]], [[[0.522667747581447, 5.784668894633819], [0.5231275393713596, 5.78463453549314], [0.5195349238140492, 5.784762595410829], [0.5193556834881519, 5.784775096480239], [0.522667747581447, 5.784668894633819]]], [[[0.5190545887578087, 5.784693427849997], [0.519577943050868, 5.784652663824659], [0.5163784429097625, 5.784729943756619], [0.5156548351726297, 5.78479401061106], [0.5190545887578087, 5.784693427849997]]], [[[0.5223444868814964, 5.784693051132717], [0.5202101379564578, 5.784777198046283], [0.521843545194404, 5.784730485306786], [0.5223444868814964, 5.784693051132717]]], [[[0.5189937344535682, 5.784753088392332], [0.5192489870749849, 5.784731608291751], [0.5181341694490273, 5.784765119238646], [0.5178483726691128, 5.784787379927691], [0.5189937344535682, 5.784753088392332]]], [[[0.5184000493881524, 5.784803048368639], [0.5195349238140492, 5.784762595410829], [0.5201808170323391, 5.784717547758118], [0.5189937344535682, 5.784753088392332], [0.5184000493881524, 5.784803048368639]]], [[[0.5186236553778989, 5.7847269932175704], [0.5154801348079138, 5.784809478249482], [0.5148744398001593, 5.784863105334858], [0.5181341694490273, 5.784765119238646], [0.5186236553778989, 5.7847269932175704]]], [[[0.5210780557541191, 5.784787688501676], [0.5211397307463194, 5.78478307967703], [0.5200008703921771, 5.7848115238146764], [0.5194786859770275, 5.784828540711446], [0.5209621505878436, 5.784791454095405], [0.5210780557541191, 5.784787688501676]]], [[[0.5202101379564578, 5.784777198046283], [0.5187107291074315, 5.784820078653971], [0.5184228377016264, 5.7848401575643855], [0.5189474992249452, 5.784826977700846], [0.5202101379564578, 5.784777198046283]]], [[[0.5187107291074315, 5.784820078653971], [0.5193556834881519, 5.784775096480239], [0.5183483923928343, 5.784807395424701], [0.5179335623623718, 5.784842304334662], [0.5187107291074315, 5.784820078653971]]], [[[0.5213454497342496, 5.784767706789124], [0.5213649485941988, 5.784766249685958], [0.5189474992249452, 5.784826977700846], [0.5181962376792927, 5.784856596260214], [0.5200008703921771, 5.7848115238146764], [0.5213454497342496, 5.784767706789124]]], [[[0.517648500541346, 5.784829837564958], [0.5183483923928343, 5.784807395424701], [0.5184000493881524, 5.784803048368639], [0.517648500541346, 5.784829837564958]]], [[[0.5170617084242881, 5.784848653144771], [0.5170119787438787, 5.784852526585726], [0.517648500541346, 5.784829837564958], [0.5170617084242881, 5.784848653144771]]], [[[0.5178094637632322, 5.78488293716847], [0.5194786859770275, 5.784828540711446], [0.5180925339470548, 5.784863194512915], [0.5178094637632322, 5.78488293716847]]], [[[0.5181820640303857, 5.78485695026079], [0.5184228377016264, 5.7848401575643855], [0.5177617194240303, 5.784856765316802], [0.5175811835218692, 5.784871957832026], [0.5181820640303857, 5.78485695026079]]], [[[0.5181962376792927, 5.784856596260214], [0.5181820640303857, 5.78485695026079], [0.5181753094347296, 5.784857421358288], [0.5181962376792927, 5.784856596260214]]], [[[0.5179185508489282, 5.784867544090458], [0.5180925339470548, 5.784863194512915], [0.5181753094347296, 5.784857421358288], [0.5179185508489282, 5.784867544090458]]], [[[0.5165747401797, 5.784886583063614], [0.5177617194240303, 5.784856765316802], [0.5179335623623718, 5.784842304334662], [0.5166846710619334, 5.7848780205557135], [0.5165747401797, 5.784886583063614]]], [[[0.5175157343527566, 5.784903423248985], [0.5166332643684742, 5.784964970886048], [0.5206644562740352, 5.78481859580153], [0.52106060137506, 5.784788992825674], [0.5209621505878436, 5.784791454095405], [0.5175157343527566, 5.784903423248985]]], [[[0.517513215913183, 5.7848776774640625], [0.5173824902600015, 5.784888678331217], [0.5179185508489282, 5.784867544090458], [0.517513215913183, 5.7848776774640625]]], [[[0.5175811835218692, 5.784871957832026], [0.5163760844001831, 5.784902056346889], [0.5162995215043397, 5.784908019824914], [0.517513215913183, 5.7848776774640625], [0.5175811835218692, 5.784871957832026]]], [[[0.5172239892906421, 5.784902016555698], [0.5170132985141482, 5.784919746673593], [0.5175157343527566, 5.784903423248985], [0.5178094637632322, 5.78488293716847], [0.5172239892906421, 5.784902016555698]]], [[[0.519943118680593, 5.784872499634513], [0.5205591714249707, 5.784826463486469], [0.5165168081322298, 5.78497309309563], [0.5163659422243558, 5.784983615198714], [0.519943118680593, 5.784872499634513]]], [[[0.5161871148544466, 5.784935806122625], [0.5172239892906421, 5.784902016555698], [0.5173824902600015, 5.784888678331217], [0.5161871148544466, 5.784935806122625]]], [[[0.6735543897520887, 5.778731586032989], [0.6744550591175829, 5.77869607705582], [0.679862022, 5.778471947], [0.6740621366478201, 5.778706196174856], [0.6735543897520887, 5.778731586032989]]], [[[0.6729267434928792, 5.778762971452798], [0.680140018, 5.778471947], [0.6744550591175829, 5.77869607705582], [0.673340931323158, 5.778742260011055], [0.6729267434928792, 5.778762971452798]]], [[[0.6833573610756244, 5.7788113504071426], [0.684584022, 5.778749943], [0.6736411347629035, 5.779146428233936], [0.6833573610756244, 5.7788113504071426]]], [[[0.6761017338929118, 5.779174571606765], [0.6789099961856505, 5.779072601856855], [0.685137987, 5.778749943], [0.6833573610756244, 5.7788113504071426], [0.6761017338929118, 5.779174571606765]]], [[[0.6788216808973179, 5.779077177282675], [0.680140018, 5.779027939], [0.6789099961856505, 5.779072601856855], [0.6788216808973179, 5.779077177282675]]], [[[0.678268567869619, 5.7791058328832605], [0.680415988, 5.779027939], [0.6783519961888791, 5.779101510640835], [0.678268567869619, 5.7791058328832605]]], [[[0.684703886661534, 5.779050039200018], [0.685137987, 5.779027939], [0.680296750467539, 5.779186816467549], [0.684703886661534, 5.779050039200018]]], [[[0.6813138047374647, 5.779222629456142], [0.685415983, 5.779027939], [0.684703886661534, 5.779050039200018], [0.6813138047374647, 5.779222629456142]]], [[[0.6783519961888791, 5.779101510640835], [0.6788216808973179, 5.779077177282675], [0.6757719328102715, 5.779191081653637], [0.6756057093159131, 5.779199402904923], [0.6783519961888791, 5.779101510640835]]], [[[0.6845734913152061, 5.779344444882274], [0.685415983, 5.779305935], [0.6770207184189192, 5.779552424709454], [0.6845734913152061, 5.779344444882274]]], [[[0.6769907360960238, 5.779695552787951], [0.685971975, 5.779305935], [0.6845734913152061, 5.779344444882274], [0.6766474946352392, 5.779706738308498], [0.6769907360960238, 5.779695552787951]]], [[[0.6766335937564896, 5.77971104608568], [0.680415988, 5.779583931], [0.6769907360960238, 5.779695552787951], [0.6766335937564896, 5.77971104608568]]], [[[0.6746264004795216, 5.7797991215324585], [0.681249976, 5.779583931], [0.6748319478117039, 5.779789726064578], [0.6746264004795216, 5.7797991215324585]]], [[[0.6750562579576652, 5.77977947295767], [0.6766335937564896, 5.77971104608568], [0.6763301535792169, 5.779721243812741], [0.6750562579576652, 5.77977947295767]]], [[[0.6748319478117039, 5.779789726064578], [0.6750562579576652, 5.77977947295767], [0.6747857976353551, 5.779791205877107], [0.6748319478117039, 5.779789726064578]]], [[[0.6850807301023957, 5.780152874384402], [0.685415983, 5.780139923], [0.6821585115795544, 5.780214589579561], [0.6850807301023957, 5.780152874384402]]], [[[0.685415983, 5.780416012], [0.6847946154281284, 5.780429188789274], [0.684726557947005, 5.780442906131419], [0.685415983, 5.780416012]]], [[[0.6847946154281284, 5.780429188789274], [0.684859991, 5.780416012], [0.6804655002528989, 5.780520992483235], [0.6847946154281284, 5.780429188789274]]], [[[0.6832935757218705, 5.780731731211996], [0.6832856499732675, 5.780733328688181], [0.684859991, 5.780694008], [0.6832935757218705, 5.780731731211996]]]]}}, {"type": "Feature", "properties": {"region": "Ashanti", "constituency_count": 47, "winner_party": "NPP", "winner_votes": 1385461, "winner_pct": 64.58, "total_valid_votes": 2145421, "party_votes": {"NPP": 1385461, "GCPP": 1608, "GFP": 9, "GUM": 2317, "LPG": 524, "NDP": 278, "CPP": 2651, "NDC": 717731, "APC": 2077, "IND": 32777}}, "geometry": {"type": "Polygon", "coordinates": [[[-1.701151013, 5.916279793], [-1.703783035, 5.917974949], [-1.706280947, 5.919994831], [-1.715996981, 5.928896904], [-1.720599055, 5.93220377], [-1.727620959, 5.935770988], [-1.735183001, 5.940204144], [-1.740841985, 5.94246912], [-1.748515964, 5.946455002], [-1.751477003, 5.94726181], [-1.757634997, 5.948315144], [-1.760594964, 5.949132919], [-1.763203025, 5.950370789], [-1.768278003, 5.953292847], [-1.773233056, 5.95567894], [-1.777346969, 5.95814085], [-1.779945016, 5.960142136], [-1.79220295, 5.971028805], [-1.799350023, 5.975625992], [-1.800891042, 5.977721214], [-1.805405974, 5.985515118], [-1.80616498, 5.987395763], [-1.806557059, 5.990197182], [-1.806162, 5.993013859], [-1.802533984, 6.000687122], [-1.801555991, 6.005002022], [-1.801205039, 6.012148857], [-1.801731944, 6.032528877], [-1.818189025, 6.024250984], [-1.824376941, 6.021607876], [-1.827465057, 6.02064991], [-1.837021947, 6.01906395], [-1.840003014, 6.018235207], [-1.847774982, 6.014431], [-1.85076499, 6.013659954], [-1.853914976, 6.013267994], [-1.860424042, 6.013062954], [-1.866899014, 6.013380051], [-1.869989038, 6.013858795], [-1.872841001, 6.014766216], [-1.874640942, 6.015766144], [-1.879287958, 6.019423962], [-1.880797029, 6.020096779], [-1.882338047, 6.020102978], [-1.886508942, 6.018709183], [-1.893820047, 6.014350891], [-1.901571035, 6.01155901], [-1.903573036, 6.011004925], [-1.906466961, 6.010788918], [-1.909307003, 6.011320114], [-1.911805034, 6.012564182], [-1.916453958, 6.016287804], [-1.925860047, 6.025762081], [-1.930130959, 6.030742168], [-1.931926966, 6.033374786], [-1.934569001, 6.038090229], [-1.935878992, 6.039961815], [-1.93740201, 6.041621208], [-1.939195037, 6.042978764], [-1.941208005, 6.044053078], [-1.943377972, 6.044849873], [-1.952600956, 6.046477795], [-1.955286026, 6.047439098], [-1.956835985, 6.048567772], [-1.958019018, 6.050057888], [-1.959015012, 6.052665234], [-1.959488988, 6.055642128], [-1.959740043, 6.062087059], [-1.959759951, 6.075524807], [-1.960219979, 6.082387924], [-1.960875034, 6.085824966], [-1.962309957, 6.090164185], [-1.96639204, 6.099531174], [-1.982045054, 6.103213787], [-1.992550015, 6.10469389], [-1.995733976, 6.105400085], [-1.997941971, 6.106245995], [-1.999971032, 6.107368946], [-2.001774073, 6.10876894], [-2.003300905, 6.110456944], [-2.004606962, 6.112353802], [-2.010149002, 6.122145176], [-2.011389017, 6.124750137], [-2.012197971, 6.127963066], [-2.012717962, 6.134823799], [-2.012742996, 6.159506798], [-2.013319969, 6.166326046], [-2.014148951, 6.169514179], [-2.018043995, 6.177202225], [-2.021094084, 6.18911314], [-2.024702072, 6.196679115], [-2.025059938, 6.199454784], [-2.024588108, 6.202201843], [-2.023361921, 6.204630852], [-2.015968084, 6.213833809], [-2.014559984, 6.216345787], [-2.013698101, 6.219261169], [-2.013288021, 6.222364902], [-2.013104916, 6.238619804], [-2.012594938, 6.244952202], [-2.011825085, 6.24791193], [-2.007702112, 6.255519867], [-2.005309105, 6.261124134], [-2.002583027, 6.26610899], [-2.001619101, 6.268610954], [-2.001458883, 6.271355152], [-2.001955986, 6.273369789], [-2.002883911, 6.275278091], [-2.004187107, 6.277008057], [-2.005844116, 6.278493881], [-2.009784937, 6.280898094], [-2.020464897, 6.28649807], [-2.023547888, 6.28728199], [-2.030224085, 6.287828922], [-2.053659916, 6.288067818], [-2.08266902, 6.287491798], [-2.089302063, 6.287529945], [-2.092551947, 6.287778854], [-2.095663071, 6.288375854], [-2.097830057, 6.289179802], [-2.099831104, 6.290284157], [-2.101603985, 6.291680813], [-2.103099108, 6.293385029], [-2.104372978, 6.295301914], [-2.106935024, 6.300086021], [-2.108592033, 6.302547932], [-2.116558075, 6.311861992], [-2.118299007, 6.314375877], [-2.121366978, 6.321024895], [-2.128370047, 6.340572834], [-2.133136034, 6.346183777], [-2.135682106, 6.348437786], [-2.138737917, 6.350361824], [-2.1419909, 6.35168314], [-2.145308971, 6.352389812], [-2.148670912, 6.352732182], [-2.158623934, 6.353244781], [-2.16178894, 6.353643894], [-2.164787054, 6.354417801], [-2.172583103, 6.35817194], [-2.175575972, 6.358917236], [-2.178723097, 6.359283924], [-2.191725969, 6.359731197], [-2.194878101, 6.360088825], [-2.197873116, 6.360836029], [-2.21055603, 6.367362022], [-2.214699984, 6.369819164], [-2.217155933, 6.3716712], [-2.221791983, 6.375807762], [-2.226639986, 6.380783081], [-2.228737116, 6.383413792], [-2.230324984, 6.386232853], [-2.231105089, 6.389139175], [-2.231333017, 6.392179012], [-2.231112003, 6.395226002], [-2.230391026, 6.398161888], [-2.226568937, 6.405873775], [-2.225775957, 6.408834934], [-2.224428892, 6.42137289], [-2.223663092, 6.424324036], [-2.219928026, 6.432021141], [-2.219177961, 6.434977055], [-2.218811035, 6.438092232], [-2.218285084, 6.450973988], [-2.217885971, 6.454101086], [-2.217097044, 6.45707798], [-2.213279963, 6.464839935], [-2.212600946, 6.467793941], [-2.212483883, 6.470843792], [-2.212924004, 6.473849773], [-2.213680983, 6.47596693], [-2.21477294, 6.477924824], [-2.216187954, 6.479642868], [-2.217937946, 6.481044769], [-2.219938993, 6.48214817], [-2.222122908, 6.482958794], [-2.22525692, 6.483572006], [-2.231846094, 6.483934879], [-2.245083094, 6.483506203], [-2.248225927, 6.483096123], [-2.25117898, 6.482367039], [-2.256083965, 6.480303764], [-2.258383989, 6.479825974], [-2.260677099, 6.480292797], [-2.265486002, 6.482508183], [-2.271074057, 6.484714031], [-2.278631926, 6.489060879], [-2.284281969, 6.491409779], [-2.29184103, 6.495763779], [-2.297493935, 6.498117924], [-2.305197001, 6.50222683], [-2.308198929, 6.503023148], [-2.31459403, 6.503555775], [-2.321034908, 6.503157139], [-2.324086905, 6.502420902], [-2.328062057, 6.500494957], [-2.331988096, 6.497951984], [-2.33373189, 6.496477127], [-2.335129023, 6.494882107], [-2.336199999, 6.493090153], [-2.337080002, 6.490230083], [-2.337599993, 6.483911991], [-2.337467909, 6.467494965], [-2.337961912, 6.46117115], [-2.33870697, 6.458215237], [-2.342437983, 6.450524807], [-2.343199968, 6.447576046], [-2.344485044, 6.43506813], [-2.345247984, 6.432123184], [-2.34899497, 6.424442768], [-2.349788904, 6.421258926], [-2.35029006, 6.41444397], [-2.350130081, 6.386288166], [-2.350490093, 6.382921219], [-2.35134697, 6.379755974], [-2.352920055, 6.376934052], [-2.354983091, 6.374314785], [-2.359761953, 6.369373798], [-2.364363909, 6.3652668], [-2.368869066, 6.362120152], [-2.376004934, 6.358360767], [-2.377690077, 6.357251167], [-2.381699085, 6.353738785], [-2.386353016, 6.34864521], [-2.393431902, 6.340182781], [-2.404757023, 6.346254826], [-2.418550014, 6.353215218], [-2.42059207, 6.354804039], [-2.421782017, 6.357076168], [-2.422380924, 6.35984993], [-2.422657013, 6.362898827], [-2.422802925, 6.389455795], [-2.423518896, 6.399756908], [-2.424262047, 6.403072834], [-2.425574064, 6.406084061], [-2.427429914, 6.408418179], [-2.430495024, 6.410721779], [-2.4335289, 6.417091846], [-2.434674978, 6.420144081], [-2.435643911, 6.424442768], [-2.436115026, 6.431243896], [-2.436341047, 6.447925091], [-2.435817003, 6.454260826], [-2.434978008, 6.457184792], [-2.433572054, 6.459684849], [-2.431749105, 6.462014198], [-2.421165943, 6.473041058], [-2.41928792, 6.475343227], [-2.417732, 6.477778912], [-2.415384054, 6.483335018], [-2.411143064, 6.490816116], [-2.408936977, 6.496436119], [-2.404706955, 6.503939152], [-2.402369976, 6.509515762], [-2.401245117, 6.511360168], [-2.398128986, 6.515112877], [-2.394224882, 6.518818855], [-2.390060902, 6.521856785], [-2.387573957, 6.523181915], [-2.385430098, 6.524644852], [-2.383920908, 6.526722908], [-2.379343987, 6.534547806], [-2.378462076, 6.53647995], [-2.377717018, 6.539435863], [-2.377244949, 6.545783997], [-2.377383947, 6.578557968], [-2.377963066, 6.584870815], [-2.378822088, 6.587790966], [-2.380247116, 6.590292931], [-2.382086039, 6.592621803], [-2.390693903, 6.6014328], [-2.39467597, 6.605967045], [-2.39625597, 6.608405113], [-2.398658037, 6.613964081], [-2.403008938, 6.621435165], [-2.405428886, 6.62698698], [-2.407007933, 6.629423141], [-2.414690971, 6.638613224], [-2.416110992, 6.641115189], [-2.417002916, 6.644166946], [-2.417578936, 6.650767803], [-2.417840958, 6.671524048], [-2.419172049, 6.694449902], [-2.398430109, 6.683815002], [-2.392208099, 6.680943012], [-2.385185957, 6.678401947], [-2.377477884, 6.674341202], [-2.37451911, 6.673643112], [-2.371443033, 6.673447132], [-2.368370056, 6.673673153], [-2.365418911, 6.674393177], [-2.357708931, 6.678258896], [-2.35472703, 6.679038048], [-2.342036963, 6.680268764], [-2.339054108, 6.681012154], [-2.331327915, 6.684822083], [-2.32219696, 6.687005997], [-2.319963932, 6.687789917], [-2.315737963, 6.689995766], [-2.313286066, 6.691819191], [-2.308712006, 6.696074963], [-2.30471611, 6.700569153], [-2.302922964, 6.703062057], [-2.299875021, 6.70895195], [-2.295967102, 6.718815804], [-2.29462409, 6.72683382], [-2.2929039, 6.733994961], [-2.291667938, 6.737258911], [-2.287456036, 6.745351791], [-2.28670001, 6.748383045], [-2.28621006, 6.754785061], [-2.286175966, 6.767850876], [-2.285671949, 6.774168968], [-2.284935951, 6.777126789], [-2.281270981, 6.784861088], [-2.280528069, 6.787827969], [-2.279530048, 6.797273159], [-2.278903008, 6.800317764], [-2.278105021, 6.802449226], [-2.277019978, 6.804419994], [-2.275644064, 6.806172848], [-2.273962021, 6.807655811], [-2.272063017, 6.80892086], [-2.259527922, 6.815697193], [-2.253665924, 6.817905903], [-2.251665115, 6.818894863], [-2.247689962, 6.821253777], [-2.244028091, 6.82402277], [-2.242682934, 6.825570107], [-2.241739035, 6.827280045], [-2.241265059, 6.829907894], [-2.241761923, 6.832538128], [-2.242722034, 6.83424902], [-2.24407506, 6.835803986], [-2.245816946, 6.837262154], [-2.251733065, 6.840980053], [-2.253730059, 6.841985226], [-2.259560108, 6.844245911], [-2.267246962, 6.8484869], [-2.272919893, 6.850793839], [-2.280607939, 6.854795933], [-2.283736944, 6.855587006], [-2.287036896, 6.855965137], [-2.293860912, 6.856174946], [-2.338849068, 6.856135845], [-2.345676899, 6.855866909], [-2.34898591, 6.855447769], [-2.35213089, 6.854618073], [-2.359998941, 6.850743771], [-2.363020897, 6.849955082], [-2.366178036, 6.84960413], [-2.369343996, 6.849598885], [-2.372371912, 6.849981785], [-2.375052929, 6.850925922], [-2.37658, 6.852071762], [-2.377710104, 6.853580952], [-2.378530979, 6.856172085], [-2.378597021, 6.85902977], [-2.377949953, 6.861890793], [-2.376415968, 6.864724159], [-2.374332905, 6.867393017], [-2.369508028, 6.872451782], [-2.364382029, 6.877174854], [-2.3617239, 6.879284859], [-2.358930111, 6.881040096], [-2.353332996, 6.883514881], [-2.350855112, 6.885039806], [-2.341506004, 6.892439842], [-2.339029074, 6.893958092], [-2.333448887, 6.896423817], [-2.330687046, 6.898174763], [-2.325670958, 6.902620792], [-2.32209897, 6.906859875], [-2.320966959, 6.908699989], [-2.318572998, 6.914254189], [-2.314611912, 6.921867847], [-2.313843966, 6.924991131], [-2.313496113, 6.928281784], [-2.313344955, 6.93508482], [-2.313796043, 6.973008156], [-2.313643932, 6.979805946], [-2.313294888, 6.983095169], [-2.312526941, 6.986213207], [-2.311335087, 6.988798141], [-2.308558941, 6.993813992], [-2.306164026, 6.999365807], [-2.305035114, 7.001214027], [-2.3016119, 7.005427837], [-2.294642925, 7.012424946], [-2.289655924, 7.016634941], [-2.286957026, 7.018342018], [-2.28115201, 7.020916939], [-2.278160095, 7.022764206], [-2.269304991, 7.029912949], [-2.266371965, 7.032040119], [-2.26334095, 7.033545971], [-2.235932112, 7.05784893], [-2.231374025, 7.061415195], [-2.228224039, 7.063158989], [-2.22486496, 7.06440115], [-2.221703053, 7.065015793], [-2.215195894, 7.06535387], [-2.20886302, 7.064754009], [-2.205986023, 7.063821793], [-2.204174995, 7.062733173], [-2.202553988, 7.061330795], [-2.200342894, 7.05865097], [-2.196178913, 7.051711082], [-2.193171024, 7.042566776], [-2.186693907, 7.018290043], [-2.158593893, 7.019163132], [-2.152529001, 7.019777775], [-2.149724007, 7.020530224], [-2.142047882, 7.024549961], [-2.136435986, 7.026896], [-2.128942966, 7.031220913], [-2.123342991, 7.033568859], [-2.118309975, 7.036355972], [-2.11571002, 7.037557125], [-2.112535, 7.038360119], [-2.109181881, 7.038743019], [-2.10223794, 7.038951874], [-2.070337057, 7.038813114], [-2.059436083, 7.038600922], [-2.040313959, 7.037718773], [-2.029891014, 7.046641827], [-2.023355007, 7.052539825], [-2.019224882, 7.055868149], [-2.017045975, 7.057165146], [-2.011370897, 7.059457779], [-2.009048939, 7.060882092], [-2.00474596, 7.064500809], [-1.942080975, 7.12704277], [-1.937584043, 7.131231785], [-1.935176969, 7.133073807], [-1.93098402, 7.13528204], [-1.928735971, 7.136017799], [-1.925850987, 7.136517048], [-1.919867992, 7.136793137], [-1.901664972, 7.136651993], [-1.895779967, 7.137107849], [-1.893021941, 7.137829781], [-1.890408039, 7.139167786], [-1.88528502, 7.142580032], [-1.881737947, 7.144591808], [-1.86759603, 7.151810169], [-1.866623044, 7.168478012], [-1.866669059, 7.195491791], [-1.866448045, 7.20196104], [-1.866057992, 7.205084801], [-1.865260005, 7.208049774], [-1.861060023, 7.215675831], [-1.856312037, 7.226527214], [-1.856137037, 7.22811079], [-1.856649995, 7.229588032], [-1.857738972, 7.230918884], [-1.859346032, 7.232110977], [-1.861279011, 7.233084202], [-1.863430023, 7.233816147], [-1.866546035, 7.234395027], [-1.876230001, 7.235376835], [-1.87925899, 7.236128807], [-1.887117028, 7.239840031], [-1.890118957, 7.240582943], [-1.893272996, 7.240942955], [-1.906291962, 7.241394043], [-1.909446001, 7.241746902], [-1.912444949, 7.24247694], [-1.920253038, 7.246228218], [-1.929276943, 7.248538971], [-1.931404948, 7.249403], [-1.933383942, 7.250522137], [-1.935148001, 7.251912117], [-1.936647058, 7.253593922], [-1.937937021, 7.255478859], [-1.940554023, 7.260201931], [-1.942450047, 7.262938976], [-1.944643021, 7.265545845], [-1.954134941, 7.275599003], [-1.95627296, 7.278202057], [-1.958047986, 7.280951023], [-1.960536957, 7.286496162], [-1.962306023, 7.289254189], [-1.966766, 7.294388771], [-1.971451998, 7.298970222], [-1.976194978, 7.302859783], [-1.98030901, 7.305325985], [-1.985260963, 7.307731152], [-1.990329981, 7.31068182], [-1.992941976, 7.311916828], [-1.995929956, 7.312689781], [-2.002317905, 7.313234806], [-2.022160053, 7.313213825], [-2.028625965, 7.312654018], [-2.031682968, 7.311851025], [-2.034383059, 7.310541153], [-2.039773941, 7.307250023], [-2.042783976, 7.305758953], [-2.049299955, 7.303226948], [-2.056442976, 7.30090189], [-2.072280884, 7.320172787], [-2.076973915, 7.325122833], [-2.083705902, 7.331682205], [-2.088455915, 7.335588932], [-2.090477943, 7.336887836], [-2.097517967, 7.340464115], [-2.102577925, 7.343447208], [-2.105185032, 7.344700813], [-2.108175039, 7.345481873], [-2.114573002, 7.345987797], [-2.121170998, 7.34581995], [-2.124478102, 7.345459938], [-2.131362915, 7.343904972], [-2.154001951, 7.337042809], [-2.151132107, 7.364089012], [-2.150366068, 7.369058132], [-2.149687052, 7.371376038], [-2.145838022, 7.37909317], [-2.145015001, 7.382028103], [-2.143939018, 7.388143063], [-2.143119097, 7.391098976], [-2.139086962, 7.398910046], [-2.136631966, 7.406182766], [-2.133723974, 7.41200304], [-2.128035069, 7.420771122], [-2.119801044, 7.437779903], [-2.118837118, 7.440659046], [-2.117932081, 7.447038174], [-2.116763115, 7.450130939], [-2.114933014, 7.453001022], [-2.113620043, 7.454359055], [-2.10691905, 7.459464073], [-2.071934938, 7.456902027], [-2.036691904, 7.456836224], [-2.029891014, 7.457433224], [-2.026711941, 7.458259106], [-2.01898098, 7.462007999], [-2.01604104, 7.462697983], [-2.012986898, 7.462893963], [-2.009927988, 7.462664127], [-2.006977081, 7.461942196], [-1.999202967, 7.458158016], [-1.996247053, 7.45743084], [-1.99318099, 7.457193851], [-1.990120053, 7.457389832], [-1.987175941, 7.45809412], [-1.984583974, 7.459307194], [-1.979547024, 7.462187767], [-1.973927021, 7.464588165], [-1.96894002, 7.467284203], [-1.966420054, 7.468241215], [-1.963613987, 7.46842289], [-1.961503983, 7.467986107], [-1.957386971, 7.46608305], [-1.949983001, 7.460803986], [-1.945757031, 7.458540916], [-1.94353497, 7.457695961], [-1.934455037, 7.455238819], [-1.926681042, 7.451438904], [-1.923728943, 7.450756073], [-1.920668006, 7.450557232], [-1.917611957, 7.450780869], [-1.914669991, 7.451485157], [-1.90692699, 7.455235958], [-1.903946042, 7.456016064], [-1.900807977, 7.456417084], [-1.887842059, 7.456995964], [-1.884703994, 7.457376003], [-1.881724954, 7.458130836], [-1.873962045, 7.461875916], [-1.870978951, 7.462656975], [-1.867820024, 7.463065147], [-1.857820988, 7.463534832], [-1.850914955, 7.46416378], [-1.832497954, 7.467456818], [-1.834717989, 7.444008827], [-1.834890962, 7.404325008], [-1.834282041, 7.398044109], [-1.83336103, 7.39521122], [-1.832260966, 7.39343977], [-1.830836058, 7.391867161], [-1.829069972, 7.390412807], [-1.825124979, 7.387872219], [-1.821218014, 7.385776997], [-1.815430999, 7.383601189], [-1.807773948, 7.379429817], [-1.802088976, 7.377186775], [-1.794504046, 7.372793198], [-1.789551973, 7.370416164], [-1.785444975, 7.367970943], [-1.783023953, 7.366113186], [-1.778458953, 7.361962795], [-1.76522398, 7.34871912], [-1.760655046, 7.344530106], [-1.758213997, 7.342701912], [-1.754016042, 7.340529919], [-1.751793027, 7.339844227], [-1.74872601, 7.33945179], [-1.745656013, 7.339585781], [-1.742707014, 7.340268135], [-1.734966993, 7.344091892], [-1.731982946, 7.344882965], [-1.728837967, 7.345285892], [-1.715842009, 7.345877171], [-1.712697029, 7.346274853], [-1.709715962, 7.347056866], [-1.701987982, 7.350887775], [-1.699041009, 7.351605892], [-1.695974946, 7.35183382], [-1.692906976, 7.35163784], [-1.68995595, 7.350938797], [-1.687360048, 7.3497262], [-1.682302952, 7.346862793], [-1.67663002, 7.344509125], [-1.668899059, 7.340232849], [-1.655696034, 7.336489201], [-1.640375972, 7.33156395], [-1.629781961, 7.340760231], [-1.62468195, 7.344770908], [-1.616008997, 7.35104084], [-1.614251971, 7.35255003], [-1.612828016, 7.354147911], [-1.611708999, 7.355923176], [-1.610687971, 7.358716965], [-1.609053016, 7.364553928], [-1.605026007, 7.372152805], [-1.602756023, 7.377772808], [-1.601405025, 7.380003929], [-1.597985983, 7.384180069], [-1.594146013, 7.388167858], [-1.589609981, 7.392336845], [-1.587170959, 7.394162178], [-1.582947969, 7.39636898], [-1.580695987, 7.397105217], [-1.577546954, 7.397643089], [-1.571105957, 7.397702217], [-1.567952037, 7.397305012], [-1.564949989, 7.396478176], [-1.557129979, 7.392412186], [-1.554123998, 7.391592026], [-1.550976992, 7.391214848], [-1.547795057, 7.39117384], [-1.544692993, 7.391496181], [-1.54181397, 7.392356873], [-1.540012002, 7.393435001], [-1.538416028, 7.39484787], [-1.536946058, 7.396605968], [-1.534418941, 7.400544167], [-1.532500029, 7.404496193], [-1.531790972, 7.407529831], [-1.531378031, 7.413953781], [-1.53162396, 7.443491936], [-1.531931996, 7.44994688], [-1.532363057, 7.453066826], [-1.533197045, 7.456029892], [-1.537210941, 7.463715076], [-1.537935019, 7.466654778], [-1.538094997, 7.469704151], [-1.537709951, 7.472725868], [-1.537004948, 7.474873066], [-1.53599596, 7.476892948], [-1.53470397, 7.478723049], [-1.533220053, 7.480219841], [-1.531509995, 7.481445789], [-1.526018023, 7.483951092], [-1.523764014, 7.485300064], [-1.515136957, 7.491887093], [-1.511016011, 7.494288921], [-1.506067991, 7.496647835], [-1.498540044, 7.501215935], [-1.493602037, 7.50357008], [-1.48950398, 7.505990028], [-1.487099051, 7.507833958], [-1.482563972, 7.511957169], [-1.466539025, 7.527993202], [-1.462453008, 7.532776833], [-1.460837007, 7.535340786], [-1.458436966, 7.540874958], [-1.456897974, 7.543317795], [-1.455044985, 7.545630932], [-1.446619034, 7.554464817], [-1.442718029, 7.559010029], [-1.441179037, 7.561450958], [-1.438866019, 7.567020893], [-1.434620023, 7.574497223], [-1.432301998, 7.580064774], [-1.43077004, 7.582509995], [-1.423182964, 7.591701984], [-1.421656013, 7.594157219], [-1.419342995, 7.599761009], [-1.41495502, 7.607297897], [-1.412534952, 7.6121068], [-1.411285996, 7.614018917], [-1.409808993, 7.615715027], [-1.408046961, 7.617101192], [-1.406057954, 7.618195057], [-1.403902054, 7.618991852], [-1.400807023, 7.619585037], [-1.397578955, 7.619835854], [-1.367761016, 7.619853973], [-1.361240983, 7.619506836], [-1.35808897, 7.618937969], [-1.355834961, 7.618192196], [-1.351588964, 7.615987778], [-1.341431022, 7.60792923], [-1.338404059, 7.606050968], [-1.331745982, 7.602701187], [-1.320430994, 7.597654819], [-1.321725011, 7.578920841], [-1.321354032, 7.559515953], [-1.321244001, 7.523122787], [-1.320991039, 7.515950203], [-1.320582986, 7.512478828], [-1.319746971, 7.509181023], [-1.316035986, 7.501430035], [-1.31525898, 7.4984622], [-1.314115047, 7.489036083], [-1.313444972, 7.48599577], [-1.312621951, 7.483869076], [-1.311519027, 7.481900215], [-1.31013298, 7.48014307], [-1.30844903, 7.478650093], [-1.306555033, 7.477371216], [-1.294142962, 7.470479012], [-1.28846097, 7.468176842], [-1.280864954, 7.463931084], [-1.275225997, 7.461606979], [-1.267536044, 7.45762682], [-1.264315963, 7.456818104], [-1.260921955, 7.456426144], [-1.253900051, 7.456198215], [-1.236103058, 7.456227779], [-1.229099035, 7.45649004], [-1.225716949, 7.456898212], [-1.222512007, 7.457714081], [-1.214756012, 7.461423874], [-1.211441994, 7.462246895], [-1.207944036, 7.462632179], [-1.193411946, 7.462903023], [-1.186318994, 7.46344614], [-1.183006048, 7.464265823], [-1.175250053, 7.467965126], [-1.172044992, 7.468773842], [-1.165187001, 7.469339848], [-1.140333056, 7.469301224], [-1.133448005, 7.469841003], [-1.130224943, 7.470673084], [-1.127606988, 7.471929073], [-1.122468948, 7.475009918], [-1.115779996, 7.477901936], [-1.092033982, 7.485272884], [-1.086900949, 7.492716789], [-1.082741976, 7.500157833], [-1.079920053, 7.504124165], [-1.078328967, 7.50566721], [-1.076583982, 7.506940842], [-1.071280003, 7.509730816], [-1.069592953, 7.511000156], [-1.066717029, 7.514331818], [-1.063084006, 7.521155834], [-1.054805994, 7.535425186], [-1.053346038, 7.537056923], [-1.051633954, 7.5383358], [-1.04973495, 7.539237976], [-1.047726989, 7.539717197], [-1.044973969, 7.539557934], [-1.042440057, 7.538630009], [-1.03729403, 7.536189079], [-1.034013987, 7.535346031], [-1.02700305, 7.53471899], [-1.008998036, 7.534577847], [-1.002022028, 7.534030914], [-0.998758018, 7.533218861], [-0.990953982, 7.529518127], [-0.987959027, 7.528772831], [-0.984809995, 7.528400898], [-0.975039005, 7.528005123], [-0.971831977, 7.527719975], [-0.968757987, 7.527101994], [-0.966615021, 7.526295185], [-0.964636981, 7.525197029], [-0.962875009, 7.523806095], [-0.960097015, 7.520215034], [-0.956268013, 7.513585091], [-0.952857971, 7.509550095], [-0.950652003, 7.50745821], [-0.948264003, 7.505602837], [-0.944065988, 7.503366947], [-0.941815972, 7.502604008], [-0.938665986, 7.502004147], [-0.935424984, 7.501730919], [-0.928879976, 7.501694202], [-0.922497988, 7.502303123], [-0.919511974, 7.503094196], [-0.911763012, 7.506917953], [-0.899788976, 7.509847164], [-0.892055988, 7.513648033], [-0.889078975, 7.514422894], [-0.882718027, 7.514978886], [-0.876151979, 7.514867783], [-0.869240999, 7.513950825], [-0.861957014, 7.5122509], [-0.837752998, 7.505906105], [-0.820885003, 7.497897148], [-0.810304999, 7.492204189], [-0.808569014, 7.491443157], [-0.806868017, 7.491171837], [-0.804858029, 7.491721153], [-0.802852988, 7.492926121], [-0.796595991, 7.497787952], [-0.79459101, 7.499094009], [-0.78758198, 7.502717972], [-0.782558978, 7.505725861], [-0.779972017, 7.506996155], [-0.777019024, 7.507815838], [-0.770852983, 7.508837223], [-0.767902017, 7.509645939], [-0.76030302, 7.513717175], [-0.754665017, 7.515965939], [-0.747075021, 7.52005291], [-0.744126022, 7.520868778], [-0.737972021, 7.521907806], [-0.735019028, 7.522715092], [-0.727326989, 7.526570797], [-0.72437501, 7.527391911], [-0.718227983, 7.528476238], [-0.715278983, 7.529316902], [-0.70757103, 7.533250809], [-0.704587996, 7.534032822], [-0.701442003, 7.534407139], [-0.695003986, 7.534440994], [-0.691847026, 7.534097195], [-0.688845992, 7.533326149], [-0.686231017, 7.532063961], [-0.681187987, 7.529038906], [-0.676379025, 7.526538849], [-0.674454987, 7.525262833], [-0.672721028, 7.523778915], [-0.669983029, 7.520106792], [-0.66742599, 7.515338898], [-0.665601015, 7.512680054], [-0.663480997, 7.51015377], [-0.649224997, 7.495763779], [-0.644869983, 7.490818024], [-0.643144011, 7.488158226], [-0.640676022, 7.482626915], [-0.639117002, 7.480178833], [-0.63142997, 7.470993996], [-0.629871011, 7.468548775], [-0.627484024, 7.462983131], [-0.623134017, 7.455513954], [-0.62085402, 7.449903011], [-0.616500974, 7.442433834], [-0.61421299, 7.436828136], [-0.609860003, 7.429358959], [-0.607582986, 7.423746109], [-0.603236973, 7.416272163], [-0.600862026, 7.410697937], [-0.599307001, 7.408245087], [-0.597450018, 7.40591383], [-0.591552019, 7.39902401], [-0.589887977, 7.396584988], [-0.587302983, 7.391841888], [-0.586027026, 7.389929771], [-0.58454603, 7.388199806], [-0.582801998, 7.386732101], [-0.580869019, 7.385477066], [-0.576050997, 7.383015156], [-0.568499982, 7.378552914], [-0.562819004, 7.376303196], [-0.555146992, 7.372273922], [-0.552159011, 7.371528149], [-0.539445996, 7.370375156], [-0.536458015, 7.369625092], [-0.528703988, 7.365814209], [-0.525721014, 7.365057945], [-0.51303798, 7.363838196], [-0.510056973, 7.36307478], [-0.502313972, 7.359241009], [-0.499329001, 7.358487129], [-0.496181011, 7.358127117], [-0.483175993, 7.357677937], [-0.480031013, 7.357316017], [-0.47704801, 7.356556892], [-0.469309986, 7.352708817], [-0.466327012, 7.351951122], [-0.463178992, 7.351587772], [-0.45017001, 7.351157188], [-0.447017998, 7.350806236], [-0.44402799, 7.35006094], [-0.436289996, 7.346218109], [-0.433331996, 7.345397949], [-0.427177995, 7.344336033], [-0.424221992, 7.343509197], [-0.416593999, 7.339398861], [-0.410932004, 7.337135792], [-0.403299987, 7.333037853], [-0.400344014, 7.33221817], [-0.394178003, 7.331175804], [-0.39121601, 7.330368996], [-0.383475989, 7.326533794], [-0.380510002, 7.325724125], [-0.374348015, 7.324683189], [-0.371392012, 7.323860168], [-0.363763005, 7.319750786], [-0.358107001, 7.317475796], [-0.350466996, 7.31339407], [-0.347483993, 7.312637806], [-0.334782004, 7.311457157], [-0.331799001, 7.31069994], [-0.324048996, 7.306880951], [-0.321060985, 7.306130886], [-0.317909002, 7.305778027], [-0.304874986, 7.305385113], [-0.301712006, 7.305049896], [-0.298707992, 7.304320812], [-0.29094699, 7.300474167], [-0.285062999, 7.29878521], [-0.282256991, 7.297733784], [-0.280481011, 7.296601772], [-0.278896987, 7.295167923], [-0.277426988, 7.293410778], [-0.273701012, 7.287612915], [-0.272695988, 7.28566885], [-0.27047801, 7.279959202], [-0.266158998, 7.272436142], [-0.263882995, 7.266816139], [-0.259757012, 7.25924921], [-0.258929998, 7.256316185], [-0.257871985, 7.250203133], [-0.257043004, 7.247270107], [-0.252905995, 7.239712238], [-0.250604004, 7.234106064], [-0.246182993, 7.226641178], [-0.243857995, 7.220993996], [-0.239489004, 7.213264942], [-0.238470003, 7.210195065], [-0.237367004, 7.205688953], [-0.234396994, 7.190869808], [-0.244366005, 7.189186096], [-0.250768006, 7.188416004], [-0.267933011, 7.188044071], [-0.271198988, 7.187807083], [-0.274356991, 7.187249184], [-0.276607007, 7.186505795], [-0.280804992, 7.184295177], [-0.28321901, 7.182465076], [-0.287728995, 7.17829895], [-0.323529989, 7.14238596], [-0.327582002, 7.137698174], [-0.329257011, 7.135192871], [-0.331746012, 7.130432129], [-0.332987994, 7.128512859], [-0.33444199, 7.126780987], [-0.336165011, 7.125316143], [-0.350392014, 7.117189884], [-0.356058002, 7.114973068], [-0.363563001, 7.110668182], [-0.369206011, 7.108428955], [-0.376809001, 7.10436821], [-0.379790008, 7.103627205], [-0.392511994, 7.102553844], [-0.395498008, 7.101821899], [-0.403201997, 7.097986221], [-0.406158, 7.097147942], [-0.412315995, 7.095839024], [-0.416682988, 7.094052792], [-0.418725014, 7.092844963], [-0.423435986, 7.089011192], [-0.445248991, 7.06708622], [-0.44975701, 7.062914848], [-0.452165991, 7.061087132], [-0.456357986, 7.058886051], [-0.458600014, 7.058148861], [-0.461742997, 7.057598114], [-0.468264014, 7.057291985], [-0.51779902, 7.057545185], [-0.527589977, 7.057326794], [-0.530727983, 7.056951046], [-0.533693016, 7.056172848], [-0.54135102, 7.052244186], [-0.544317007, 7.051466942], [-0.547455013, 7.051093102], [-0.557247996, 7.050874233], [-0.603525996, 7.051076889], [-0.606751025, 7.050836086], [-0.609844029, 7.050251961], [-0.611998022, 7.049455166], [-0.613982975, 7.048360825], [-0.615740001, 7.046967983], [-0.617208004, 7.045262814], [-0.618454993, 7.043344021], [-0.62094599, 7.038556099], [-0.622573018, 7.036098957], [-0.624471009, 7.033767223], [-0.632906973, 7.024868965], [-0.636798978, 7.020310879], [-0.638338029, 7.017868042], [-0.640718997, 7.01232481], [-0.642248988, 7.009880066], [-0.649824977, 7.000697136], [-0.651354015, 6.998250961], [-0.653742015, 6.992712975], [-0.655285001, 6.990273952], [-0.657149971, 6.987966061], [-0.665601015, 6.979141235], [-0.669505, 6.974598885], [-0.671050012, 6.972157955], [-0.673439026, 6.966619015], [-0.674965978, 6.964173794], [-0.68254602, 6.954992771], [-0.684074998, 6.952548027], [-0.686464012, 6.94701004], [-0.688006997, 6.944571018], [-0.691913009, 6.940025806], [-0.700362027, 6.931203842], [-0.702225983, 6.928894997], [-0.703769028, 6.926455975], [-0.706157982, 6.920917988], [-0.70768702, 6.918472767], [-0.715263009, 6.909292221], [-0.716791987, 6.906847], [-0.719169974, 6.901303768], [-0.720782995, 6.898756027], [-0.722738981, 6.896347046], [-0.73161602, 6.88705492], [-0.735881984, 6.882141113], [-0.752902985, 6.859100819], [-0.758149981, 6.843241215], [-0.762528002, 6.835234165], [-0.764788985, 6.829494953], [-0.769055009, 6.821935177], [-0.771377981, 6.816338062], [-0.772494018, 6.81448698], [-0.773819029, 6.812729836], [-0.777486026, 6.808797836], [-0.781585991, 6.805373192], [-0.783810019, 6.804009914], [-0.789403021, 6.801593781], [-0.791643977, 6.800247192], [-0.798013985, 6.795259953], [-0.802217007, 6.792369843], [-0.809222996, 6.788839817], [-0.816731989, 6.784401894], [-0.822363973, 6.782129765], [-0.829859972, 6.77782917], [-0.835483015, 6.775547981], [-0.843092978, 6.771506786], [-0.846069992, 6.770757198], [-0.849214971, 6.770405769], [-0.86560899, 6.770209789], [-0.871978998, 6.769688129], [-0.874951005, 6.768927097], [-0.882659018, 6.765111923], [-0.885631025, 6.764350891], [-0.891999006, 6.763825893], [-0.908394992, 6.763632774], [-0.911541998, 6.763281822], [-0.914520979, 6.762534142], [-0.922136009, 6.758491039], [-0.927776992, 6.756206989], [-0.935338974, 6.751850128], [-0.941119015, 6.749478817], [-0.950893998, 6.743402958], [-0.962940991, 6.737140179], [-0.96085602, 6.705135822], [-0.960449994, 6.701982021], [-0.95965302, 6.699007988], [-0.955501974, 6.691415787], [-0.953190982, 6.685795784], [-0.948648989, 6.678328991], [-0.946137011, 6.673565865], [-0.943368018, 6.669939995], [-0.93967402, 6.667239189], [-0.934826016, 6.664800167], [-0.927204013, 6.660257816], [-0.922190011, 6.657928944], [-0.918048978, 6.655515194], [-0.913423002, 6.651608944], [-0.910023987, 6.647667885], [-0.908878028, 6.645825863], [-0.906500995, 6.640240192], [-0.902323008, 6.632627964], [-0.898720026, 6.61891222], [-0.891430974, 6.597264767], [-0.897288978, 6.591934204], [-0.900924027, 6.589290142], [-0.906831026, 6.586693764], [-0.913033009, 6.583433151], [-0.922297001, 6.579092979], [-0.928270996, 6.575365067], [-0.93186301, 6.572441101], [-0.93482101, 6.56887579], [-0.939943016, 6.56101799], [-0.954055011, 6.534214973], [-0.956453025, 6.530934811], [-0.960319996, 6.523365974], [-0.961893022, 6.520917892], [-0.965610027, 6.516479015], [-0.969582975, 6.512366772], [-0.973636985, 6.508502007], [-0.977849007, 6.505090237], [-0.980100989, 6.503746986], [-0.985746026, 6.501410961], [-0.987980008, 6.50005722], [-0.992079973, 6.496624947], [-0.995730996, 6.492680073], [-0.99812901, 6.489041805], [-1.000321031, 6.483348846], [-1.002395034, 6.479475021], [-1.004884005, 6.475451946], [-1.007789969, 6.471887112], [-1.011361957, 6.468969822], [-1.017318964, 6.465272903], [-1.024297953, 6.461936951], [-1.028421044, 6.459538937], [-1.030995965, 6.457551956], [-1.04062295, 6.448668003], [-1.043105006, 6.446663857], [-1.045737982, 6.445012093], [-1.05134201, 6.442653179], [-1.053575993, 6.441300869], [-1.057749033, 6.43790102], [-1.061741948, 6.434099197], [-1.065582037, 6.430144787], [-1.06901896, 6.426008224], [-1.070374966, 6.423790932], [-1.072651982, 6.418194771], [-1.076912045, 6.410717964], [-1.079108953, 6.405099869], [-1.083397985, 6.397637844], [-1.085613966, 6.392028809], [-1.089913964, 6.384575844], [-1.092129946, 6.378966808], [-1.09642303, 6.371511936], [-1.098629951, 6.365898132], [-1.102923989, 6.358442783], [-1.105240941, 6.352872849], [-1.106786966, 6.350433826], [-1.114475965, 6.341300011], [-1.116026044, 6.338862896], [-1.118350983, 6.333300114], [-1.122437, 6.32575798], [-1.123234987, 6.322826862], [-1.124223948, 6.316711903], [-1.125020027, 6.313780785], [-1.128855944, 6.306137085], [-1.129587054, 6.303178787], [-1.130635977, 6.290571213], [-1.131376028, 6.287617207], [-1.13261199, 6.285052776], [-1.135472059, 6.280079842], [-1.137724042, 6.274487019], [-1.141857982, 6.266963005], [-1.142671943, 6.264037132], [-1.14368403, 6.25793314], [-1.14448595, 6.25500679], [-1.148332953, 6.247363091], [-1.149055958, 6.244394779], [-1.149371982, 6.241261959], [-1.149785042, 6.228318214], [-1.150341034, 6.2252388], [-1.151119947, 6.223092079], [-1.152202964, 6.221107006], [-1.153591037, 6.219345093], [-1.155303001, 6.217868805], [-1.16367197, 6.212947845], [-1.167510033, 6.20932579], [-1.17187202, 6.203931808], [-1.181017995, 6.191410065], [-1.181612968, 6.187415123], [-1.181818008, 6.184228897], [-1.181460023, 6.179552078], [-1.180881023, 6.1773839], [-1.176676035, 6.169242859], [-1.175958037, 6.166637897], [-1.175587058, 6.163920879], [-1.175402045, 6.158376217], [-1.175866961, 6.152946949], [-1.176553011, 6.150402069], [-1.177484989, 6.148446083], [-1.180874944, 6.142756939], [-1.183280945, 6.136872768], [-1.184676051, 6.134486198], [-1.189744949, 6.127176762], [-1.192973971, 6.121732235], [-1.191573024, 6.10749197], [-1.190289974, 6.101185799], [-1.189120054, 6.09735918], [-1.188616991, 6.094285011], [-1.188573003, 6.091299057], [-1.189015985, 6.088610172], [-1.190168977, 6.086537838], [-1.192268014, 6.085361958], [-1.197450995, 6.083962917], [-1.199524999, 6.082758904], [-1.200685024, 6.080653191], [-1.201220036, 6.077929974], [-1.202000022, 6.06863308], [-1.202720046, 6.065653801], [-1.203933001, 6.063061237], [-1.206761003, 6.058049202], [-1.209082961, 6.052466869], [-1.210634947, 6.05002594], [-1.218343973, 6.040888786], [-1.219889045, 6.038449764], [-1.222211003, 6.032885075], [-1.226531982, 6.025438786], [-1.228746057, 6.019823074], [-1.232856989, 6.012271881], [-1.233665943, 6.009327888], [-1.234639049, 6.003138065], [-1.235417008, 6.000135899], [-1.239230037, 5.99214077], [-1.239817977, 5.988975048], [-1.239753962, 5.985641003], [-1.239037991, 5.982377052], [-1.238356948, 5.980811119], [-1.236624002, 5.978464127], [-1.235427976, 5.977527142], [-1.22288096, 5.951439857], [-1.22141099, 5.947299004], [-1.220793962, 5.944150925], [-1.220340014, 5.9376688], [-1.220471978, 5.927862167], [-1.22082603, 5.924657822], [-1.221578002, 5.921563148], [-1.223263979, 5.917907238], [-1.234063029, 5.898624897], [-1.240494013, 5.895843029], [-1.246449947, 5.892889023], [-1.249212027, 5.891222954], [-1.257452965, 5.885068893], [-1.260257006, 5.883540154], [-1.263237953, 5.882641792], [-1.269438982, 5.881502151], [-1.272413969, 5.880648136], [-1.280210972, 5.876729965], [-1.283210039, 5.875964165], [-1.286339045, 5.875642776], [-1.289469004, 5.875660896], [-1.292456031, 5.876054764], [-1.295102954, 5.877024174], [-1.296620011, 5.878207207], [-1.297775984, 5.879761219], [-1.298769951, 5.882441044], [-1.299963951, 5.888343811], [-1.300958037, 5.891004086], [-1.302114964, 5.892541885], [-1.303632975, 5.893712044], [-1.306282043, 5.894696236], [-1.315533042, 5.895960808], [-1.31853199, 5.89672184], [-1.326238036, 5.900746822], [-1.331900954, 5.90304184], [-1.339550018, 5.907139778], [-1.342533946, 5.907917976], [-1.345680952, 5.908296108], [-1.352197051, 5.908531189], [-1.365417957, 5.908514977], [-1.37192297, 5.908258915], [-1.375061035, 5.907869816], [-1.378033042, 5.90709877], [-1.385751009, 5.903278828], [-1.388733983, 5.902526855], [-1.391883969, 5.902166843], [-1.404906988, 5.901572227], [-1.408015013, 5.900996208], [-1.41019702, 5.900237083], [-1.412233949, 5.899212837], [-1.414080024, 5.897954941], [-1.415599942, 5.896540165], [-1.416867971, 5.89496994], [-1.419785023, 5.890543938], [-1.421888947, 5.889054775], [-1.429797053, 5.884535789], [-1.431756973, 5.883667946], [-1.434746981, 5.882928848], [-1.444167018, 5.881795883], [-1.447029948, 5.880905151], [-1.448817015, 5.879836082], [-1.450397968, 5.878440857], [-1.451854944, 5.87670517], [-1.454383969, 5.872809887], [-1.456447005, 5.868926048], [-1.458534956, 5.863093853], [-1.459493995, 5.861105919], [-1.463081956, 5.855066776], [-1.465996981, 5.851428986], [-1.469563961, 5.8484478], [-1.47359097, 5.84599781], [-1.477483988, 5.844377041], [-1.480363965, 5.844220161], [-1.482519984, 5.84469223], [-1.484637976, 5.845543861], [-1.486683965, 5.846694946], [-1.489137053, 5.848503113], [-1.508872032, 5.866940975], [-1.510156989, 5.868353844], [-1.510887027, 5.869829178], [-1.510877013, 5.87135601], [-1.510401011, 5.873007774], [-1.509287, 5.875494957], [-1.507686973, 5.877810001], [-1.501847029, 5.884527206], [-1.500342965, 5.886757851], [-1.499608994, 5.889017105], [-1.499804974, 5.890746117], [-1.500465989, 5.892527103], [-1.502637982, 5.896399021], [-1.504034996, 5.898268223], [-1.507276058, 5.901414871], [-1.511288047, 5.904116154], [-1.515341997, 5.906460762], [-1.523059011, 5.909841061], [-1.526160955, 5.912131786], [-1.528226018, 5.914385796], [-1.531988978, 5.919660091], [-1.541445017, 5.934920788], [-1.555174947, 5.913024902], [-1.556221008, 5.911540985], [-1.557353973, 5.910219193], [-1.558652997, 5.909236908], [-1.560045004, 5.908820152], [-1.561560988, 5.908817768], [-1.563089967, 5.909221172], [-1.564553022, 5.91008997], [-1.56595695, 5.91128397], [-1.570114017, 5.915812016], [-1.597897053, 5.915178776], [-1.622110963, 5.915155888], [-1.628836036, 5.914929867], [-1.632084012, 5.91454792], [-1.635161042, 5.913759232], [-1.642886996, 5.909973145], [-1.645859003, 5.909197807], [-1.658504009, 5.907822132], [-1.661483049, 5.907025814], [-1.669219971, 5.90323782], [-1.672170043, 5.902571201], [-1.675235033, 5.902451992], [-1.678300023, 5.902860165], [-1.682667017, 5.904517174], [-1.684725046, 5.90570879], [-1.692808986, 5.911976814], [-1.695590019, 5.913752079], [-1.701151013, 5.916279793]], [[-1.549994596, 6.6614522], [-1.553563788, 6.670375179], [-1.551693039, 6.665698307], [-1.549994596, 6.6614522]], [[-1.554991464, 6.6950026], [-1.562843686, 6.694288762], [-1.55981865, 6.694563765], [-1.554991464, 6.6950026]], [[-1.541428537, 6.692147247], [-1.548965495, 6.693733975], [-1.554991464, 6.6950026], [-1.541428537, 6.692147247]], [[-1.569605947, 6.744473934], [-1.5599507453934895, 6.744538760964566], [-1.561534403, 6.744528128], [-1.569605947, 6.744473934]], [[-1.51513252, 6.868742977], [-1.490960002, 6.868708134], [-1.5321981893165657, 6.868767576638638], [-1.51513252, 6.868742977]]]}}, {"type": "Feature", "properties": {"region": "Ahafo", "constituency_count": 6, "winner_party": "NDC", "winner_votes": 130106, "winner_pct": 52.54, "total_valid_votes": 247615, "party_votes": {"NPP": 113851, "GCPP": 357, "GFP": 0, "GUM": 221, "LPG": 70, "NDP": 56, "CPP": 349, "NDC": 130106, "APC": 367, "IND": 2238}}, "geometry": {"type": "Polygon", "coordinates": [[[-2.417578936, 6.650767803], [-2.417002916, 6.644166946], [-2.416110992, 6.641115189], [-2.414690971, 6.638613224], [-2.407007933, 6.629423141], [-2.405428886, 6.62698698], [-2.403008938, 6.621435165], [-2.398658037, 6.613964081], [-2.39625597, 6.608405113], [-2.39467597, 6.605967045], [-2.390693903, 6.6014328], [-2.382086039, 6.592621803], [-2.380247116, 6.590292931], [-2.378822088, 6.587790966], [-2.377963066, 6.584870815], [-2.377383947, 6.578557968], [-2.377244949, 6.545783997], [-2.377717018, 6.539435863], [-2.378462076, 6.53647995], [-2.379343987, 6.534547806], [-2.383920908, 6.526722908], [-2.385430098, 6.524644852], [-2.387573957, 6.523181915], [-2.390060902, 6.521856785], [-2.394224882, 6.518818855], [-2.398128986, 6.515112877], [-2.401245117, 6.511360168], [-2.402369976, 6.509515762], [-2.404706955, 6.503939152], [-2.408936977, 6.496436119], [-2.411143064, 6.490816116], [-2.415384054, 6.483335018], [-2.417732, 6.477778912], [-2.41928792, 6.475343227], [-2.421165943, 6.473041058], [-2.431749105, 6.462014198], [-2.433572054, 6.459684849], [-2.434978008, 6.457184792], [-2.435817003, 6.454260826], [-2.436341047, 6.447925091], [-2.436115026, 6.431243896], [-2.435643911, 6.424442768], [-2.434674978, 6.420144081], [-2.4335289, 6.417091846], [-2.430495024, 6.410721779], [-2.455617905, 6.406550884], [-2.465532064, 6.405561924], [-2.50198698, 6.405317783], [-2.508321047, 6.405903816], [-2.511183023, 6.406808853], [-2.512974977, 6.407888889], [-2.514569998, 6.409288883], [-2.516048908, 6.411027908], [-2.519778013, 6.416817188], [-2.520785093, 6.418767929], [-2.523047924, 6.424479008], [-2.527347088, 6.432027817], [-2.529687881, 6.437630177], [-2.533768892, 6.445217133], [-2.534590006, 6.448404789], [-2.535131931, 6.455235958], [-2.535037041, 6.476442814], [-2.535204887, 6.483442783], [-2.535599947, 6.486815929], [-2.53649497, 6.48997879], [-2.537503004, 6.491878033], [-2.538784027, 6.493652821], [-2.542989016, 6.497929096], [-2.547419071, 6.50107193], [-2.554527998, 6.504581928], [-2.562165022, 6.508953094], [-2.567840099, 6.511222839], [-2.57542491, 6.515454769], [-2.581084013, 6.517730236], [-2.588671923, 6.521992207], [-2.594364882, 6.524281979], [-2.602104902, 6.528637886], [-2.608100891, 6.531096935], [-2.609956026, 6.532076836], [-2.614813089, 6.535155773], [-2.624372005, 6.541771889], [-2.6257689, 6.550275803], [-2.627499104, 6.557810783], [-2.628750086, 6.561243057], [-2.632961988, 6.569396019], [-2.63538909, 6.578503132], [-2.636276007, 6.580626965], [-2.637418032, 6.58260107], [-2.638823986, 6.584364891], [-2.640516996, 6.585866928], [-2.644426107, 6.588286877], [-2.65227294, 6.592610836], [-2.654906034, 6.593819141], [-2.658092022, 6.594606876], [-2.661447048, 6.594972134], [-2.668368101, 6.595153809], [-2.703344107, 6.594998837], [-2.710094929, 6.595545769], [-2.713258028, 6.596333027], [-2.721039057, 6.600101948], [-2.730165005, 6.602410793], [-2.735955954, 6.604651928], [-2.742405891, 6.607896805], [-2.767163992, 6.621321201], [-2.769051075, 6.62328577], [-2.77272296, 6.625967979], [-2.778979063, 6.628586769], [-2.784843922, 6.632243156], [-2.786833048, 6.633221149], [-2.789096117, 6.633835793], [-2.793908119, 6.634288788], [-2.803786039, 6.634570122], [-2.8316679, 6.637972832], [-2.831902981, 6.650959015], [-2.83265996, 6.663843155], [-2.832854033, 6.671419144], [-2.833332062, 6.782821178], [-2.83356905, 6.790156841], [-2.833978891, 6.79370594], [-2.83484292, 6.797070026], [-2.836065054, 6.799658775], [-2.838901997, 6.804684162], [-2.841306925, 6.810290813], [-2.845511913, 6.818017006], [-2.846465111, 6.821042061], [-2.847891092, 6.827486992], [-2.848963022, 6.830688953], [-2.850506067, 6.833560944], [-2.856707096, 6.842101097], [-2.848561049, 6.86359787], [-2.845604897, 6.869682789], [-2.84285903, 6.874164104], [-2.84175992, 6.876453876], [-2.840996981, 6.879426003], [-2.840651035, 6.882553101], [-2.840502024, 6.889015198], [-2.840835094, 6.918542862], [-2.840611935, 6.921751976], [-2.840055943, 6.924839973], [-2.839298964, 6.927010059], [-2.838267088, 6.929031849], [-2.836971998, 6.930857182], [-2.835488081, 6.932347775], [-2.833782911, 6.93355608], [-2.828304052, 6.936019897], [-2.823929071, 6.938980103], [-2.817822933, 6.944528103], [-2.808531046, 6.953723907], [-2.801511049, 6.96084404], [-2.797012091, 6.965953827], [-2.795068026, 6.968748093], [-2.79253602, 6.973241806], [-2.79105401, 6.975282192], [-2.78887105, 6.977413177], [-2.776673079, 7.002419949], [-2.774640083, 7.006107807], [-2.769901991, 7.013574123], [-2.767621994, 7.019176006], [-2.763339996, 7.026636124], [-2.761101961, 7.032233238], [-2.75681901, 7.039694786], [-2.754570007, 7.045288086], [-2.750271082, 7.052741051], [-2.748028994, 7.058341026], [-2.743994951, 7.065903187], [-2.74319911, 7.068839073], [-2.742212057, 7.07495594], [-2.741427898, 7.077898026], [-2.737432957, 7.08549881], [-2.735129118, 7.091090202], [-2.734011889, 7.092939854], [-2.73091197, 7.096705914], [-2.727005959, 7.100422859], [-2.724905014, 7.102049828], [-2.722676039, 7.103411198], [-2.717073917, 7.105811119], [-2.714833021, 7.107154846], [-2.708467007, 7.112154007], [-2.704265118, 7.115046024], [-2.697256088, 7.11856699], [-2.689747095, 7.123009205], [-2.684109926, 7.125263214], [-2.676606894, 7.12954998], [-2.670969009, 7.131796837], [-2.66336298, 7.135845184], [-2.660412073, 7.136659145], [-2.654261112, 7.137691021], [-2.651302099, 7.138491154], [-2.643573999, 7.142264843], [-2.640604019, 7.143046856], [-2.634392977, 7.144020081], [-2.631388903, 7.144794941], [-2.629384041, 7.145666122], [-2.62539506, 7.147911072], [-2.621495962, 7.150607109], [-2.619838953, 7.152120113], [-2.616940022, 7.15570116], [-2.613358974, 7.161670208], [-2.610166073, 7.169328213], [-2.607758999, 7.172963142], [-2.605776072, 7.175193787], [-2.603600025, 7.177275181], [-2.599246979, 7.180463791], [-2.592217922, 7.184023857], [-2.587169886, 7.187012196], [-2.584568977, 7.188264847], [-2.581583023, 7.189031124], [-2.578438044, 7.189374924], [-2.572017908, 7.189322948], [-2.568876982, 7.188934803], [-2.565891981, 7.188138008], [-2.55813098, 7.184222221], [-2.555145025, 7.183446884], [-2.551995993, 7.183069229], [-2.538989067, 7.182603836], [-2.535836935, 7.182248116], [-2.532845974, 7.181502819], [-2.525099993, 7.177690029], [-2.52214098, 7.176871777], [-2.515990019, 7.17580986], [-2.513034105, 7.174980164], [-2.510442972, 7.173715115], [-2.505398989, 7.170739174], [-2.498361111, 7.167191982], [-2.486958027, 7.15914917], [-2.47991991, 7.155598164], [-2.474869967, 7.152619839], [-2.472266912, 7.151357174], [-2.469276905, 7.150551796], [-2.459676981, 7.149103165], [-2.456675053, 7.148190975], [-2.450668097, 7.145628929], [-2.434640884, 7.137526989], [-2.426304102, 7.130311012], [-2.421497107, 7.126922131], [-2.414036989, 7.123095989], [-2.406325102, 7.118525982], [-2.400629044, 7.116221905], [-2.393066883, 7.11188221], [-2.387409925, 7.109569073], [-2.379745007, 7.105466843], [-2.376760006, 7.10469389], [-2.370414972, 7.104251862], [-2.364080906, 7.10476923], [-2.361104012, 7.105566978], [-2.353378057, 7.109498024], [-2.350399017, 7.110302925], [-2.344031096, 7.110901833], [-2.337498903, 7.110908985], [-2.331118107, 7.110325813], [-2.328128099, 7.109535217], [-2.320343971, 7.105624199], [-2.31733799, 7.104831219], [-2.314657927, 7.104493141], [-2.309053898, 7.104376793], [-2.305762053, 7.104549885], [-2.284267902, 7.106777191], [-2.290339947, 7.12426281], [-2.292738914, 7.130555153], [-2.295537949, 7.136346817], [-2.298806906, 7.141383171], [-2.30013299, 7.143966198], [-2.300952911, 7.146924019], [-2.301354885, 7.150045872], [-2.30162406, 7.156506062], [-2.301687002, 7.169614792], [-2.301489115, 7.176072121], [-2.301126957, 7.179190159], [-2.300364971, 7.182140827], [-2.296289921, 7.189693928], [-2.29399991, 7.195273876], [-2.289671898, 7.202716827], [-2.287396908, 7.208301067], [-2.283093929, 7.215754032], [-2.280842066, 7.221348763], [-2.276817083, 7.228916168], [-2.27602005, 7.231846809], [-2.275021076, 7.237955093], [-2.274230957, 7.24089098], [-2.270237923, 7.248473167], [-2.26791501, 7.254043102], [-2.266251087, 7.256658077], [-2.262034893, 7.261526108], [-2.248662949, 7.274649143], [-2.24447608, 7.278030872], [-2.242238045, 7.279380798], [-2.236639023, 7.281777859], [-2.234416008, 7.283136845], [-2.230334044, 7.286569118], [-2.228451967, 7.288495064], [-2.225399971, 7.292295933], [-2.224297047, 7.294163227], [-2.221929073, 7.299767017], [-2.219511032, 7.303407192], [-2.215358019, 7.307712078], [-2.212985992, 7.309546947], [-2.208801031, 7.311735153], [-2.206552029, 7.312461853], [-2.20339489, 7.313004971], [-2.200139999, 7.313226223], [-2.183657885, 7.313368797], [-2.180490017, 7.313700199], [-2.177484035, 7.314443111], [-2.174860001, 7.31568718], [-2.169764042, 7.318740845], [-2.162591934, 7.322636127], [-2.160553932, 7.324140072], [-2.158345938, 7.326245785], [-2.156446934, 7.32866478], [-2.155019999, 7.33133316], [-2.15427494, 7.333856106], [-2.154001951, 7.337042809], [-2.131362915, 7.343904972], [-2.124478102, 7.345459938], [-2.121170998, 7.34581995], [-2.114573002, 7.345987797], [-2.108175039, 7.345481873], [-2.105185032, 7.344700813], [-2.102577925, 7.343447208], [-2.097517967, 7.340464115], [-2.090477943, 7.336887836], [-2.088455915, 7.335588932], [-2.083705902, 7.331682205], [-2.076973915, 7.325122833], [-2.072280884, 7.320172787], [-2.056442976, 7.30090189], [-2.049299955, 7.303226948], [-2.042783976, 7.305758953], [-2.039773941, 7.307250023], [-2.034383059, 7.310541153], [-2.031682968, 7.311851025], [-2.028625965, 7.312654018], [-2.022160053, 7.313213825], [-2.002317905, 7.313234806], [-1.995929956, 7.312689781], [-1.992941976, 7.311916828], [-1.990329981, 7.31068182], [-1.985260963, 7.307731152], [-1.98030901, 7.305325985], [-1.976194978, 7.302859783], [-1.971451998, 7.298970222], [-1.966766, 7.294388771], [-1.962306023, 7.289254189], [-1.960536957, 7.286496162], [-1.958047986, 7.280951023], [-1.95627296, 7.278202057], [-1.954134941, 7.275599003], [-1.944643021, 7.265545845], [-1.942450047, 7.262938976], [-1.940554023, 7.260201931], [-1.937937021, 7.255478859], [-1.936647058, 7.253593922], [-1.935148001, 7.251912117], [-1.933383942, 7.250522137], [-1.931404948, 7.249403], [-1.929276943, 7.248538971], [-1.920253038, 7.246228218], [-1.912444949, 7.24247694], [-1.909446001, 7.241746902], [-1.906291962, 7.241394043], [-1.893272996, 7.240942955], [-1.890118957, 7.240582943], [-1.887117028, 7.239840031], [-1.87925899, 7.236128807], [-1.876230001, 7.235376835], [-1.866546035, 7.234395027], [-1.863430023, 7.233816147], [-1.861279011, 7.233084202], [-1.859346032, 7.232110977], [-1.857738972, 7.230918884], [-1.856649995, 7.229588032], [-1.856137037, 7.22811079], [-1.856312037, 7.226527214], [-1.861060023, 7.215675831], [-1.865260005, 7.208049774], [-1.866057992, 7.205084801], [-1.866448045, 7.20196104], [-1.866669059, 7.195491791], [-1.866623044, 7.168478012], [-1.86759603, 7.151810169], [-1.881737947, 7.144591808], [-1.88528502, 7.142580032], [-1.890408039, 7.139167786], [-1.893021941, 7.137829781], [-1.895779967, 7.137107849], [-1.901664972, 7.136651993], [-1.919867992, 7.136793137], [-1.925850987, 7.136517048], [-1.928735971, 7.136017799], [-1.93098402, 7.13528204], [-1.935176969, 7.133073807], [-1.937584043, 7.131231785], [-1.942080975, 7.12704277], [-2.00474596, 7.064500809], [-2.009048939, 7.060882092], [-2.011370897, 7.059457779], [-2.017045975, 7.057165146], [-2.019224882, 7.055868149], [-2.023355007, 7.052539825], [-2.029891014, 7.046641827], [-2.040313959, 7.037718773], [-2.059436083, 7.038600922], [-2.070337057, 7.038813114], [-2.10223794, 7.038951874], [-2.109181881, 7.038743019], [-2.112535, 7.038360119], [-2.11571002, 7.037557125], [-2.118309975, 7.036355972], [-2.123342991, 7.033568859], [-2.128942966, 7.031220913], [-2.136435986, 7.026896], [-2.142047882, 7.024549961], [-2.149724007, 7.020530224], [-2.152529001, 7.019777775], [-2.158593893, 7.019163132], [-2.186693907, 7.018290043], [-2.193171024, 7.042566776], [-2.196178913, 7.051711082], [-2.200342894, 7.05865097], [-2.202553988, 7.061330795], [-2.204174995, 7.062733173], [-2.205986023, 7.063821793], [-2.20886302, 7.064754009], [-2.215195894, 7.06535387], [-2.221703053, 7.065015793], [-2.22486496, 7.06440115], [-2.228224039, 7.063158989], [-2.231374025, 7.061415195], [-2.235932112, 7.05784893], [-2.26334095, 7.033545971], [-2.266371965, 7.032040119], [-2.269304991, 7.029912949], [-2.278160095, 7.022764206], [-2.28115201, 7.020916939], [-2.286957026, 7.018342018], [-2.289655924, 7.016634941], [-2.294642925, 7.012424946], [-2.3016119, 7.005427837], [-2.305035114, 7.001214027], [-2.306164026, 6.999365807], [-2.308558941, 6.993813992], [-2.311335087, 6.988798141], [-2.312526941, 6.986213207], [-2.313294888, 6.983095169], [-2.313643932, 6.979805946], [-2.313796043, 6.973008156], [-2.313344955, 6.93508482], [-2.313496113, 6.928281784], [-2.313843966, 6.924991131], [-2.314611912, 6.921867847], [-2.318572998, 6.914254189], [-2.320966959, 6.908699989], [-2.32209897, 6.906859875], [-2.325670958, 6.902620792], [-2.330687046, 6.898174763], [-2.333448887, 6.896423817], [-2.339029074, 6.893958092], [-2.341506004, 6.892439842], [-2.350855112, 6.885039806], [-2.353332996, 6.883514881], [-2.358930111, 6.881040096], [-2.3617239, 6.879284859], [-2.364382029, 6.877174854], [-2.369508028, 6.872451782], [-2.374332905, 6.867393017], [-2.376415968, 6.864724159], [-2.377949953, 6.861890793], [-2.378597021, 6.85902977], [-2.378530979, 6.856172085], [-2.377710104, 6.853580952], [-2.37658, 6.852071762], [-2.375052929, 6.850925922], [-2.372371912, 6.849981785], [-2.369343996, 6.849598885], [-2.366178036, 6.84960413], [-2.363020897, 6.849955082], [-2.359998941, 6.850743771], [-2.35213089, 6.854618073], [-2.34898591, 6.855447769], [-2.345676899, 6.855866909], [-2.338849068, 6.856135845], [-2.293860912, 6.856174946], [-2.287036896, 6.855965137], [-2.283736944, 6.855587006], [-2.280607939, 6.854795933], [-2.272919893, 6.850793839], [-2.267246962, 6.8484869], [-2.259560108, 6.844245911], [-2.253730059, 6.841985226], [-2.251733065, 6.840980053], [-2.245816946, 6.837262154], [-2.24407506, 6.835803986], [-2.242722034, 6.83424902], [-2.241761923, 6.832538128], [-2.241265059, 6.829907894], [-2.241739035, 6.827280045], [-2.242682934, 6.825570107], [-2.244028091, 6.82402277], [-2.247689962, 6.821253777], [-2.251665115, 6.818894863], [-2.253665924, 6.817905903], [-2.259527922, 6.815697193], [-2.272063017, 6.80892086], [-2.273962021, 6.807655811], [-2.275644064, 6.806172848], [-2.277019978, 6.804419994], [-2.278105021, 6.802449226], [-2.278903008, 6.800317764], [-2.279530048, 6.797273159], [-2.280528069, 6.787827969], [-2.281270981, 6.784861088], [-2.284935951, 6.777126789], [-2.285671949, 6.774168968], [-2.286175966, 6.767850876], [-2.28621006, 6.754785061], [-2.28670001, 6.748383045], [-2.287456036, 6.745351791], [-2.291667938, 6.737258911], [-2.2929039, 6.733994961], [-2.29462409, 6.72683382], [-2.295967102, 6.718815804], [-2.299875021, 6.70895195], [-2.302922964, 6.703062057], [-2.30471611, 6.700569153], [-2.308712006, 6.696074963], [-2.313286066, 6.691819191], [-2.315737963, 6.689995766], [-2.319963932, 6.687789917], [-2.32219696, 6.687005997], [-2.331327915, 6.684822083], [-2.339054108, 6.681012154], [-2.342036963, 6.680268764], [-2.35472703, 6.679038048], [-2.357708931, 6.678258896], [-2.365418911, 6.674393177], [-2.368370056, 6.673673153], [-2.371443033, 6.673447132], [-2.37451911, 6.673643112], [-2.377477884, 6.674341202], [-2.385185957, 6.678401947], [-2.392208099, 6.680943012], [-2.398430109, 6.683815002], [-2.419172049, 6.694449902], [-2.417840958, 6.671524048], [-2.417578936, 6.650767803]]]}}, {"type": "Feature", "properties": {"region": "Western", "constituency_count": 17, "winner_party": "NDC", "winner_votes": 423245, "winner_pct": 58.94, "total_valid_votes": 718067, "party_votes": {"NPP": 275231, "GCPP": 912, "GFP": 0, "GUM": 2946, "LPG": 324, "NDP": 199, "CPP": 2281, "NDC": 423245, "APC": 995, "IND": 11934}}, "geometry": {"type": "MultiPolygon", "coordinates": [[[[-2.0362679694192587, 4.752473585941334], [-2.0362671847825076, 4.752419765696832], [-2.036528111, 4.751526833], [-2.0362679694192587, 4.752473585941334]]], [[[-2.0348746788358705, 4.752509357396317], [-2.035137892, 4.752082825], [-2.0349680394980263, 4.752387823538528], [-2.0348746788358705, 4.752509357396317]]], [[[-2.0355598636985253, 4.754055079035293], [-2.035431897684422, 4.752055050345019], [-2.035415888, 4.751248837], [-2.035588191466951, 4.753951320198741], [-2.0355598636985253, 4.754055079035293]]], [[[-2.0362671847825076, 4.752419765696832], [-2.0356296469225788, 4.75460152575939], [-2.035624021199314, 4.754513289446604], [-2.036250114, 4.751526833], [-2.0360009232153042, 4.752439568006551], [-2.036250114, 4.751248837], [-2.0362671847825076, 4.752419765696832]]], [[[-2.0331803176071093, 4.754715021450805], [-2.033441352479284, 4.754225542462538], [-2.035137892, 4.751804829], [-2.034012067904909, 4.753632276105228], [-2.0331803176071093, 4.754715021450805]]], [[[-2.0332339854887103, 4.754521424792208], [-2.034584045, 4.752082825], [-2.033441352479284, 4.754225542462538], [-2.0332339854887103, 4.754521424792208]]], [[[-2.0362863986421122, 4.753737693540972], [-2.0362857871767495, 4.753695751565552], [-2.036528111, 4.752917767], [-2.0362863986421122, 4.753737693540972]]], [[[-2.035588191466951, 4.753951320198741], [-2.0360009232153042, 4.752439568006551], [-2.0356106928261317, 4.75430424139186], [-2.035588191466951, 4.753951320198741]]], [[[-2.033157679085612, 4.75501912719624], [-2.034012067904909, 4.753632276105228], [-2.0348746788358705, 4.752509357396317], [-2.0345407347105064, 4.753050508096353], [-2.033157679085612, 4.75501912719624]]], [[[-2.0356807201045, 4.755402579960392], [-2.03564654417401, 4.7548665496669535], [-2.036250114, 4.752917767], [-2.0356410145994484, 4.754779821392624], [-2.0356397461475146, 4.7547599264357805], [-2.0362679694192587, 4.752473585941334], [-2.0362857871767495, 4.753695751565552], [-2.035693196940493, 4.755598272132124], [-2.03568493074346, 4.75546862146987], [-2.036250114, 4.753749847], [-2.0356807201045, 4.755402579960392]]], [[[-2.0335660550826145, 4.754905320736218], [-2.034306049, 4.753470898], [-2.0339595335379936, 4.754198764445093], [-2.0335660550826145, 4.754905320736218]]], [[[-2.035477597654898, 4.754356402769878], [-2.0355598636985253, 4.754055079035293], [-2.0355839743154154, 4.754431912883394], [-2.03548818632295, 4.754889625365913], [-2.035477597654898, 4.754356402769878]]], [[[-2.0356106928261317, 4.75430424139186], [-2.035624021199314, 4.754513289446604], [-2.0355973276631647, 4.754640617349159], [-2.0355839743154154, 4.754431912883394], [-2.0356106928261317, 4.75430424139186]]], [[[-2.0356010811794927, 4.754699282459564], [-2.0356296469225788, 4.75460152575939], [-2.0356397461475146, 4.7547599264357805], [-2.0356115312773984, 4.75486261094779], [-2.0356010811794927, 4.754699282459564]]], [[[-2.0356010811794927, 4.754699282459564], [-2.035544271601484, 4.754893694236903], [-2.0355973276631647, 4.754640617349159], [-2.0356010811794927, 4.754699282459564]]], [[[-2.0356410145994484, 4.754779821392624], [-2.03564654417401, 4.7548665496669535], [-2.035617734806651, 4.754959568226428], [-2.035611924224288, 4.754868752461677], [-2.0356410145994484, 4.754779821392624]]], [[[-2.035611924224288, 4.754868752461677], [-2.0355989216271593, 4.7549085022021575], [-2.0356115312773984, 4.75486261094779], [-2.035611924224288, 4.754868752461677]]], [[[-2.0354918308358902, 4.755073155215166], [-2.035544271601484, 4.754893694236903], [-2.0354931129639127, 4.7551377204304766], [-2.0354918308358902, 4.755073155215166]]], [[[-2.0354959993943647, 4.755283074872737], [-2.0354948773657355, 4.755226571919245], [-2.0355989216271593, 4.7549085022021575], [-2.0354959993943647, 4.755283074872737]]], [[[-2.03224479956481, 4.755932848253731], [-2.0332339854887103, 4.754521424792208], [-2.032988737015653, 4.75496441480149], [-2.03224479956481, 4.755932848253731]]], [[[-2.0353436661292013, 4.755580199361173], [-2.03548818632295, 4.754889625365913], [-2.0354918308358902, 4.755073155215166], [-2.0353436661292013, 4.755580199361173]]], [[[-2.0354948773657355, 4.755226571919245], [-2.0354380929350446, 4.755400165422218], [-2.0354931129639127, 4.7551377204304766], [-2.0354948773657355, 4.755226571919245]]], [[[-2.0357011467538717, 4.75572296049429], [-2.0362863986421122, 4.753737693540972], [-2.036314918053254, 4.755693913], [-2.036250114, 4.755693913], [-2.036250114, 4.756527901], [-2.035972118, 4.756527901], [-2.035972118, 4.756805897], [-2.0357701920358218, 4.756805897], [-2.0357011467538717, 4.75572296049429]]], [[[-2.0356515052719977, 4.75548737945858], [-2.035508310189268, 4.755903020080762], [-2.035497297253841, 4.755348432290303], [-2.035617734806651, 4.754959568226428], [-2.0356515052719977, 4.75548737945858]]], [[[-2.0356807201045, 4.755402579960392], [-2.03568493074346, 4.75546862146987], [-2.0356559450087994, 4.755556769765398], [-2.0356515052719977, 4.75548737945858], [-2.0356807201045, 4.755402579960392]]], [[[-2.0331803176071093, 4.754715021450805], [-2.032578493548581, 4.755843530560829], [-2.032217839515292, 4.756356879702833], [-2.032988737015653, 4.75496441480149], [-2.0331803176071093, 4.754715021450805]]], [[[-2.035355259380122, 4.755795280657249], [-2.0354959993943647, 4.755283074872737], [-2.035497297253841, 4.755348432290303], [-2.0353476304244276, 4.75583167070021], [-2.035355259380122, 4.755795280657249]]], [[[-2.032578493548581, 4.755843530560829], [-2.033157679085612, 4.75501912719624], [-2.032119115600897, 4.756704932147486], [-2.032578493548581, 4.755843530560829]]], [[[-2.0352805552432423, 4.755881767851572], [-2.0354380929350446, 4.755400165422218], [-2.035355259380122, 4.755795280657249], [-2.03532662434257, 4.755899494316403], [-2.035173127946237, 4.756395097482321], [-2.0352805552432423, 4.755881767851572]]], [[[-2.0353436661292013, 4.755580199361173], [-2.0352805552432423, 4.755881767851572], [-2.035137892, 4.756317898175301], [-2.035137892, 4.756284392484777], [-2.0353436661292013, 4.755580199361173]]], [[[-2.032638073, 4.757083893], [-2.0325860100559154, 4.757083893], [-2.03244216727529, 4.757083893], [-2.03263938421946, 4.756701602737826], [-2.0326398407724544, 4.756568493239889], [-2.03263998, 4.756527901], [-2.0326624464332523, 4.756527901], [-2.0335660550826145, 4.754905320736218], [-2.032728993946206, 4.756527901], [-2.032850701231131, 4.756527901], [-2.03263845081588, 4.756973739561789], [-2.032638073, 4.757083893]]], [[[-2.0343789429106365, 4.756805897], [-2.0342885803998643, 4.756805897], [-2.0348302522686286, 4.755337463438177], [-2.0349186308331406, 4.755139828], [-2.0350248562112707, 4.754902282852394], [-2.0349442550187797, 4.755139828], [-2.035005007661484, 4.755139828], [-2.0343893923476877, 4.756805897], [-2.0342615111642557, 4.757151987928254], [-2.0343789429106365, 4.756805897]]], [[[-2.033194065, 4.7563558886298445], [-2.033194065, 4.756527901], [-2.033111903808242, 4.756527901], [-2.033194065, 4.7563558886298445]]], [[[-2.0355102338377775, 4.755999890890855], [-2.0356559450087994, 4.755556769765398], [-2.035664496029854, 4.755690416871319], [-2.035693196940493, 4.755598272132124], [-2.0357011467538717, 4.75572296049429], [-2.03567274292993, 4.755819310756721], [-2.03551713014147, 4.756347173942898], [-2.0355137020644762, 4.756174543343364], [-2.0351438719267385, 4.757361889], [-2.035137892, 4.757361889], [-2.035137892, 4.757381087651802], [-2.0349712875316865, 4.757915974], [-2.034910668655931, 4.757915974], [-2.034964315570681, 4.757660078748978], [-2.0355102338377775, 4.755999890890855]]], [[[-2.03551713014147, 4.756347173942898], [-2.035531759816958, 4.757083893], [-2.035415888, 4.757083893], [-2.035415888, 4.757361889], [-2.035217994600931, 4.757361889], [-2.03551713014147, 4.756347173942898]]], [[[-2.0318153498489635, 4.757083893], [-2.031805992, 4.757083893], [-2.031805992, 4.757100795994533], [-2.0316614454874937, 4.757361889], [-2.031511769071497, 4.757361889], [-2.032217839515292, 4.756356879702833], [-2.0318153498489635, 4.757083893]]], [[[-2.032119115600897, 4.756704932147486], [-2.031917019085896, 4.757083893], [-2.0318856515199752, 4.757083893], [-2.032119115600897, 4.756704932147486]]], [[[-2.0350461217061886, 4.756598445617227], [-2.0345242073362533, 4.75819397], [-2.034429882400709, 4.75819397], [-2.0348847450262104, 4.756527901], [-2.035137892, 4.755600675279907], [-2.035137892, 4.756284392484777], [-2.0350667357347745, 4.756527901], [-2.0350461217061886, 4.756598445617227]]], [[[-2.0318856515199752, 4.757083893], [-2.031805992, 4.757213197000348], [-2.031805992, 4.757100795994533], [-2.0318153498489635, 4.757083893], [-2.0318856515199752, 4.757083893]]], [[[-2.0317143882345734, 4.757361889], [-2.031805992, 4.757213197000348], [-2.031805992, 4.75729208520521], [-2.031768766245499, 4.757361889], [-2.0317143882345734, 4.757361889]]], [[[-2.0351438719267385, 4.757361889], [-2.035217994600931, 4.757361889], [-2.035137892, 4.757633609689329], [-2.035137892, 4.757381087651802], [-2.0351438719267385, 4.757361889]]], [[[-2.0341735985253915, 4.756805897], [-2.0342885803998643, 4.756805897], [-2.033776551721523, 4.75819397], [-2.033552880397562, 4.75819397], [-2.0341735985253915, 4.756805897]]], [[[-2.033907957330875, 4.75819397], [-2.033876497026145, 4.75819397], [-2.0342615111642557, 4.757151987928254], [-2.033907957330875, 4.75819397]]], [[[-2.035137892, 4.757633609689329], [-2.035137892, 4.757915974], [-2.0350546516852823, 4.757915974], [-2.035137892, 4.757633609689329]]], [[[-2.034862041, 4.758147927436264], [-2.034862041, 4.757971105162039], [-2.034880169736634, 4.757915974], [-2.034910668655931, 4.757915974], [-2.034862041, 4.758147927436264]]], [[[-2.0347887565306904, 4.75819397], [-2.0348105169804986, 4.758127794462862], [-2.0347966680642138, 4.75819397], [-2.0347887565306904, 4.75819397]]], [[[-2.034862041, 4.75819397], [-2.034852388450835, 4.75819397], [-2.034862041, 4.758147927436264], [-2.034862041, 4.75819397]]], [[[-2.033802479772453, 4.760854394124269], [-2.033977250114364, 4.760256301091576], [-2.034615987742312, 4.75819397], [-2.034579889319817, 4.75819397], [-2.0350461217061886, 4.756598445617227], [-2.0350691976615614, 4.756527901], [-2.035137892, 4.756317898175301], [-2.035137892, 4.75650886592853], [-2.035173127946237, 4.756395097482321], [-2.035117792532254, 4.756659511727298], [-2.03532662434257, 4.755899494316403], [-2.0353476304244276, 4.75583167070021], [-2.0350596635231804, 4.757205269961686], [-2.034964315570681, 4.757660078748978], [-2.034880169736634, 4.757915974], [-2.034862041, 4.757915974], [-2.034862041, 4.757971105162039], [-2.0348105169804986, 4.758127794462862], [-2.0349167917070425, 4.757619972264447], [-2.0347190399743145, 4.75819397], [-2.0346961657453546, 4.75819397], [-2.0346060477202372, 4.758521943348605], [-2.033802479772453, 4.760854394124269]], [[-2.0351319965274213, 4.756527901], [-2.035137892, 4.756527901], [-2.035137892, 4.75650886592853], [-2.0351319965274213, 4.756527901]]], [[[-2.034852388450835, 4.75819397], [-2.034785871511458, 4.758511255140785], [-2.0346164096441237, 4.7590553152148924], [-2.0347966680642138, 4.75819397], [-2.034852388450835, 4.75819397]]], [[[-2.0349712875316865, 4.757915974], [-2.0350546516852823, 4.757915974], [-2.0345561891370165, 4.759606837787751], [-2.034785871511458, 4.758511255140785], [-2.0349712875316865, 4.757915974]]], [[[-2.0342255239796705, 4.759906812194263], [-2.0346060477202372, 4.758521943348605], [-2.0347190399743145, 4.75819397], [-2.0347887565306904, 4.75819397], [-2.0342255239796705, 4.759906812194263]]], [[[-2.033325780510398, 4.76223806997471], [-2.033953836879477, 4.759937627625505], [-2.0345242073362533, 4.75819397], [-2.034579889319817, 4.75819397], [-2.033977250114364, 4.760256301091576], [-2.0336988399913594, 4.761155220816607], [-2.033325780510398, 4.76223806997471]]], [[[-2.0336988399913594, 4.761155220816607], [-2.033802479772453, 4.760854394124269], [-2.0329130585075603, 4.763898140882695], [-2.0326744329002904, 4.764623823388126], [-2.033045455891431, 4.7632648418645385], [-2.0336988399913594, 4.761155220816607]]], [[[-2.0322965347821347, 4.766007987099362], [-2.0329130585075603, 4.763898140882695], [-2.0342255239796705, 4.759906812194263], [-2.0332847780465744, 4.763330540060715], [-2.0312013630984214, 4.770019377549172], [-2.0322965347821347, 4.766007987099362]]], [[[-2.0346164096441237, 4.7590553152148924], [-2.0343659141503867, 4.760252280631404], [-2.0309017545972856, 4.772003257638019], [-2.0332847780465744, 4.763330540060715], [-2.0346164096441237, 4.7590553152148924]]], [[[-2.035531759816958, 4.757083893], [-2.035693884, 4.757083893], [-2.035693884, 4.756805897], [-2.0357358667789707, 4.756805897], [-2.0365067908127004, 4.768854957028051], [-2.038553953, 4.909275055], [-2.035531759816958, 4.757083893]]], [[[-2.038749933, 4.753470898], [-2.039305925, 4.753470898], [-2.039305925, 4.753192902], [-2.039582014, 4.753192902], [-2.039583921, 4.753470898], [-2.03986001, 4.753470898], [-2.03986001, 4.753749847], [-2.040416002, 4.753749847], [-2.040416002, 4.754027843], [-2.040971994, 4.754027843], [-2.040971994, 4.75430584], [-2.04152894, 4.75430584], [-2.04152894, 4.754027843], [-2.043473005, 4.754027843], [-2.043473005, 4.75430584], [-2.043751001, 4.75430584], [-2.043751001, 4.754027843], [-2.044028997, 4.754027843], [-2.044028997, 4.753749847], [-2.044305086, 4.753749847], [-2.044305086, 4.753470898], [-2.044583082, 4.753470898], [-2.044583082, 4.753192902], [-2.044861078, 4.753192902], [-2.044861078, 4.753470898], [-2.04541707, 4.753470898], [-2.04541707, 4.752917767], [-2.045695066, 4.752917767], [-2.045695066, 4.752639771], [-2.045973063, 4.752639771], [-2.045973063, 4.751248837], [-2.046251059, 4.751248837], [-2.046251059, 4.749860764], [-2.046526909, 4.749860764], [-2.046526909, 4.749304771], [-2.046804905, 4.749304771], [-2.046804905, 4.749026775], [-2.047082901, 4.749026775], [-2.047082901, 4.748748779], [-2.047360897, 4.748748779], [-2.047307968, 4.74819994], [-2.047916889, 4.748195171], [-2.047916889, 4.747917175], [-2.048194885, 4.747917175], [-2.048194885, 4.747361183], [-2.04874897, 4.747361183], [-2.04874897, 4.747083187], [-2.049026966, 4.747083187], [-2.049026966, 4.746592999], [-2.049582958, 4.746527195], [-2.049582958, 4.746251106], [-2.049860954, 4.746251106], [-2.049860954, 4.74597311], [-2.050416946, 4.74597311], [-2.050416946, 4.745417118], [-2.050694942, 4.745417118], [-2.050704002, 4.745210171], [-2.051249027, 4.745139122], [-2.051201105, 4.744870186], [-2.051805019, 4.744861126], [-2.051805019, 4.74458313], [-2.052917004, 4.74458313], [-2.052917004, 4.744305134], [-2.053471088, 4.744305134], [-2.053471088, 4.744027138], [-2.053749084, 4.744027138], [-2.053749084, 4.743751049], [-2.054027081, 4.743751049], [-2.054027081, 4.742639065], [-2.054305077, 4.742639065], [-2.054305077, 4.742361069], [-2.054027081, 4.742361069], [-2.054027081, 4.741250992], [-2.054305077, 4.741250992], [-2.054305077, 4.739860058], [-2.055418015, 4.739860058], [-2.055418015, 4.740139008], [-2.055692911, 4.740139008], [-2.055692911, 4.740417004], [-2.055970907, 4.740417004], [-2.055974007, 4.740974903], [-2.056250095, 4.740972996], [-2.056250095, 4.741250992], [-2.056806087, 4.741250992], [-2.056806087, 4.741805077], [-2.056528091, 4.741805077], [-2.056528091, 4.742083073], [-2.056806087, 4.742083073], [-2.056806087, 4.743473053], [-2.057084084, 4.743473053], [-2.057084084, 4.743751049], [-2.057915926, 4.743751049], [-2.057915926, 4.743473053], [-2.058749914, 4.743473053], [-2.058749914, 4.743751049], [-2.05902791, 4.743751049], [-2.05902791, 4.744027138], [-2.059305906, 4.744027138], [-2.059305906, 4.744305134], [-2.060971975, 4.744305134], [-2.060971975, 4.74458313], [-2.061249971, 4.74458313], [-2.061249971, 4.744305134], [-2.061805964, 4.744305134], [-2.061805964, 4.744027138], [-2.06208396, 4.744027138], [-2.06208396, 4.74458313], [-2.062361956, 4.74458313], [-2.062361956, 4.744861126], [-2.062638044, 4.744861126], [-2.062638044, 4.745139122], [-2.064028025, 4.745139122], [-2.064028025, 4.745695114], [-2.064306021, 4.745695114], [-2.064306021, 4.746527195], [-2.064028025, 4.746527195], [-2.064028025, 4.747083187], [-2.064306021, 4.747083187], [-2.064306021, 4.747361183], [-2.064860106, 4.747361183], [-2.064860106, 4.747639179], [-2.065416098, 4.747639179], [-2.065416098, 4.747361183], [-2.06597209, 4.747361183], [-2.06597209, 4.747083187], [-2.066250086, 4.747083187], [-2.066250086, 4.74597311], [-2.066528082, 4.74597311], [-2.066528082, 4.744861126], [-2.066806078, 4.744861126], [-2.066806078, 4.744027138], [-2.067081928, 4.744027138], [-2.067081928, 4.743473053], [-2.067359924, 4.743473053], [-2.067359924, 4.743195057], [-2.067915916, 4.743195057], [-2.067915916, 4.742917061], [-2.068473101, 4.742917061], [-2.068473101, 4.743473053], [-2.068751097, 4.743473053], [-2.068751097, 4.744027138], [-2.068473101, 4.744027138], [-2.068473101, 4.74458313], [-2.068193913, 4.74458313], [-2.068193913, 4.744861126], [-2.067915916, 4.744861126], [-2.067915916, 4.745417118], [-2.068193913, 4.745417118], [-2.068193913, 4.745695114], [-2.068473101, 4.745695114], [-2.068473101, 4.74597311], [-2.068751097, 4.74597311], [-2.068751097, 4.746805191], [-2.069029093, 4.746805191], [-2.069029093, 4.747083187], [-2.069303989, 4.747083187], [-2.069307089, 4.747361183], [-2.069581985, 4.747361183], [-2.069581985, 4.747083187], [-2.070138931, 4.747083187], [-2.070138931, 4.746805191], [-2.070416927, 4.746805191], [-2.070416927, 4.746527195], [-2.070972919, 4.746527195], [-2.070972919, 4.748473167], [-2.071250916, 4.748473167], [-2.071250916, 4.748748779], [-2.071805, 4.748748779], [-2.071805, 4.749026775], [-2.072082996, 4.749026775], [-2.072082996, 4.748748779], [-2.074027061, 4.748748779], [-2.074027061, 4.749026775], [-2.074305058, 4.749026775], [-2.074305058, 4.748748779], [-2.074583054, 4.748748779], [-2.074583054, 4.748473167], [-2.075695038, 4.748473167], [-2.075695038, 4.748195171], [-2.075973034, 4.748195171], [-2.075973034, 4.748473167], [-2.076527119, 4.748473167], [-2.076527119, 4.748748779], [-2.077083111, 4.748748779], [-2.077083111, 4.749026775], [-2.078195095, 4.749026775], [-2.078195095, 4.749304771], [-2.078470945, 4.749304771], [-2.078470945, 4.749026775], [-2.080138922, 4.749026775], [-2.080138922, 4.749304771], [-2.080416918, 4.749304771], [-2.080416918, 4.749026775], [-2.080696106, 4.749026775], [-2.080696106, 4.748748779], [-2.081804991, 4.748748779], [-2.081804991, 4.748473167], [-2.082917929, 4.748473167], [-2.082917929, 4.748195171], [-2.083193064, 4.748195171], [-2.083193064, 4.747917175], [-2.08375001, 4.747917175], [-2.08375001, 4.747639179], [-2.084028006, 4.747639179], [-2.084028006, 4.747361183], [-2.084306002, 4.747361183], [-2.084306002, 4.747083187], [-2.08513999, 4.747083187], [-2.08513999, 4.746805191], [-2.085694075, 4.746805191], [-2.085694075, 4.746527195], [-2.085972071, 4.746527195], [-2.085972071, 4.74458313], [-2.086250067, 4.74458313], [-2.086250067, 4.744305134], [-2.086528063, 4.744305134], [-2.086528063, 4.744027138], [-2.086806059, 4.744027138], [-2.086806059, 4.743751049], [-2.087084055, 4.743751049], [-2.087084055, 4.743473053], [-2.087915897, 4.743473053], [-2.087915897, 4.743195057], [-2.088193893, 4.743195057], [-2.088193893, 4.742917061], [-2.088471889, 4.742917061], [-2.088471889, 4.742361069], [-2.088749886, 4.742361069], [-2.088749886, 4.742083073], [-2.089027882, 4.742083073], [-2.089027882, 4.741805077], [-2.089306116, 4.741805077], [-2.089306116, 4.741528988], [-2.089584112, 4.741527081], [-2.089584112, 4.740695], [-2.090137959, 4.740695], [-2.090137959, 4.740417004], [-2.090415955, 4.740417004], [-2.090415955, 4.740139008], [-2.090693951, 4.740139008], [-2.090693951, 4.739582062], [-2.090971947, 4.739582062], [-2.090971947, 4.739028931], [-2.091249943, 4.739028931], [-2.091249943, 4.738750935], [-2.091527939, 4.738750935], [-2.091527939, 4.739028931], [-2.091805935, 4.739028931], [-2.091805935, 4.739304066], [-2.092082024, 4.739304066], [-2.092082024, 4.739860058], [-2.09236002, 4.739860058], [-2.09236002, 4.740695], [-2.092638016, 4.740695], [-2.092638016, 4.741250992], [-2.09236002, 4.741250992], [-2.09236002, 4.742361069], [-2.092161894, 4.742361069], [-2.092082024, 4.742361069], [-2.092082024, 4.743195057], [-2.091805935, 4.743195057], [-2.091805935, 4.743473053], [-2.091527939, 4.743473053], [-2.091527939, 4.743751049], [-2.090971947, 4.743751049], [-2.090971947, 4.744027138], [-2.090693951, 4.744027138], [-2.090693951, 4.74458313], [-2.090415955, 4.74458313], [-2.090415955, 4.744861126], [-2.090137959, 4.744861126], [-2.090137959, 4.745695114], [-2.090415955, 4.745695114], [-2.090415955, 4.74597311], [-2.090693951, 4.74597311], [-2.090693951, 4.746251106], [-2.090971947, 4.746251106], [-2.090971947, 4.747083187], [-2.091249943, 4.747083187], [-2.091249943, 4.747361183], [-2.091527939, 4.747361183], [-2.091527939, 4.747639179], [-2.091805935, 4.747639179], [-2.091805935, 4.747917175], [-2.092082024, 4.747917175], [-2.092082024, 4.748473167], [-2.09236002, 4.748473167], [-2.09236002, 4.748748779], [-2.092638016, 4.748748779], [-2.092638016, 4.749026775], [-2.093194008, 4.749026775], [-2.093194008, 4.749304771], [-2.093420029, 4.749304771], [-2.09375, 4.749304771], [-2.09375, 4.749582767], [-2.094306946, 4.749582767], [-2.094306946, 4.749860764], [-2.094582081, 4.749860764], [-2.094582081, 4.750139236], [-2.094860077, 4.750139236], [-2.094860077, 4.750417233], [-2.095138073, 4.750417233], [-2.095138073, 4.750692844], [-2.095416069, 4.750692844], [-2.095416069, 4.75097084], [-2.096251011, 4.75097084], [-2.096251011, 4.751248837], [-2.096803904, 4.751248837], [-2.096803904, 4.751526833], [-2.097083092, 4.751526833], [-2.097083092, 4.751804829], [-2.097639084, 4.751804829], [-2.097639084, 4.752082825], [-2.09791708, 4.752082825], [-2.09791708, 4.752361774], [-2.098751068, 4.752361774], [-2.098751068, 4.752639771], [-2.099304914, 4.752639771], [-2.099304914, 4.752917767], [-2.099582911, 4.752917767], [-2.099582911, 4.753192902], [-2.099860907, 4.753192902], [-2.099860907, 4.753470898], [-2.101250887, 4.753470898], [-2.101250887, 4.753192902], [-2.101804972, 4.753192902], [-2.101804972, 4.752917767], [-2.102360964, 4.752917767], [-2.102360964, 4.752639771], [-2.103194952, 4.752639771], [-2.103194952, 4.752917767], [-2.103472948, 4.752917767], [-2.103472948, 4.753192902], [-2.104583025, 4.753192902], [-2.104583025, 4.752917767], [-2.105973005, 4.752917767], [-2.105973005, 4.753470898], [-2.106249094, 4.753470898], [-2.106249094, 4.753749847], [-2.108192921, 4.753749847], [-2.108192921, 4.754027843], [-2.108748913, 4.754027843], [-2.108748913, 4.754583836], [-2.109306097, 4.754583836], [-2.109306097, 4.754861832], [-2.111249924, 4.754861832], [-2.111249924, 4.755139828], [-2.11152792, 4.755139828], [-2.11152792, 4.756527901], [-2.111249924, 4.756527901], [-2.111249924, 4.757083893], [-2.110693932, 4.757083893], [-2.110693932, 4.757361889], [-2.110418081, 4.757361889], [-2.110418081, 4.757639885], [-2.110140085, 4.757639885], [-2.110140085, 4.75819397], [-2.110418081, 4.75819397], [-2.110418081, 4.759027958], [-2.110693932, 4.759027958], [-2.110693932, 4.760698795], [-2.110971928, 4.760694027], [-2.110971928, 4.760972023], [-2.111249924, 4.760972023], [-2.111249924, 4.761250019], [-2.110971928, 4.761250019], [-2.110971928, 4.761806011], [-2.110693932, 4.761806011], [-2.110693932, 4.762084007], [-2.109584093, 4.762084007], [-2.109584093, 4.762360096], [-2.109306097, 4.762360096], [-2.109306097, 4.762916088], [-2.109026909, 4.762916088], [-2.109026909, 4.763194084], [-2.109306097, 4.763194084], [-2.109306097, 4.763750076], [-2.109584093, 4.763750076], [-2.109584093, 4.764028072], [-2.109862089, 4.764028072], [-2.109862089, 4.764306068], [-2.110418081, 4.764306068], [-2.110418081, 4.764582157], [-2.111249924, 4.764582157], [-2.111249924, 4.764306068], [-2.11152792, 4.764306068], [-2.11152792, 4.764028072], [-2.111805916, 4.764028072], [-2.111805916, 4.763750076], [-2.112361908, 4.763750076], [-2.112361908, 4.76347208], [-2.112909079, 4.76347208], [-2.113471985, 4.76347208], [-2.113471985, 4.764306068], [-2.113193989, 4.764306068], [-2.113193989, 4.764860153], [-2.112915993, 4.764860153], [-2.112915993, 4.765694141], [-2.112639904, 4.765694141], [-2.112639904, 4.766529083], [-2.112361908, 4.766529083], [-2.112361908, 4.766807079], [-2.112209082, 4.766807079], [-2.112083912, 4.766807079], [-2.112108946, 4.767092228], [-2.11152792, 4.767082214], [-2.11152792, 4.76763916], [-2.111249924, 4.76763916], [-2.111249924, 4.767917156], [-2.110140085, 4.767917156], [-2.110140085, 4.768195152], [-2.109862089, 4.768195152], [-2.109862089, 4.769027233], [-2.109584093, 4.769027233], [-2.109584093, 4.769305229], [-2.109306097, 4.769305229], [-2.109306097, 4.769861221], [-2.109026909, 4.769861221], [-2.109026909, 4.770139217], [-2.108748913, 4.770139217], [-2.108748913, 4.770417213], [-2.108470917, 4.770417213], [-2.108470917, 4.770973206], [-2.108192921, 4.770973206], [-2.108192921, 4.771526814], [-2.107918024, 4.771526814], [-2.107918024, 4.77180481], [-2.107639074, 4.77180481], [-2.107639074, 4.772082806], [-2.107361078, 4.772082806], [-2.107361078, 4.772360802], [-2.106805086, 4.772360802], [-2.106805086, 4.772916794], [-2.106249094, 4.772916794], [-2.106249094, 4.77319479], [-2.105973005, 4.77319479], [-2.105973005, 4.773748875], [-2.105417013, 4.773748875], [-2.105417013, 4.774582863], [-2.105139017, 4.774582863], [-2.105139017, 4.775138855], [-2.105417013, 4.775138855], [-2.105417013, 4.775416851], [-2.105139017, 4.775416851], [-2.105139017, 4.776248932], [-2.104861021, 4.776248932], [-2.104861021, 4.777916908], [-2.105139017, 4.777916908], [-2.105139017, 4.778195858], [-2.105417013, 4.778195858], [-2.105417013, 4.778470993], [-2.105695009, 4.778470993], [-2.105695009, 4.778748989], [-2.105973005, 4.778748989], [-2.105973005, 4.779583931], [-2.106249094, 4.779583931], [-2.106249094, 4.780139923], [-2.10652709, 4.780139923], [-2.10652709, 4.780415058], [-2.107639074, 4.780415058], [-2.107639074, 4.780693054], [-2.107918024, 4.780693054], [-2.107918024, 4.780972004], [-2.108192921, 4.780972004], [-2.108192921, 4.781527996], [-2.108470917, 4.781527996], [-2.108470917, 4.781805992], [-2.108748913, 4.781805992], [-2.108748913, 4.782083988], [-2.109584093, 4.782083988], [-2.109584093, 4.78263998], [-2.109862089, 4.78263998], [-2.109862089, 4.782916069], [-2.110971928, 4.782916069], [-2.110971928, 4.783194065], [-2.11152792, 4.783194065], [-2.11152792, 4.783472061], [-2.111805916, 4.783472061], [-2.111805916, 4.783750057], [-2.11152792, 4.783750057], [-2.11152792, 4.784028053], [-2.111805916, 4.784028053], [-2.111805916, 4.784306049], [-2.11152792, 4.784306049], [-2.11152792, 4.784862041], [-2.111249924, 4.784862041], [-2.111249924, 4.785694122], [-2.11152792, 4.785694122], [-2.11152792, 4.786250114], [-2.111805916, 4.786250114], [-2.111805916, 4.786528111], [-2.112361908, 4.786528111], [-2.112361908, 4.786806107], [-2.112639904, 4.786806107], [-2.112639904, 4.787084103], [-2.112915993, 4.787084103], [-2.112915993, 4.78819418], [-2.112639904, 4.78819418], [-2.112639904, 4.788472176], [-2.112361908, 4.788472176], [-2.112361908, 4.78819418], [-2.112083912, 4.78819418], [-2.112083912, 4.787638187], [-2.111249924, 4.787638187], [-2.111249924, 4.787916183], [-2.110971928, 4.787916183], [-2.110971928, 4.78819418], [-2.110693932, 4.78819418], [-2.110693932, 4.788472176], [-2.110418081, 4.788472176], [-2.110418081, 4.789306164], [-2.110693932, 4.789306164], [-2.110693932, 4.789581776], [-2.110971928, 4.789581776], [-2.110971928, 4.789859772], [-2.11152792, 4.789859772], [-2.11152792, 4.790137768], [-2.112083912, 4.790137768], [-2.112083912, 4.790415764], [-2.112361908, 4.790415764], [-2.112361908, 4.790694237], [-2.112639904, 4.790694237], [-2.112639904, 4.790972233], [-2.113193989, 4.790972233], [-2.113193989, 4.791250229], [-2.113471985, 4.791250229], [-2.113471985, 4.791528225], [-2.114027977, 4.791528225], [-2.114027977, 4.792081833], [-2.114305973, 4.792081833], [-2.114305973, 4.792359829], [-2.114583969, 4.792359829], [-2.114583969, 4.792915821], [-2.114861965, 4.792915821], [-2.114861965, 4.793194771], [-2.11541605, 4.793194771], [-2.11541605, 4.793472767], [-2.116528034, 4.793472767], [-2.116528034, 4.793750763], [-2.117638111, 4.793750763], [-2.117638111, 4.794303894], [-2.117916107, 4.794307232], [-2.117916107, 4.794582844], [-2.118472099, 4.794582844], [-2.118472099, 4.79486084], [-2.119028091, 4.79486084], [-2.119028091, 4.795138836], [-2.120415926, 4.795138836], [-2.120415926, 4.795416832], [-2.120971918, 4.795416832], [-2.120971918, 4.795694828], [-2.122081995, 4.795694828], [-2.122081995, 4.795972824], [-2.124028921, 4.795972824], [-2.124028921, 4.79625082], [-2.124583006, 4.79625082], [-2.124583006, 4.795972824], [-2.125138998, 4.795972824], [-2.125138998, 4.79625082], [-2.12569499, 4.79625082], [-2.12569499, 4.795972824], [-2.129582882, 4.795972824], [-2.129582882, 4.795694828], [-2.130139112, 4.795694828], [-2.130139112, 4.795416832], [-2.130417109, 4.795416832], [-2.130417109, 4.795138836], [-2.130695105, 4.795138836], [-2.130695105, 4.79486084], [-2.130973101, 4.79486084], [-2.130973101, 4.794303894], [-2.130417109, 4.794303894], [-2.130417109, 4.793472767], [-2.130139112, 4.793472767], [-2.130139112, 4.793194771], [-2.12902689, 4.793194771], [-2.12902689, 4.792915821], [-2.12875104, 4.792915821], [-2.12875104, 4.792637825], [-2.127639055, 4.792637825], [-2.127639055, 4.792359829], [-2.124861002, 4.792359829], [-2.124861002, 4.792081833], [-2.124028921, 4.792081833], [-2.124028921, 4.791807175], [-2.123750925, 4.791807175], [-2.123750925, 4.792081833], [-2.123472929, 4.792081833], [-2.123472929, 4.791807175], [-2.121249914, 4.791807175], [-2.121249914, 4.791528225], [-2.120693922, 4.791528225], [-2.120693922, 4.790972233], [-2.120415926, 4.790972233], [-2.120415926, 4.790694237], [-2.119859934, 4.790694237], [-2.119859934, 4.790415764], [-2.119306087, 4.790415764], [-2.119306087, 4.790137768], [-2.118472099, 4.790137768], [-2.118472099, 4.789859772], [-2.117916107, 4.789859772], [-2.117916107, 4.790137768], [-2.11680603, 4.790137768], [-2.11680603, 4.789859772], [-2.116528034, 4.789859772], [-2.116528034, 4.790137768], [-2.11541605, 4.790137768], [-2.11541605, 4.789859772], [-2.114305973, 4.789859772], [-2.114305973, 4.790137768], [-2.114027977, 4.790137768], [-2.114027977, 4.789028168], [-2.113749981, 4.789028168], [-2.113749981, 4.788750172], [-2.114027977, 4.788750172], [-2.114027977, 4.788472176], [-2.114583969, 4.788472176], [-2.114583969, 4.78819418], [-2.114861965, 4.78819418], [-2.114861965, 4.787362099], [-2.115139961, 4.787362099], [-2.115139961, 4.787084103], [-2.115972042, 4.787084103], [-2.115972042, 4.787362099], [-2.116250038, 4.787362099], [-2.116250038, 4.787084103], [-2.116528034, 4.787084103], [-2.116528034, 4.787638187], [-2.117084026, 4.787640095], [-2.117084026, 4.787916183], [-2.117638111, 4.787916183], [-2.117638111, 4.78819418], [-2.118194103, 4.78819418], [-2.118194103, 4.788472176], [-2.118750095, 4.788472176], [-2.118750095, 4.788750172], [-2.119584084, 4.788750172], [-2.119584084, 4.789028168], [-2.12013793, 4.789028168], [-2.12013793, 4.789306164], [-2.120415926, 4.789306164], [-2.120415926, 4.789581776], [-2.120693922, 4.789581776], [-2.120693922, 4.789859772], [-2.121249914, 4.789859772], [-2.121249914, 4.790137768], [-2.122081995, 4.790137768], [-2.122081995, 4.790415764], [-2.122637987, 4.790415764], [-2.122637987, 4.790694237], [-2.123750925, 4.790694237], [-2.123750925, 4.790972233], [-2.124861002, 4.790972233], [-2.124861002, 4.791250229], [-2.126250982, 4.791250229], [-2.126250982, 4.791528225], [-2.12875104, 4.791528225], [-2.12875104, 4.791807175], [-2.129304886, 4.791807175], [-2.129304886, 4.792081833], [-2.131526947, 4.792081833], [-2.131526947, 4.791807175], [-2.131804943, 4.791807175], [-2.131804943, 4.791528225], [-2.132082939, 4.791528225], [-2.132082939, 4.791250229], [-2.132360935, 4.791250229], [-2.132360935, 4.790694237], [-2.132638931, 4.790694237], [-2.132638931, 4.789859772], [-2.132916927, 4.789859772], [-2.132916927, 4.789581776], [-2.133193016, 4.789581776], [-2.133193016, 4.789306164], [-2.133749008, 4.789306164], [-2.133749008, 4.789581776], [-2.134305, 4.789581776], [-2.134305, 4.789859772], [-2.134582996, 4.789859772], [-2.134582996, 4.790415764], [-2.134860992, 4.790415764], [-2.134860992, 4.792081833], [-2.135139942, 4.792081833], [-2.135139942, 4.792359829], [-2.135695934, 4.792359829], [-2.135695934, 4.792637825], [-2.136249065, 4.792637825], [-2.136249065, 4.792915821], [-2.136806011, 4.792915821], [-2.136806011, 4.793194771], [-2.137084007, 4.793194771], [-2.137084007, 4.793472767], [-2.13847208, 4.793472767], [-2.13847208, 4.793750763], [-2.138750076, 4.793750763], [-2.138750076, 4.794303894], [-2.140140057, 4.794307232], [-2.140140057, 4.794582844], [-2.140693903, 4.794582844], [-2.140693903, 4.79486084], [-2.140971899, 4.79486084], [-2.140971899, 4.795138836], [-2.141249895, 4.795138836], [-2.141249895, 4.795416832], [-2.140971899, 4.795416832], [-2.140971899, 4.795972824], [-2.140693903, 4.795972824], [-2.140693903, 4.79625082], [-2.140415907, 4.79625082], [-2.140415907, 4.795972824], [-2.140140057, 4.795972824], [-2.140140057, 4.795694828], [-2.139584064, 4.795694828], [-2.139584064, 4.795416832], [-2.138750076, 4.795416832], [-2.138750076, 4.795694828], [-2.138194084, 4.795694828], [-2.138194084, 4.79625082], [-2.137916088, 4.79625082], [-2.137916088, 4.796528816], [-2.137639999, 4.796528816], [-2.137639999, 4.797360897], [-2.137362003, 4.797360897], [-2.137362003, 4.797638893], [-2.136528015, 4.797638893], [-2.136528015, 4.797916889], [-2.135695934, 4.797916889], [-2.135695934, 4.798194885], [-2.135139942, 4.798194885], [-2.135139942, 4.798472881], [-2.134582996, 4.798472881], [-2.134582996, 4.79874897], [-2.135971069, 4.79874897], [-2.135971069, 4.799026966], [-2.136249065, 4.799026966], [-2.136249065, 4.79874897], [-2.137084007, 4.79874897], [-2.137084007, 4.797916889], [-2.138194084, 4.797916889], [-2.138194084, 4.797638893], [-2.13847208, 4.797638893], [-2.13847208, 4.797360897], [-2.139306068, 4.797360897], [-2.139306068, 4.797638893], [-2.139584064, 4.797638893], [-2.139584064, 4.798194885], [-2.139862061, 4.798194885], [-2.139862061, 4.798472881], [-2.140971899, 4.798472881], [-2.140971899, 4.798194885], [-2.141805887, 4.798194885], [-2.141805887, 4.797916889], [-2.14319396, 4.797916889], [-2.14319396, 4.797638893], [-2.143749952, 4.797638893], [-2.143749952, 4.796804905], [-2.144027948, 4.796804905], [-2.144027948, 4.796528816], [-2.145694017, 4.796528816], [-2.145694017, 4.796804905], [-2.146528006, 4.796804905], [-2.146528006, 4.797082901], [-2.148194075, 4.797082901], [-2.148194075, 4.797360897], [-2.149859905, 4.797360897], [-2.149859905, 4.797638893], [-2.151251078, 4.797638893], [-2.151251078, 4.797916889], [-2.1534729, 4.797916889], [-2.1534729, 4.798194885], [-2.155416965, 4.798194885], [-2.155416965, 4.798472881], [-2.158473015, 4.798472881], [-2.158473015, 4.798194885], [-2.159861088, 4.798194885], [-2.159861088, 4.798472881], [-2.162082911, 4.798472881], [-2.162082911, 4.798194885], [-2.162918091, 4.798194885], [-2.162918091, 4.797916889], [-2.163470984, 4.797916889], [-2.163470984, 4.797638893], [-2.164583921, 4.797638893], [-2.164583921, 4.797360897], [-2.165139914, 4.797360897], [-2.165139914, 4.797082901], [-2.16541791, 4.797082901], [-2.16541791, 4.796804905], [-2.166527987, 4.796804905], [-2.166527987, 4.797082901], [-2.167083979, 4.797082901], [-2.167083979, 4.796804905], [-2.167361975, 4.796804905], [-2.167361975, 4.795371056], [-2.167361975, 4.795138836], [-2.167638063, 4.795138836], [-2.167639971, 4.793750763], [-2.167916059, 4.793750763], [-2.167916059, 4.792915821], [-2.168194056, 4.792915821], [-2.168194056, 4.792637825], [-2.168472052, 4.792637825], [-2.168472052, 4.792081833], [-2.168194056, 4.792081833], [-2.168194056, 4.791807175], [-2.168472052, 4.791807175], [-2.168472052, 4.791528225], [-2.16930604, 4.791528225], [-2.16930604, 4.791807175], [-2.169584036, 4.791807175], [-2.169584036, 4.792081833], [-2.169862032, 4.792081833], [-2.169862032, 4.792359829], [-2.170137882, 4.792359829], [-2.170137882, 4.792915821], [-2.170416117, 4.792915821], [-2.170416117, 4.793750763], [-2.170137882, 4.793750763], [-2.170137882, 4.79486084], [-2.169862032, 4.79486084], [-2.169862032, 4.795138836], [-2.16930604, 4.795138836], [-2.16930604, 4.795416832], [-2.169028044, 4.795416832], [-2.169028044, 4.795694828], [-2.168750048, 4.795694828], [-2.168750048, 4.795972824], [-2.168472052, 4.795972824], [-2.168472052, 4.79625082], [-2.168194056, 4.79625082], [-2.168194056, 4.796804905], [-2.168472052, 4.796804905], [-2.168472052, 4.797360897], [-2.168750048, 4.797360897], [-2.168750048, 4.797638893], [-2.169028044, 4.797638893], [-2.169028044, 4.797916889], [-2.16930604, 4.797916889], [-2.16930604, 4.798194885], [-2.169028044, 4.798194885], [-2.169028044, 4.798472881], [-2.168750048, 4.798472881], [-2.168750048, 4.79874897], [-2.168194056, 4.79874897], [-2.168194056, 4.800416946], [-2.168472052, 4.800416946], [-2.168472052, 4.800694942], [-2.168750048, 4.800694942], [-2.168750048, 4.800971031], [-2.16930604, 4.800971031], [-2.16930604, 4.800694942], [-2.169584036, 4.800694942], [-2.169584036, 4.800971031], [-2.169862032, 4.800972939], [-2.169862032, 4.801527023], [-2.170416117, 4.801527023], [-2.170416117, 4.801805019], [-2.171250105, 4.801805019], [-2.171250105, 4.802083015], [-2.171528101, 4.802083015], [-2.171528101, 4.802361012], [-2.172359943, 4.802361012], [-2.172359943, 4.802639008], [-2.172637939, 4.802639008], [-2.172637939, 4.802917004], [-2.172359943, 4.802917004], [-2.172359943, 4.803195], [-2.172637939, 4.803195], [-2.172637939, 4.803749084], [-2.172084093, 4.803749084], [-2.172084093, 4.804305077], [-2.171806097, 4.804305077], [-2.171806097, 4.804583073], [-2.171250105, 4.804583073], [-2.171250105, 4.804861069], [-2.170972109, 4.804861069], [-2.170972109, 4.804583073], [-2.169584036, 4.804583073], [-2.169584036, 4.804861069], [-2.16930604, 4.804861069], [-2.16930604, 4.80736208], [-2.169584036, 4.80736208], [-2.169584036, 4.807640076], [-2.169862032, 4.807640076], [-2.169862032, 4.80819416], [-2.170137882, 4.80819416], [-2.170137882, 4.808472157], [-2.170416117, 4.808472157], [-2.170416117, 4.808750153], [-2.170972109, 4.808750153], [-2.170972109, 4.809306145], [-2.171528101, 4.809306145], [-2.171528101, 4.809584141], [-2.172084093, 4.809584141], [-2.172084093, 4.809306145], [-2.172631025, 4.809315205], [-2.172637939, 4.809028149], [-2.173471928, 4.809028149], [-2.173471928, 4.809306145], [-2.173749924, 4.809306145], [-2.173749924, 4.809584141], [-2.174305916, 4.809584141], [-2.174305916, 4.810776234], [-2.174305916, 4.810972214], [-2.17402792, 4.810972214], [-2.17402792, 4.81125021], [-2.173749924, 4.81125021], [-2.173749924, 4.812362194], [-2.17402792, 4.812362194], [-2.17402792, 4.812637806], [-2.174305916, 4.812637806], [-2.174305916, 4.812915802], [-2.174582005, 4.812915802], [-2.174585104, 4.813471794], [-2.174860001, 4.813471794], [-2.174860001, 4.81374979], [-2.175137997, 4.81374979], [-2.175137997, 4.814027786], [-2.175415993, 4.814027786], [-2.175415993, 4.814305782], [-2.176528931, 4.814305782], [-2.176528931, 4.814583778], [-2.176804066, 4.814583778], [-2.176804066, 4.814861774], [-2.177082062, 4.814861774], [-2.177082062, 4.815137863], [-2.177361012, 4.815137863], [-2.177361012, 4.815415859], [-2.179812908, 4.815415859], [-2.180139065, 4.815415859], [-2.180139065, 4.815564156], [-2.180139065, 4.815693855], [-2.180417061, 4.815693855], [-2.180417061, 4.815971851], [-2.181251049, 4.815971851], [-2.181251049, 4.81607008], [-2.181251049, 4.816249847], [-2.181804895, 4.816249847], [-2.181804895, 4.816322803], [-2.181804895, 4.816527843], [-2.182107925, 4.816531181], [-2.182082891, 4.81680584], [-2.182360888, 4.81680584], [-2.182360888, 4.817083836], [-2.18347311, 4.817083836], [-2.18347311, 4.817359924], [-2.184091091, 4.817361832], [-2.184582949, 4.817361832], [-2.184582949, 4.81763792], [-2.18470192, 4.81763792], [-2.185694933, 4.81763792], [-2.185694933, 4.817915916], [-2.186249018, 4.817915916], [-2.186249018, 4.818193913], [-2.187916994, 4.818193913], [-2.187916994, 4.818471909], [-2.189027071, 4.818471909], [-2.189027071, 4.818749905], [-2.190418005, 4.818749905], [-2.190418005, 4.819028854], [-2.19097209, 4.819028854], [-2.19097209, 4.819300175], [-2.191250086, 4.819303989], [-2.191250086, 4.819859982], [-2.191806078, 4.819859982], [-2.191806078, 4.820137978], [-2.193193913, 4.820137978], [-2.193193913, 4.819859982], [-2.193749905, 4.819859982], [-2.193749905, 4.819581985], [-2.194308043, 4.819581985], [-2.194305897, 4.819859982], [-2.194861889, 4.819859982], [-2.194861889, 4.820137978], [-2.196249962, 4.820137978], [-2.196249962, 4.819859982], [-2.196805954, 4.819859982], [-2.196805954, 4.820137978], [-2.19708395, 4.820137978], [-2.19708395, 4.820972919], [-2.197360039, 4.820972919], [-2.197360039, 4.821250916], [-2.197638035, 4.821250916], [-2.197638035, 4.821528912], [-2.197916031, 4.821528912], [-2.197916031, 4.821805], [-2.198472023, 4.821805], [-2.198472023, 4.822082996], [-2.199584007, 4.822082996], [-2.199584007, 4.821805], [-2.199860096, 4.821805], [-2.199860096, 4.821528912], [-2.200138092, 4.821528912], [-2.200138092, 4.821250916], [-2.200416088, 4.821250916], [-2.200416088, 4.820972919], [-2.200694084, 4.820972919], [-2.200694084, 4.821250916], [-2.201528072, 4.821250916], [-2.201528072, 4.821528912], [-2.202081919, 4.821528912], [-2.202081919, 4.821805], [-2.202359915, 4.821805], [-2.202359915, 4.822082996], [-2.202637911, 4.822082996], [-2.202637911, 4.822360992], [-2.202790976, 4.822360992], [-2.202915907, 4.822360992], [-2.202915907, 4.822593212], [-2.202915907, 4.822916985], [-2.202637911, 4.822916985], [-2.202637911, 4.823194981], [-2.201528072, 4.823194981], [-2.201528072, 4.823472977], [-2.20097208, 4.823472977], [-2.20097208, 4.824027061], [-2.200694084, 4.824028969], [-2.200694084, 4.824305058], [-2.20097208, 4.824305058], [-2.20097208, 4.824583054], [-2.201250076, 4.824583054], [-2.201250076, 4.82486105], [-2.201528072, 4.82486105], [-2.201528072, 4.825139046], [-2.201807022, 4.825139046], [-2.201807022, 4.825695038], [-2.201528072, 4.825695038], [-2.201528072, 4.82625103], [-2.201250076, 4.82625103], [-2.201250076, 4.826527119], [-2.20097208, 4.826527119], [-2.20097208, 4.826805115], [-2.200694084, 4.826805115], [-2.200694084, 4.827361107], [-2.20097208, 4.827361107], [-2.20097208, 4.827639103], [-2.201250076, 4.827639103], [-2.201250076, 4.827917099], [-2.201528072, 4.827917099], [-2.201528072, 4.828195095], [-2.202081919, 4.828195095], [-2.202081919, 4.828473091], [-2.202359915, 4.828473091], [-2.202359915, 4.829027176], [-2.202081919, 4.829027176], [-2.202081919, 4.829305172], [-2.201807022, 4.829305172], [-2.201807022, 4.829583168], [-2.201528072, 4.829583168], [-2.201528072, 4.829861164], [-2.201807022, 4.829861164], [-2.201807022, 4.830695152], [-2.202081919, 4.830695152], [-2.202081919, 4.831805229], [-2.202359915, 4.831805229], [-2.202359915, 4.832361221], [-2.202637911, 4.832361221], [-2.202637911, 4.832640171], [-2.202915907, 4.832640171], [-2.202915907, 4.832918167], [-2.203195095, 4.832918167], [-2.203195095, 4.833192825], [-2.203751087, 4.833192825], [-2.203751087, 4.833470821], [-2.20430398, 4.833470821], [-2.204307079, 4.833748817], [-2.204860926, 4.833748817], [-2.204860926, 4.834305763], [-2.205138922, 4.834305763], [-2.205138922, 4.834584236], [-2.206250906, 4.834584236], [-2.206250906, 4.834305763], [-2.206804991, 4.834305763], [-2.206804991, 4.834584236], [-2.207360983, 4.834584236], [-2.207360983, 4.834862232], [-2.207082987, 4.834862232], [-2.207082987, 4.835140228], [-2.206804991, 4.835140228], [-2.206804991, 4.835418224], [-2.206526995, 4.835418224], [-2.206526995, 4.83680582], [-2.206804991, 4.83680582], [-2.206804991, 4.837083817], [-2.207082987, 4.837083817], [-2.207082987, 4.837361813], [-2.207360983, 4.837361813], [-2.207360983, 4.838193893], [-2.208194971, 4.838193893], [-2.208194971, 4.838471889], [-2.209027052, 4.838471889], [-2.209027052, 4.838749886], [-2.209305048, 4.838749886], [-2.209305048, 4.839027882], [-2.209583044, 4.839027882], [-2.209583044, 4.839305878], [-2.210139036, 4.839305878], [-2.210139036, 4.839583874], [-2.210417032, 4.839583874], [-2.210417032, 4.839859962], [-2.210695028, 4.839859962], [-2.210695028, 4.840137959], [-2.211249113, 4.840137959], [-2.211297035, 4.840417862], [-2.211491108, 4.840423107], [-2.211527109, 4.840693951], [-2.212083101, 4.840693951], [-2.212083101, 4.840971947], [-2.213195086, 4.840971947], [-2.213195086, 4.841249943], [-2.213748932, 4.841249943], [-2.213748932, 4.841527939], [-2.21458292, 4.841527939], [-2.21458292, 4.841805935], [-2.214860916, 4.841805935], [-2.214860916, 4.842083931], [-2.2154181, 4.842083931], [-2.2154181, 4.84236002], [-2.215970993, 4.84236002], [-2.215970993, 4.842638016], [-2.216248989, 4.842638016], [-2.216248989, 4.842916012], [-2.217361927, 4.842916012], [-2.217361927, 4.843194008], [-2.217639923, 4.843194008], [-2.217639923, 4.843472004], [-2.217917919, 4.843472004], [-2.217917919, 4.84375], [-2.218472004, 4.84375], [-2.218472004, 4.844305992], [-2.21875, 4.844305992], [-2.21875, 4.844583988], [-2.219861984, 4.844583988], [-2.219861984, 4.844860077], [-2.220972061, 4.844860077], [-2.220972061, 4.845138073], [-2.221250057, 4.845138073], [-2.221250057, 4.845416069], [-2.221528053, 4.845416069], [-2.221528053, 4.845694065], [-2.221806049, 4.845694065], [-2.221806049, 4.845972061], [-2.222084045, 4.845972061], [-2.222084045, 4.846251011], [-2.222362041, 4.846251011], [-2.222362041, 4.846529007], [-2.223193884, 4.846529007], [-2.223193884, 4.846807003], [-2.224028111, 4.846807003], [-2.224028111, 4.847084999], [-2.224306107, 4.847084999], [-2.224306107, 4.847360134], [-2.224862099, 4.847360134], [-2.224862099, 4.847639084], [-2.225415945, 4.847639084], [-2.225415945, 4.84791708], [-2.225693941, 4.84791708], [-2.225693941, 4.848195076], [-2.226249933, 4.848195076], [-2.226249933, 4.848473072], [-2.226527929, 4.848473072], [-2.226527929, 4.848751068], [-2.22736001, 4.848751068], [-2.22736001, 4.849027157], [-2.227916002, 4.849027157], [-2.227916002, 4.849305153], [-2.22874999, 4.849305153], [-2.22874999, 4.849583149], [-2.229306936, 4.849583149], [-2.229306936, 4.849861145], [-2.229860067, 4.849861145], [-2.229860067, 4.850139141], [-2.231528997, 4.850139141], [-2.231528997, 4.850417137], [-2.232083082, 4.850417137], [-2.232083082, 4.850695133], [-2.232639074, 4.850695133], [-2.232639074, 4.850973129], [-2.233751059, 4.850973129], [-2.233751059, 4.850695133], [-2.234304905, 4.850695133], [-2.234304905, 4.850417137], [-2.234582901, 4.850417137], [-2.234582901, 4.850139141], [-2.235416889, 4.850139141], [-2.235416889, 4.850417137], [-2.235972881, 4.850417137], [-2.235972881, 4.850695133], [-2.237916946, 4.850695133], [-2.237916946, 4.850973129], [-2.238755941, 4.850973129], [-2.239583015, 4.850973129], [-2.239553928, 4.85124588], [-2.239861012, 4.851251125], [-2.239876986, 4.851494789], [-2.239945889, 4.851527214], [-2.240139008, 4.851527214], [-2.240139008, 4.851617813], [-2.240139008, 4.85180521], [-2.240417004, 4.85180521], [-2.240417004, 4.852083206], [-2.241134882, 4.852083206], [-2.241527081, 4.852083206], [-2.241527081, 4.852266788], [-2.241527081, 4.852639198], [-2.241805077, 4.852639198], [-2.241805077, 4.852917194], [-2.242083073, 4.852917194], [-2.242083073, 4.85319519], [-2.242361069, 4.85319519], [-2.242361069, 4.853751183], [-2.242640018, 4.853751183], [-2.242640018, 4.854582787], [-2.242918015, 4.854582787], [-2.242918015, 4.855138779], [-2.243192911, 4.855138779], [-2.243192911, 4.855416775], [-2.244306087, 4.855416775], [-2.244306087, 4.855138779], [-2.245004892, 4.855138779], [-2.245693922, 4.855138779], [-2.245693922, 4.854860783], [-2.245971918, 4.854860783], [-2.245971918, 4.855138779], [-2.24652791, 4.855138779], [-2.24652791, 4.855416775], [-2.246805906, 4.855416775], [-2.246805906, 4.855972767], [-2.24652791, 4.855972767], [-2.24652791, 4.856248856], [-2.246249914, 4.856248856], [-2.246249914, 4.856804848], [-2.245971918, 4.856804848], [-2.245971918, 4.857082844], [-2.245693922, 4.857082844], [-2.245693922, 4.857638836], [-2.24534893, 4.857638836], [-2.245140076, 4.857638836], [-2.245140076, 4.857916832], [-2.243192911, 4.857916832], [-2.243192911, 4.858748913], [-2.242918015, 4.858748913], [-2.242918015, 4.859026909], [-2.241805077, 4.859026909], [-2.241805077, 4.859304905], [-2.241527081, 4.859304905], [-2.241527081, 4.860414982], [-2.241249084, 4.860417843], [-2.241249084, 4.860970974], [-2.240971088, 4.860970974], [-2.240971088, 4.861805916], [-2.241249084, 4.861805916], [-2.241249084, 4.862639904], [-2.241527081, 4.862639904], [-2.241527081, 4.862915993], [-2.241805077, 4.862915993], [-2.241805077, 4.863193989], [-2.242361069, 4.863193989], [-2.242361069, 4.863471985], [-2.242918015, 4.863471985], [-2.242918015, 4.863749981], [-2.243192911, 4.863749981], [-2.243192911, 4.864027977], [-2.243470907, 4.864027977], [-2.243470907, 4.864305973], [-2.243748903, 4.864305973], [-2.243748903, 4.864583969], [-2.244028091, 4.864583969], [-2.244028091, 4.864861965], [-2.244306087, 4.864861965], [-2.244306087, 4.865972042], [-2.244028091, 4.865972042], [-2.244028091, 4.866528034], [-2.244306087, 4.866528034], [-2.244306087, 4.867084026], [-2.244584084, 4.867084026], [-2.244584084, 4.869582176], [-2.24486208, 4.869582176], [-2.24486208, 4.872360229], [-2.245693922, 4.872360229], [-2.245693922, 4.873194218], [-2.245418072, 4.873194218], [-2.245418072, 4.874307156], [-2.245971918, 4.874307156], [-2.245971918, 4.874581814], [-2.246249914, 4.874581814], [-2.246249914, 4.874860764], [-2.24652791, 4.874860764], [-2.24652791, 4.875139236], [-2.246805906, 4.875139236], [-2.246805906, 4.877360821], [-2.247083902, 4.877360821], [-2.247083902, 4.878748894], [-2.246805906, 4.878748894], [-2.246805906, 4.87902689], [-2.247083902, 4.87902689], [-2.247083902, 4.879304886], [-2.247361898, 4.879304886], [-2.247361898, 4.879860878], [-2.247639894, 4.879860878], [-2.247639894, 4.88041687], [-2.247915983, 4.88041687], [-2.247915983, 4.881248951], [-2.248193979, 4.881248951], [-2.248193979, 4.881804943], [-2.248749971, 4.881804943], [-2.248749971, 4.882360935], [-2.249027967, 4.882360935], [-2.249027967, 4.882638931], [-2.249861956, 4.882638931], [-2.249861956, 4.883194923], [-2.25041604, 4.883194923], [-2.25041604, 4.883472919], [-2.250694036, 4.883472919], [-2.250694036, 4.883749008], [-2.250972033, 4.883749008], [-2.250972033, 4.884027004], [-2.251528025, 4.884027004], [-2.251528025, 4.884305], [-2.251806021, 4.884305], [-2.251806021, 4.884582996], [-2.252084017, 4.884582996], [-2.252084017, 4.885138988], [-2.252916098, 4.885138988], [-2.252916098, 4.885416985], [-2.253194094, 4.885416985], [-2.253194094, 4.885695934], [-2.25347209, 4.885695934], [-2.25347209, 4.885971069], [-2.254028082, 4.885971069], [-2.254028082, 4.886249065], [-2.254306078, 4.886249065], [-2.254306078, 4.886527061], [-2.254859924, 4.886527061], [-2.254859924, 4.886805058], [-2.255415916, 4.886805058], [-2.255415916, 4.887362003], [-2.255971909, 4.887362003], [-2.255971909, 4.887639999], [-2.256529093, 4.887639999], [-2.256529093, 4.887917995], [-2.256803989, 4.887917995], [-2.256807089, 4.88819313], [-2.258194923, 4.88819313], [-2.258194923, 4.88847208], [-2.258750916, 4.88847208], [-2.258750916, 4.888750076], [-2.259028912, 4.888750076], [-2.259028912, 4.889028072], [-2.259306908, 4.889028072], [-2.259306908, 4.889306068], [-2.260694981, 4.889306068], [-2.260694981, 4.889584064], [-2.260972977, 4.889584064], [-2.260972977, 4.889862061], [-2.262083054, 4.889862061], [-2.262083054, 4.890140057], [-2.263473034, 4.890140057], [-2.263473034, 4.890416145], [-2.265139103, 4.890416145], [-2.265139103, 4.890694141], [-2.265417099, 4.890694141], [-2.265417099, 4.890972137], [-2.265970945, 4.890972137], [-2.265970945, 4.891250134], [-2.266804934, 4.891250134], [-2.266804934, 4.890972137], [-2.267544031, 4.890972137], [-2.268471003, 4.890972137], [-2.268471003, 4.890694141], [-2.268748999, 4.890694141], [-2.268748999, 4.890416145], [-2.269026995, 4.890416145], [-2.269026995, 4.890140057], [-2.269304991, 4.890140057], [-2.269304991, 4.890416145], [-2.269861937, 4.890416145], [-2.269861937, 4.891806126], [-2.269582987, 4.891806126], [-2.269582987, 4.893750191], [-2.269304991, 4.893750191], [-2.269304991, 4.895137787], [-2.269026995, 4.895137787], [-2.269026995, 4.895971775], [-2.268748999, 4.895971775], [-2.268748999, 4.896805763], [-2.268471003, 4.896805763], [-2.268471003, 4.89791584], [-2.268352985, 4.89791584], [-2.268194914, 4.89791584], [-2.268194914, 4.898471832], [-2.267916918, 4.898471832], [-2.267916918, 4.899303913], [-2.267638922, 4.899303913], [-2.267638922, 4.899859905], [-2.267360926, 4.899859905], [-2.267360926, 4.900694847], [-2.267638922, 4.900694847], [-2.267638922, 4.900972843], [-2.267916918, 4.900972843], [-2.267916918, 4.901528835], [-2.268194914, 4.901528835], [-2.268194914, 4.90180397], [-2.268471003, 4.90180397], [-2.268471003, 4.90208292], [-2.268748999, 4.90208292], [-2.268748999, 4.902916908], [-2.269861937, 4.902916908], [-2.269861937, 4.900415897], [-2.270139933, 4.900415897], [-2.270139933, 4.900137901], [-2.270417929, 4.900137901], [-2.270417929, 4.899859905], [-2.27097106, 4.899859905], [-2.27097106, 4.899581909], [-2.271420002, 4.899581909], [-2.272916079, 4.899581909], [-2.272916079, 4.899859905], [-2.273472071, 4.899859905], [-2.273472071, 4.900137901], [-2.274584055, 4.900137901], [-2.274584055, 4.900415897], [-2.275140047, 4.900415897], [-2.275140047, 4.900694847], [-2.275693893, 4.900694847], [-2.275693893, 4.900972843], [-2.275971889, 4.900972843], [-2.275983095, 4.901218891], [-2.276249886, 4.901250839], [-2.276249886, 4.901528835], [-2.276806116, 4.901528835], [-2.276806116, 4.90180397], [-2.277384996, 4.901806831], [-2.277362108, 4.90208292], [-2.277915955, 4.90208292], [-2.277915955, 4.902360916], [-2.278193951, 4.902360916], [-2.278193951, 4.902638912], [-2.278749943, 4.902638912], [-2.278749943, 4.902916908], [-2.279027939, 4.902916908], [-2.279027939, 4.903194904], [-2.279583931, 4.903194904], [-2.279583931, 4.9034729], [-2.280138016, 4.9034729], [-2.280138016, 4.903750896], [-2.28125, 4.903750896], [-2.28125, 4.904028893], [-2.281805992, 4.904028893], [-2.281805992, 4.904304981], [-2.282638073, 4.904304981], [-2.282638073, 4.904582977], [-2.282916069, 4.904582977], [-2.282916069, 4.904860973], [-2.283194065, 4.904860973], [-2.283194065, 4.905138969], [-2.284029007, 4.905138969], [-2.284029007, 4.905416965], [-2.2845819, 4.905416965], [-2.2845819, 4.905694962], [-2.285139084, 4.905694962], [-2.285139084, 4.905972958], [-2.285695076, 4.905972958], [-2.285695076, 4.906250954], [-2.286251068, 4.906250954], [-2.286251068, 4.90652895], [-2.286804914, 4.90652895], [-2.286804914, 4.906805038], [-2.287360907, 4.906805038], [-2.287360907, 4.907083035], [-2.288194895, 4.907083035], [-2.288194895, 4.907361031], [-2.288750887, 4.907361031], [-2.288750887, 4.907639027], [-2.289304972, 4.907639027], [-2.289304972, 4.907917023], [-2.290694952, 4.907917023], [-2.290694952, 4.908195019], [-2.290972948, 4.908195019], [-2.290972948, 4.908471107], [-2.291249037, 4.908471107], [-2.291249037, 4.908749104], [-2.291527033, 4.908749104], [-2.291527033, 4.9090271], [-2.291805029, 4.9090271], [-2.291805029, 4.909305096], [-2.292361021, 4.909305096], [-2.292361021, 4.909583092], [-2.292917013, 4.909583092], [-2.292917013, 4.909305096], [-2.293749094, 4.909305096], [-2.293749094, 4.9090271], [-2.29402709, 4.9090271], [-2.29402709, 4.909305096], [-2.294305086, 4.909305096], [-2.294305086, 4.909583092], [-2.294583082, 4.909583092], [-2.294583082, 4.909861088], [-2.294861078, 4.909861088], [-2.294861078, 4.910139084], [-2.295139074, 4.910139084], [-2.295139074, 4.91041708], [-2.295692921, 4.91041708], [-2.295692921, 4.910695076], [-2.296526909, 4.910695076], [-2.296526909, 4.910971165], [-2.297640085, 4.910971165], [-2.297640085, 4.911249161], [-2.298192978, 4.911249161], [-2.298192978, 4.911527157], [-2.298749924, 4.911527157], [-2.298749924, 4.911805153], [-2.29902792, 4.911805153], [-2.29902792, 4.912083149], [-2.299583912, 4.912083149], [-2.299583912, 4.912361145], [-2.300693989, 4.912361145], [-2.300693989, 4.912639141], [-2.301249981, 4.912639141], [-2.301249981, 4.912918091], [-2.301805973, 4.912918091], [-2.301805973, 4.913196087], [-2.302638054, 4.913196087], [-2.302639961, 4.913471222], [-2.303194046, 4.913471222], [-2.303194046, 4.913749218], [-2.304028034, 4.913749218], [-2.304028034, 4.914027214], [-2.304584026, 4.914027214], [-2.304584026, 4.914306164], [-2.305416107, 4.914306164], [-2.305416107, 4.91458416], [-2.306528091, 4.91458416], [-2.306528091, 4.914862156], [-2.307359934, 4.914862156], [-2.307359934, 4.915140152], [-2.307915926, 4.915140152], [-2.307915926, 4.915418148], [-2.30902791, 4.915418148], [-2.30902791, 4.915694237], [-2.309307098, 4.915694237], [-2.309307098, 4.915972233], [-2.309859991, 4.915972233], [-2.309859991, 4.916250229], [-2.310137987, 4.916250229], [-2.310137987, 4.916806221], [-2.310415983, 4.916806221], [-2.310415983, 4.917084217], [-2.312082052, 4.917084217], [-2.312082052, 4.917362213], [-2.312638998, 4.917362213], [-2.312638998, 4.917640209], [-2.313472986, 4.917640209], [-2.313472986, 4.917915821], [-2.314305067, 4.917915821], [-2.314305067, 4.918193817], [-2.314583063, 4.918193817], [-2.314583063, 4.918471813], [-2.315139055, 4.918471813], [-2.315139055, 4.918749809], [-2.315695047, 4.918749809], [-2.315695047, 4.919027805], [-2.31652689, 4.919027805], [-2.31652689, 4.919305801], [-2.317361116, 4.919305801], [-2.317361116, 4.919583797], [-2.317639112, 4.919583797], [-2.317639112, 4.919861794], [-2.318473101, 4.919861794], [-2.318473101, 4.920137882], [-2.319582939, 4.920137882], [-2.319582939, 4.920415878], [-2.319860935, 4.920415878], [-2.319860935, 4.920693874], [-2.320138931, 4.920693874], [-2.320138931, 4.92097187], [-2.320693016, 4.92097187], [-2.320693016, 4.921249866], [-2.321805, 4.921249866], [-2.321805, 4.921527863], [-2.322360992, 4.921527863], [-2.322360992, 4.921805859], [-2.323195934, 4.921805859], [-2.323195934, 4.922083855], [-2.324027061, 4.922083855], [-2.324027061, 4.922359943], [-2.324584007, 4.922361851], [-2.324584007, 4.922637939], [-2.325139999, 4.922637939], [-2.325139999, 4.922915936], [-2.325692892, 4.922915936], [-2.325692892, 4.923193932], [-2.32597208, 4.923193932], [-2.32597208, 4.923471928], [-2.326528072, 4.923471928], [-2.326528072, 4.923749924], [-2.327915907, 4.923749924], [-2.327915907, 4.92402792], [-2.328193903, 4.92402792], [-2.328193903, 4.924305916], [-2.329583883, 4.924305916], [-2.329583883, 4.924583912], [-2.330415964, 4.924583912], [-2.330415964, 4.924860001], [-2.331249952, 4.924860001], [-2.331249952, 4.925137997], [-2.331805944, 4.925137997], [-2.331805944, 4.925415993], [-2.332916021, 4.925415993], [-2.332916021, 4.925693989], [-2.333472013, 4.925693989], [-2.333472013, 4.925971985], [-2.33375001, 4.925971985], [-2.33375001, 4.926249981], [-2.334860086, 4.926249981], [-2.334860086, 4.926528931], [-2.335972071, 4.926528931], [-2.335972071, 4.926806927], [-2.336529016, 4.926806927], [-2.336529016, 4.927082062], [-2.337359905, 4.927082062], [-2.337359905, 4.927360058], [-2.338195086, 4.927360058], [-2.338195086, 4.927638054], [-2.339029074, 4.927638054], [-2.339029074, 4.927917004], [-2.33958292, 4.927917004], [-2.33958292, 4.928195], [-2.340416908, 4.928195], [-2.340416908, 4.928472996], [-2.341526985, 4.928472996], [-2.341526985, 4.928750992], [-2.342360973, 4.928750992], [-2.342360973, 4.929026127], [-2.342916965, 4.929028988], [-2.342916965, 4.929305077], [-2.343750954, 4.929305077], [-2.343750954, 4.929583073], [-2.344305038, 4.929583073], [-2.344305038, 4.929861069], [-2.344861031, 4.929861069], [-2.344861031, 4.930139065], [-2.345695019, 4.930139065], [-2.345695019, 4.930417061], [-2.346805096, 4.930417061], [-2.346805096, 4.930695057], [-2.347639084, 4.930695057], [-2.347639084, 4.930973053], [-2.348195076, 4.930973053], [-2.348195076, 4.930695057], [-2.348748922, 4.930695057], [-2.348748922, 4.930973053], [-2.349304914, 4.930973053], [-2.349304914, 4.931251049], [-2.349860907, 4.931251049], [-2.349860907, 4.931527138], [-2.350418091, 4.931527138], [-2.350418091, 4.93208313], [-2.350970984, 4.93208313], [-2.350970984, 4.932361126], [-2.351526976, 4.932361126], [-2.351526976, 4.932639122], [-2.352639914, 4.932639122], [-2.352639914, 4.932917118], [-2.353471994, 4.932917118], [-2.353471994, 4.933195114], [-2.354305983, 4.933195114], [-2.354305983, 4.93347311], [-2.355416059, 4.93347311], [-2.355416059, 4.933751106], [-2.357637882, 4.933751106], [-2.357637882, 4.934027195], [-2.358194113, 4.934027195], [-2.358194113, 4.934305191], [-2.358750105, 4.934305191], [-2.358750105, 4.934583187], [-2.360137939, 4.934583187], [-2.360137939, 4.934861183], [-2.360693932, 4.934861183], [-2.360693932, 4.935139179], [-2.361249924, 4.935139179], [-2.361249924, 4.935417175], [-2.362637997, 4.935417175], [-2.362637997, 4.935695171], [-2.363471985, 4.935695171], [-2.363471985, 4.935973167], [-2.364306927, 4.935973167], [-2.364306927, 4.936251163], [-2.365138054, 4.936251163], [-2.365138054, 4.936526775], [-2.366250992, 4.936526775], [-2.366250992, 4.936804771], [-2.366805077, 4.936804771], [-2.366805077, 4.937082767], [-2.367639065, 4.937082767], [-2.367639065, 4.937360764], [-2.368473053, 4.937360764], [-2.368473053, 4.937639236], [-2.369304895, 4.937639236], [-2.369304895, 4.937917233], [-2.370695114, 4.937917233], [-2.370695114, 4.938192844], [-2.37124896, 4.938192844], [-2.37124896, 4.93847084], [-2.371804953, 4.93847084], [-2.371804953, 4.938748837], [-2.374027014, 4.938748837], [-2.374027014, 4.939026833], [-2.374861002, 4.939026833], [-2.374861002, 4.939304829], [-2.375416994, 4.939304829], [-2.375416994, 4.939582825], [-2.376527071, 4.939582825], [-2.376527071, 4.939860821], [-2.377640009, 4.939860821], [-2.377640009, 4.940139771], [-2.378192902, 4.940139771], [-2.378192902, 4.940417767], [-2.380140066, 4.940417767], [-2.380140066, 4.940692902], [-2.380415916, 4.940692902], [-2.380415916, 4.940970898], [-2.380693913, 4.940970898], [-2.380693913, 4.941248894], [-2.381249905, 4.941248894], [-2.381249905, 4.941527843], [-2.382083893, 4.941527843], [-2.382083893, 4.94180584], [-2.382361889, 4.94180584], [-2.382361889, 4.942361832], [-2.382083893, 4.942361832], [-2.382083893, 4.943193913], [-2.381805897, 4.943193913], [-2.381805897, 4.943471909], [-2.382083893, 4.943471909], [-2.382083893, 4.944027901], [-2.38319397, 4.944027901], [-2.38319397, 4.944305897], [-2.38458395, 4.944305897], [-2.38458395, 4.944027901], [-2.384860039, 4.944027901], [-2.384860039, 4.943749905], [-2.38458395, 4.943749905], [-2.38458395, 4.943471909], [-2.384027958, 4.943471909], [-2.384027958, 4.942361832], [-2.384305954, 4.942361832], [-2.384305954, 4.942083836], [-2.38458395, 4.942083836], [-2.38458395, 4.942361832], [-2.385416031, 4.942361832], [-2.385416031, 4.942639828], [-2.385972023, 4.942639828], [-2.385972023, 4.942917824], [-2.387084007, 4.942917824], [-2.387084007, 4.943193913], [-2.388194084, 4.943193913], [-2.388194084, 4.943471909], [-2.389028072, 4.943471909], [-2.389028072, 4.943749905], [-2.390971899, 4.943749905], [-2.390971899, 4.944027901], [-2.391251087, 4.944027901], [-2.391251087, 4.943749905], [-2.39180398, 4.943749905], [-2.391807079, 4.944027901], [-2.392081976, 4.944027901], [-2.392081976, 4.944305897], [-2.392916918, 4.944305897], [-2.392916918, 4.944583893], [-2.395416975, 4.944583893], [-2.395416975, 4.944861889], [-2.395694971, 4.944861889], [-2.395694971, 4.945139885], [-2.396250963, 4.945139885], [-2.396250963, 4.945415974], [-2.397639036, 4.945417881], [-2.397639036, 4.94569397], [-2.398195028, 4.94569397], [-2.398195028, 4.945971966], [-2.400139093, 4.945971966], [-2.400139093, 4.946249962], [-2.400417089, 4.946249962], [-2.400417089, 4.946527958], [-2.400970936, 4.946527958], [-2.400970936, 4.946805954], [-2.402916908, 4.946805954], [-2.402916908, 4.94708395], [-2.404582977, 4.94708395], [-2.404582977, 4.947361946], [-2.405693054, 4.947361946], [-2.405693054, 4.947638035], [-2.40625, 4.947638035], [-2.40625, 4.947916031], [-2.408472061, 4.947916031], [-2.408472061, 4.948194027], [-2.410137892, 4.948194027], [-2.410137892, 4.948472023], [-2.410972118, 4.948472023], [-2.410972118, 4.948750019], [-2.412084103, 4.948750019], [-2.412084103, 4.949028015], [-2.413193941, 4.949028015], [-2.413193941, 4.949306011], [-2.414305925, 4.949306011], [-2.414305925, 4.949584007], [-2.415416002, 4.949584007], [-2.415416002, 4.949860096], [-2.41624999, 4.949860096], [-2.41624999, 4.950138092], [-2.417360067, 4.950138092], [-2.417360067, 4.950416088], [-2.418473005, 4.950416088], [-2.418473005, 4.950694084], [-2.418751001, 4.950694084], [-2.418751001, 4.95097208], [-2.420139074, 4.95097208], [-2.420139074, 4.951250076], [-2.420973063, 4.951250076], [-2.420973063, 4.951528072], [-2.422082901, 4.951528072], [-2.422082901, 4.951806068], [-2.423194885, 4.951806068], [-2.423194885, 4.952082157], [-2.424860954, 4.952084064], [-2.424860954, 4.952360153], [-2.427083015, 4.952360153], [-2.427083015, 4.952638149], [-2.428472996, 4.952638149], [-2.428472996, 4.952916145], [-2.429305077, 4.952916145], [-2.429305077, 4.953194141], [-2.429861069, 4.953194141], [-2.429861069, 4.953472137], [-2.430692911, 4.953472137], [-2.430692911, 4.953751087], [-2.432084084, 4.953751087], [-2.432084084, 4.954029083], [-2.433192968, 4.954029083], [-2.433192968, 4.954307079], [-2.435139894, 4.954307079], [-2.435139894, 4.954582214], [-2.435693979, 4.954582214], [-2.435693979, 4.95486021], [-2.436527967, 4.95486021], [-2.436527967, 4.95513916], [-2.437638044, 4.95513916], [-2.437639952, 4.955417156], [-2.439306021, 4.955417156], [-2.439306021, 4.955695152], [-2.439860106, 4.955695152], [-2.439860106, 4.955417156], [-2.440138102, 4.955417156], [-2.440138102, 4.955695152], [-2.440694094, 4.955695152], [-2.440694094, 4.955973148], [-2.441528082, 4.955973148], [-2.441528082, 4.956251144], [-2.442915916, 4.956251144], [-2.442915916, 4.95652914], [-2.443193913, 4.95652914], [-2.443193913, 4.956251144], [-2.443471909, 4.956251144], [-2.443471909, 4.95652914], [-2.444307089, 4.95652914], [-2.444307089, 4.956805229], [-2.445137978, 4.956805229], [-2.445137978, 4.957083225], [-2.446250916, 4.957083225], [-2.446250916, 4.957361221], [-2.447638988, 4.957361221], [-2.447638988, 4.957639217], [-2.448194981, 4.957639217], [-2.448194981, 4.957917213], [-2.44986105, 4.957917213], [-2.44986105, 4.95819521], [-2.45125103, 4.95819521], [-2.45125103, 4.958473206], [-2.451805115, 4.958473206], [-2.451805115, 4.958748817], [-2.452361107, 4.958751202], [-2.452361107, 4.959026814], [-2.453195095, 4.959026814], [-2.453195095, 4.95930481], [-2.455138922, 4.95930481], [-2.455138922, 4.959582806], [-2.455971003, 4.959582806], [-2.455971003, 4.959860802], [-2.459027052, 4.959860802], [-2.459027052, 4.960138798], [-2.459861994, 4.960138798], [-2.459861994, 4.960416794], [-2.461250067, 4.960416794], [-2.461250067, 4.96069479], [-2.462915897, 4.96069479], [-2.462915897, 4.960972786], [-2.463193893, 4.960972786], [-2.463193893, 4.961248875], [-2.464306116, 4.961248875], [-2.464306116, 4.961526871], [-2.465415955, 4.961526871], [-2.465415955, 4.961804867], [-2.466805935, 4.961804867], [-2.466805935, 4.961526871], [-2.467082024, 4.961526871], [-2.467082024, 4.961804867], [-2.469027996, 4.961804867], [-2.469027996, 4.962082863], [-2.470138073, 4.962082863], [-2.470138073, 4.962360859], [-2.470972061, 4.962360859], [-2.470972061, 4.962638855], [-2.472637892, 4.962638855], [-2.472637892, 4.962916851], [-2.475694895, 4.962916851], [-2.475694895, 4.963194847], [-2.476250887, 4.963194847], [-2.476250887, 4.963472843], [-2.476804972, 4.963472843], [-2.476804972, 4.963748932], [-2.47763896, 4.963748932], [-2.47763896, 4.964026928], [-2.478472948, 4.964026928], [-2.478472948, 4.964304924], [-2.480695009, 4.964304924], [-2.480695009, 4.96458292], [-2.482639074, 4.96458292], [-2.482639074, 4.964860916], [-2.484026909, 4.964860916], [-2.484026909, 4.965138912], [-2.484860897, 4.965138912], [-2.484860897, 4.965416908], [-2.485970974, 4.965416908], [-2.485970974, 4.965694904], [-2.487639904, 4.965694904], [-2.487639904, 4.965973854], [-2.489027977, 4.965973854], [-2.489027977, 4.966248989], [-2.49041605, 4.966248989], [-2.49041605, 4.966526985], [-2.491528034, 4.966526985], [-2.491528034, 4.966804981], [-2.492638111, 4.966804981], [-2.492638111, 4.967082977], [-2.493472099, 4.967082977], [-2.493472099, 4.967361927], [-2.49513793, 4.967361927], [-2.49513793, 4.967639923], [-2.497359991, 4.967639923], [-2.497359991, 4.967915058], [-2.498193979, 4.967915058], [-2.498193979, 4.968193054], [-2.499304056, 4.968193054], [-2.499304056, 4.96847105], [-2.500138998, 4.96847105], [-2.500138998, 4.968193054], [-2.50069499, 4.968193054], [-2.50069499, 4.96847105], [-2.501528978, 4.96847105], [-2.501528978, 4.96875], [-2.504304886, 4.96875], [-2.504304886, 4.969027996], [-2.505417109, 4.969027996], [-2.505417109, 4.969305992], [-2.506248951, 4.969305992], [-2.506248951, 4.969583988], [-2.507360935, 4.969583988], [-2.507360935, 4.969861984], [-2.508194923, 4.969861984], [-2.508194923, 4.97013998], [-2.509305, 4.97013998], [-2.509305, 4.970416069], [-2.511805058, 4.970416069], [-2.511805058, 4.970694065], [-2.513470888, 4.970694065], [-2.513470888, 4.970972061], [-2.514584064, 4.970972061], [-2.514584064, 4.971250057], [-2.517362118, 4.971250057], [-2.517362118, 4.971528053], [-2.519583941, 4.971528053], [-2.519583941, 4.971806049], [-2.520972013, 4.971806049], [-2.520972013, 4.972084045], [-2.521806002, 4.972084045], [-2.521806002, 4.972362041], [-2.522916079, 4.972362041], [-2.522916079, 4.972640038], [-2.523750067, 4.972640038], [-2.523750067, 4.972916126], [-2.525693893, 4.972916126], [-2.525693893, 4.973194122], [-2.525973082, 4.973194122], [-2.525973082, 4.973472118], [-2.52680707, 4.973472118], [-2.52680707, 4.973194122], [-2.527081966, 4.973194122], [-2.527081966, 4.973472118], [-2.5284729, 4.973472118], [-2.5284729, 4.973750114], [-2.529304981, 4.973750114], [-2.529304981, 4.974028111], [-2.530972958, 4.974028111], [-2.530972958, 4.974306107], [-2.532083035, 4.974306107], [-2.532083035, 4.974584103], [-2.532917023, 4.974584103], [-2.532917023, 4.974862099], [-2.536526918, 4.974862099], [-2.536526918, 4.975138187], [-2.537082911, 4.975138187], [-2.537082911, 4.974862099], [-2.537638903, 4.974862099], [-2.537638903, 4.975138187], [-2.538470984, 4.975140095], [-2.538470984, 4.975416183], [-2.539026976, 4.975416183], [-2.539026976, 4.97569418], [-2.539861917, 4.97569418], [-2.539861917, 4.975972176], [-2.542083979, 4.975972176], [-2.542083979, 4.976250172], [-2.542916059, 4.976250172], [-2.542916059, 4.976528168], [-2.544028044, 4.976528168], [-2.544028044, 4.976806164], [-2.544146061, 4.976806164], [-2.545694113, 4.976806164], [-2.545694113, 4.97708416], [-2.547084093, 4.97708416], [-2.547084093, 4.977359772], [-2.547915936, 4.977359772], [-2.547915936, 4.977637768], [-2.549860001, 4.977637768], [-2.549860001, 4.977915764], [-2.550693989, 4.977915764], [-2.550693989, 4.978194237], [-2.551249981, 4.978194237], [-2.551249981, 4.978472233], [-2.552638054, 4.978472233], [-2.552638054, 4.978750229], [-2.55291605, 4.978750229], [-2.55291605, 4.979028225], [-2.554583073, 4.979028225], [-2.554583073, 4.979306221], [-2.555417061, 4.979306221], [-2.555417061, 4.979028225], [-2.556251049, 4.979028225], [-2.556251049, 4.979306221], [-2.557082891, 4.979306221], [-2.557082891, 4.979581833], [-2.558195114, 4.979581833], [-2.558195114, 4.979306221], [-2.559026957, 4.979306221], [-2.559026957, 4.979581833], [-2.560138941, 4.979581833], [-2.560138941, 4.979859829], [-2.561249018, 4.979859829], [-2.561249018, 4.980137825], [-2.56180501, 4.980137825], [-2.56180501, 4.980415821], [-2.562638998, 4.980415821], [-2.562638998, 4.980693817], [-2.564861059, 4.980693817], [-2.564861059, 4.980972767], [-2.565418005, 4.980972767], [-2.565418005, 4.981250763], [-2.566248894, 4.981250763], [-2.566248894, 4.981529236], [-2.56652689, 4.981529236], [-2.56652689, 4.981250763], [-2.567084074, 4.981250763], [-2.567084074, 4.981529236], [-2.567918062, 4.981529236], [-2.567918062, 4.981803894], [-2.57208395, 4.981807232], [-2.57208395, 4.98208189], [-2.572638035, 4.98208189], [-2.572639942, 4.98236084], [-2.573750019, 4.98236084], [-2.573750019, 4.982638836], [-2.574306011, 4.982638836], [-2.574306011, 4.982916832], [-2.574860096, 4.982916832], [-2.574860096, 4.983194828], [-2.57597208, 4.983194828], [-2.57597208, 4.983472824], [-2.576806068, 4.983472824], [-2.576806068, 4.98375082], [-2.579581976, 4.98375082], [-2.579581976, 4.984028816], [-2.580137968, 4.984028816], [-2.580137968, 4.984304905], [-2.58097291, 4.984304905], [-2.58097291, 4.984582901], [-2.583472967, 4.984582901], [-2.583472967, 4.984860897], [-2.583750963, 4.984860897], [-2.583750963, 4.985138893], [-2.584583044, 4.985138893], [-2.584583044, 4.984860897], [-2.585417032, 4.984860897], [-2.585417032, 4.985138893], [-2.586527109, 4.985138893], [-2.586527109, 4.985416889], [-2.586805105, 4.985416889], [-2.586805105, 4.985694885], [-2.587083101, 4.985694885], [-2.587083101, 4.985972881], [-2.588473082, 4.985972881], [-2.588473082, 4.986250877], [-2.590416908, 4.986250877], [-2.590416908, 4.986528873], [-2.591248989, 4.986528873], [-2.591248989, 4.986804962], [-2.592082977, 4.986804962], [-2.592082977, 4.987082958], [-2.59513998, 4.987082958], [-2.59513998, 4.987360954], [-2.595416069, 4.987360954], [-2.595417976, 4.98763895], [-2.596250057, 4.98763895], [-2.596250057, 4.987916946], [-2.597640038, 4.987916946], [-2.597640038, 4.988194942], [-2.599862099, 4.988194942], [-2.599862099, 4.988471031], [-2.600415945, 4.988471031], [-2.600415945, 4.988194942], [-2.600971937, 4.988194942], [-2.600971937, 4.988471031], [-2.601805925, 4.988472939], [-2.601805925, 4.988749027], [-2.602638006, 4.988749027], [-2.602638006, 4.988472939], [-2.602916002, 4.988472939], [-2.602916002, 4.988749027], [-2.603193998, 4.988749027], [-2.603193998, 4.989027023], [-2.603471994, 4.989027023], [-2.603471994, 4.989305019], [-2.60374999, 4.989305019], [-2.60374999, 4.989027023], [-2.604027987, 4.989027023], [-2.604027987, 4.989305019], [-2.606251001, 4.989305019], [-2.606251001, 4.989583015], [-2.607359886, 4.989583015], [-2.607359886, 4.989861012], [-2.609029055, 4.989861012], [-2.609029055, 4.990139008], [-2.610416889, 4.990139008], [-2.610416889, 4.990417004], [-2.611526966, 4.990417004], [-2.611526966, 4.990695], [-2.611804962, 4.990695], [-2.611804962, 4.990417004], [-2.612082958, 4.990417004], [-2.612082958, 4.990695], [-2.613472939, 4.990695], [-2.613472939, 4.990971088], [-2.614583015, 4.990971088], [-2.614583015, 4.991249084], [-2.615972996, 4.991249084], [-2.615972996, 4.991527081], [-2.616527081, 4.991527081], [-2.616527081, 4.991805077], [-2.617361069, 4.991805077], [-2.617361069, 4.992083073], [-2.618192911, 4.992083073], [-2.618195057, 4.991805077], [-2.618748903, 4.991805077], [-2.618748903, 4.992083073], [-2.619026899, 4.992083073], [-2.619026899, 4.992361069], [-2.620140076, 4.992361069], [-2.620140076, 4.992639065], [-2.62152791, 4.992639065], [-2.62152791, 4.992917061], [-2.622083902, 4.992917061], [-2.622083902, 4.992639065], [-2.622915983, 4.992639065], [-2.622915983, 4.992917061], [-2.623193979, 4.992917061], [-2.623193979, 4.993196011], [-2.623471975, 4.993196011], [-2.623471975, 4.993471146], [-2.624305964, 4.993471146], [-2.624305964, 4.993749142], [-2.624861956, 4.993749142], [-2.624861956, 4.994027138], [-2.62541604, 4.994027138], [-2.62541604, 4.994305134], [-2.626528025, 4.994305134], [-2.626528025, 4.994584084], [-2.629584074, 4.994584084], [-2.629584074, 4.99486208], [-2.631805897, 4.99486208], [-2.631805897, 4.995140076], [-2.632359982, 4.995140076], [-2.632359982, 4.995418072], [-2.632915974, 4.995418072], [-2.632915974, 4.995696068], [-2.634304047, 4.995696068], [-2.634304047, 4.995972157], [-2.635138988, 4.995972157], [-2.635138988, 4.996250153], [-2.635972977, 4.996250153], [-2.635972977, 4.996528149], [-2.63736105, 4.996528149], [-2.63736105, 4.996806145], [-2.637917042, 4.996806145], [-2.637917042, 4.997084141], [-2.638473034, 4.997084141], [-2.638473034, 4.997362137], [-2.63875103, 4.997362137], [-2.63875103, 4.997084141], [-2.639583111, 4.997084141], [-2.639583111, 4.996806145], [-2.640139103, 4.996806145], [-2.640139103, 4.997084141], [-2.640695095, 4.997084141], [-2.640695095, 4.997362137], [-2.641248941, 4.997362137], [-2.641248941, 4.997640133], [-2.644026995, 4.997640133], [-2.644026995, 4.997916222], [-2.644582987, 4.997916222], [-2.644582987, 4.998194218], [-2.644860983, 4.998194218], [-2.644860983, 4.998472214], [-2.64597106, 4.998472214], [-2.64597106, 4.99875021], [-2.649028063, 4.99875021], [-2.649028063, 4.999028206], [-2.650415897, 4.999028206], [-2.650415897, 4.99875021], [-2.650693893, 4.99875021], [-2.650693893, 4.999028206], [-2.650971889, 4.999028206], [-2.650971889, 4.999306202], [-2.653193951, 4.999306202], [-2.653193951, 4.999584198], [-2.654582024, 4.999584198], [-2.654582024, 4.999862194], [-2.65486002, 4.999862194], [-2.654861927, 5.000137806], [-2.654861927, 5.000415802], [-2.657638073, 5.000415802], [-2.657638073, 5.000693798], [-2.659028053, 5.000693798], [-2.659028053, 5.000971794], [-2.659859896, 5.000971794], [-2.659859896, 5.00124979], [-2.660695076, 5.00124979], [-2.660695076, 5.001527786], [-2.661251068, 5.001527786], [-2.661251068, 5.00124979], [-2.662082911, 5.00124979], [-2.662082911, 5.001527786], [-2.663472891, 5.001527786], [-2.663472891, 5.001805782], [-2.664582968, 5.001805782], [-2.664582968, 5.002083778], [-2.665416956, 5.002083778], [-2.665416956, 5.002361774], [-2.667083025, 5.002361774], [-2.667083025, 5.002637863], [-2.668749094, 5.002637863], [-2.668749094, 5.002915859], [-2.669583082, 5.002915859], [-2.669583082, 5.003193855], [-2.672082901, 5.003193855], [-2.672082901, 5.003471851], [-2.672918081, 5.003471851], [-2.672918081, 5.003749847], [-2.674583912, 5.003749847], [-2.674583912, 5.004027843], [-2.6754179, 5.004027843], [-2.6754179, 5.00430584], [-2.675971985, 5.00430584], [-2.675971985, 5.004583836], [-2.677083969, 5.004583836], [-2.677083969, 5.004859924], [-2.678194046, 5.004861832], [-2.678194046, 5.00513792], [-2.679028034, 5.00513792], [-2.679028034, 5.005415916], [-2.680972099, 5.005415916], [-2.680972099, 5.005693913], [-2.681806087, 5.005693913], [-2.681806087, 5.005971909], [-2.682915926, 5.005971909], [-2.682915926, 5.006249905], [-2.68402791, 5.006249905], [-2.68402791, 5.006527901], [-2.685137987, 5.006527901], [-2.685137987, 5.00680685], [-2.686528921, 5.00680685], [-2.686528921, 5.007081985], [-2.687638044, 5.007081985], [-2.687638044, 5.007359982], [-2.688750982, 5.007359982], [-2.688750982, 5.007637978], [-2.690139055, 5.007637978], [-2.690139055, 5.007915974], [-2.69125104, 5.007915974], [-2.69125104, 5.008194923], [-2.692361116, 5.008194923], [-2.692361116, 5.008472919], [-2.693748951, 5.008472919], [-2.693748951, 5.008750916], [-2.694026947, 5.008750916], [-2.694026947, 5.008472919], [-2.694860935, 5.008472919], [-2.694860935, 5.008750916], [-2.696249008, 5.008750916], [-2.696249008, 5.009028912], [-2.698194981, 5.009028912], [-2.698194981, 5.009304047], [-2.69986105, 5.009304047], [-2.69986105, 5.009582996], [-2.701248884, 5.009582996], [-2.701248884, 5.009860992], [-2.702362061, 5.009860992], [-2.702362061, 5.010138988], [-2.703749895, 5.010138988], [-2.703749895, 5.010416985], [-2.705140114, 5.010416985], [-2.705140114, 5.010694981], [-2.706249952, 5.010694981], [-2.706249952, 5.010972977], [-2.707361937, 5.010972977], [-2.707361937, 5.011250973], [-2.708194017, 5.011250973], [-2.708194017, 5.011528969], [-2.709028006, 5.011528969], [-2.709028006, 5.011805058], [-2.710138083, 5.011805058], [-2.710138083, 5.012083054], [-2.711250067, 5.012083054], [-2.711250067, 5.01236105], [-2.713193893, 5.01236105], [-2.713193893, 5.012639046], [-2.713471889, 5.012639046], [-2.713471889, 5.012917042], [-2.714029074, 5.012917042], [-2.714029074, 5.013195038], [-2.7159729, 5.013195038], [-2.7159729, 5.013473034], [-2.717916965, 5.013473034], [-2.717916965, 5.01375103], [-2.719583035, 5.01375103], [-2.719583035, 5.013473034], [-2.719861031, 5.013473034], [-2.719861031, 5.013195038], [-2.720973015, 5.013195038], [-2.720973015, 5.013473034], [-2.723470926, 5.013473034], [-2.723470926, 5.01375103], [-2.724026918, 5.01375103], [-2.724026918, 5.014027119], [-2.724860907, 5.014027119], [-2.724860907, 5.014305115], [-2.725416899, 5.014305115], [-2.725416899, 5.014583111], [-2.726804972, 5.014583111], [-2.726804972, 5.014861107], [-2.727361917, 5.014861107], [-2.727361917, 5.015139103], [-2.728471041, 5.015139103], [-2.728471041, 5.015417099], [-2.730139971, 5.015417099], [-2.730139971, 5.015695095], [-2.731528044, 5.015695095], [-2.731528044, 5.015973091], [-2.732916117, 5.015973091], [-2.732916117, 5.016251087], [-2.734584093, 5.016251087], [-2.734584093, 5.016527176], [-2.735971928, 5.016527176], [-2.735971928, 5.016805172], [-2.737360001, 5.016805172], [-2.737360001, 5.017083168], [-2.739027977, 5.017083168], [-2.739027977, 5.017361164], [-2.74041605, 5.017361164], [-2.74041605, 5.01763916], [-2.741806984, 5.01763916], [-2.741806984, 5.017917156], [-2.742917061, 5.017917156], [-2.742917061, 5.018195152], [-2.744029045, 5.018195152], [-2.744029045, 5.018470764], [-2.745417118, 5.018470764], [-2.745417118, 5.018749237], [-2.746526957, 5.018749237], [-2.746526957, 5.019027233], [-2.747638941, 5.019027233], [-2.747638941, 5.019305229], [-2.748749018, 5.019305229], [-2.748749018, 5.019583225], [-2.750416994, 5.019583225], [-2.750416994, 5.019861221], [-2.751249075, 5.019861221], [-2.751249075, 5.020139217], [-2.752361059, 5.020139217], [-2.752361059, 5.020418167], [-2.753748894, 5.020418167], [-2.753748894, 5.020692825], [-2.754584074, 5.020692825], [-2.754584074, 5.020418167], [-2.75486207, 5.020418167], [-2.75486207, 5.020692825], [-2.755140066, 5.020692825], [-2.755140066, 5.020970821], [-2.756527901, 5.020970821], [-2.756527901, 5.021248817], [-2.757915974, 5.021248817], [-2.757915974, 5.021526814], [-2.759861946, 5.021526814], [-2.759861946, 5.021805763], [-2.760694027, 5.021805763], [-2.760694027, 5.022084236], [-2.761250019, 5.022084236], [-2.761250019, 5.022362232], [-2.762084007, 5.022362232], [-2.762084007, 5.022640228], [-2.762916088, 5.022640228], [-2.762916088, 5.022918224], [-2.764028072, 5.022918224], [-2.764028072, 5.023193836], [-2.765971899, 5.023193836], [-2.765971899, 5.023471832], [-2.767637968, 5.023471832], [-2.767637968, 5.023749828], [-2.769304037, 5.023749828], [-2.769304037, 5.024027824], [-2.770694971, 5.024027824], [-2.770694971, 5.02430582], [-2.771250963, 5.02430582], [-2.771250963, 5.024583817], [-2.771805048, 5.024583817], [-2.771805048, 5.024861813], [-2.773195028, 5.024861813], [-2.773195028, 5.025139809], [-2.774583101, 5.025139809], [-2.774583101, 5.025417805], [-2.776804924, 5.025417805], [-2.776804924, 5.025693893], [-2.778194904, 5.025693893], [-2.778194904, 5.025971889], [-2.779582977, 5.025971889], [-2.779582977, 5.026249886], [-2.78097105, 5.026249886], [-2.78097105, 5.026527882], [-2.782361984, 5.026527882], [-2.782361984, 5.026805878], [-2.783472061, 5.026805878], [-2.783472061, 5.027083874], [-2.784584045, 5.027083874], [-2.784584045, 5.02736187], [-2.785418034, 5.02736187], [-2.785418034, 5.027637959], [-2.785693884, 5.027637959], [-2.785693884, 5.02736187], [-2.786250114, 5.02736187], [-2.786250114, 5.027637959], [-2.787915945, 5.027637959], [-2.787915945, 5.027915955], [-2.789027929, 5.027915955], [-2.789027929, 5.028193951], [-2.79124999, 5.028193951], [-2.79124999, 5.028471947], [-2.792638063, 5.028471947], [-2.792638063, 5.028749943], [-2.794028997, 5.028749943], [-2.794028997, 5.029027939], [-2.795695066, 5.029027939], [-2.795695066, 5.029305935], [-2.796251059, 5.029305935], [-2.796251059, 5.029583931], [-2.798472881, 5.029583931], [-2.798472881, 5.02986002], [-2.799860954, 5.02986002], [-2.799860954, 5.030138016], [-2.800416946, 5.030138016], [-2.800416946, 5.030416012], [-2.801250935, 5.030416012], [-2.801250935, 5.030138016], [-2.802639008, 5.030138016], [-2.802639008, 5.030416012], [-2.803195, 5.030416012], [-2.803195, 5.030694008], [-2.803749084, 5.030694008], [-2.803749084, 5.030972004], [-2.805970907, 5.030972004], [-2.805973053, 5.03125], [-2.807082891, 5.03125], [-2.807082891, 5.031527996], [-2.80902791, 5.031527996], [-2.80902791, 5.031805992], [-2.809861898, 5.031805992], [-2.809861898, 5.032083988], [-2.810417891, 5.032083988], [-2.810417891, 5.032360077], [-2.811805964, 5.032360077], [-2.811805964, 5.032638073], [-2.812361956, 5.032638073], [-2.812361956, 5.032916069], [-2.813472033, 5.032916069], [-2.813472033, 5.033194065], [-2.81597209, 5.033194065], [-2.81597209, 5.033472061], [-2.817084074, 5.033472061], [-2.817084074, 5.033750057], [-2.818471909, 5.033750057], [-2.818471909, 5.034029007], [-2.819859982, 5.034029007], [-2.819859982, 5.034307003], [-2.820971966, 5.034307003], [-2.820971966, 5.034584999], [-2.822360039, 5.034584999], [-2.822360039, 5.034860134], [-2.822916985, 5.034860134], [-2.822916985, 5.034584999], [-2.823750973, 5.034584999], [-2.823750973, 5.034860134], [-2.82486105, 5.034860134], [-2.82486105, 5.03513813], [-2.825973034, 5.03513813], [-2.825973034, 5.03541708], [-2.827917099, 5.03541708], [-2.827917099, 5.035695076], [-2.829026937, 5.035695076], [-2.829026937, 5.035973072], [-2.83097291, 5.035973072], [-2.83097291, 5.036251068], [-2.832082987, 5.036251068], [-2.832082987, 5.036529064], [-2.833194971, 5.036529064], [-2.833194971, 5.036805153], [-2.83347106, 5.036805153], [-2.83347106, 5.037083149], [-2.834305048, 5.037083149], [-2.834305048, 5.037361145], [-2.835692883, 5.037361145], [-2.835695982, 5.037639141], [-2.837084055, 5.037639141], [-2.837084055, 5.037917137], [-2.838471889, 5.037917137], [-2.838471889, 5.038195133], [-2.839862108, 5.038195133], [-2.839862108, 5.038473129], [-2.841249943, 5.038473129], [-2.841249943, 5.038751125], [-2.842638016, 5.038751125], [-2.842638016, 5.039027214], [-2.84375, 5.039027214], [-2.84375, 5.03930521], [-2.845138073, 5.03930521], [-2.845138073, 5.039583206], [-2.846250057, 5.039583206], [-2.846250057, 5.039861202], [-2.847637892, 5.039861202], [-2.847637892, 5.040139198], [-2.849029064, 5.040139198], [-2.849029064, 5.040417194], [-2.850138903, 5.040417194], [-2.850138903, 5.04069519], [-2.851526976, 5.04069519], [-2.851526976, 5.040973186], [-2.85263896, 5.040973186], [-2.85263896, 5.041251183], [-2.854027033, 5.041251183], [-2.854027033, 5.041526794], [-2.855695009, 5.041526794], [-2.855695009, 5.04180479], [-2.857361078, 5.04180479], [-2.857361078, 5.042082787], [-2.858748913, 5.042082787], [-2.858748913, 5.042360783], [-2.860416889, 5.042360783], [-2.860416889, 5.042638779], [-2.861804962, 5.042638779], [-2.861804962, 5.042916775], [-2.863471985, 5.042916775], [-2.863471985, 5.043194771], [-2.865139961, 5.043194771], [-2.865139961, 5.043472767], [-2.866528034, 5.043472767], [-2.866528034, 5.043748856], [-2.868194103, 5.043748856], [-2.868194103, 5.044026852], [-2.869584084, 5.044026852], [-2.869584084, 5.044304848], [-2.870693922, 5.044304848], [-2.870693922, 5.044582844], [-2.872081995, 5.044582844], [-2.872083902, 5.04486084], [-2.873749971, 5.04486084], [-2.873749971, 5.045138836], [-2.875138044, 5.045138836], [-2.875138044, 5.045416832], [-2.876528978, 5.045416832], [-2.876528978, 5.045694828], [-2.877639055, 5.045694828], [-2.877639055, 5.045972824], [-2.87875104, 5.045972824], [-2.87875104, 5.046248913], [-2.880139112, 5.046248913], [-2.880139112, 5.046526909], [-2.882082939, 5.046526909], [-2.882082939, 5.046804905], [-2.883472919, 5.046804905], [-2.883472919, 5.047082901], [-2.884860992, 5.047082901], [-2.884860992, 5.047360897], [-2.886249065, 5.047360897], [-2.886249065, 5.047639847], [-2.887639046, 5.047639847], [-2.887639046, 5.047917843], [-2.889027119, 5.047917843], [-2.889027119, 5.048192978], [-2.890418053, 5.048192978], [-2.890418053, 5.048470974], [-2.891805887, 5.048470974], [-2.891805887, 5.04874897], [-2.89319396, 5.04874897], [-2.89319396, 5.04902792], [-2.894583941, 5.04902792], [-2.894583941, 5.049305916], [-2.895972013, 5.049305916], [-2.895972013, 5.049583912], [-2.897360086, 5.049583912], [-2.897360086, 5.049861908], [-2.898750067, 5.049861908], [-2.898750067, 5.050139904], [-2.900137901, 5.050139904], [-2.900137901, 5.050415993], [-2.901529074, 5.050415993], [-2.901529074, 5.050693989], [-2.902916908, 5.050693989], [-2.902916908, 5.050971985], [-2.904304981, 5.050971985], [-2.904304981, 5.051249981], [-2.905694962, 5.051249981], [-2.905694962, 5.051527977], [-2.907083035, 5.051527977], [-2.907083035, 5.051805973], [-2.908473015, 5.051805973], [-2.908473015, 5.052083969], [-2.909861088, 5.052083969], [-2.909861088, 5.052361965], [-2.911248922, 5.052361965], [-2.911248922, 5.052639961], [-2.912638903, 5.052639961], [-2.912638903, 5.05291605], [-2.914026976, 5.05291605], [-2.914026976, 5.053194046], [-2.91541791, 5.053194046], [-2.91541791, 5.053472042], [-2.916805983, 5.053472042], [-2.916805983, 5.053750038], [-2.918194056, 5.053750038], [-2.918194056, 5.054028034], [-2.91930604, 5.054028034], [-2.91930604, 5.05430603], [-2.920694113, 5.05430603], [-2.920694113, 5.054584026], [-2.922084093, 5.054584026], [-2.922084093, 5.054862022], [-2.923193932, 5.054862022], [-2.923193932, 5.055140018], [-2.924583912, 5.055140018], [-2.924583912, 5.055416107], [-2.925971985, 5.055416107], [-2.925971985, 5.055694103], [-2.927638054, 5.055694103], [-2.927638054, 5.055972099], [-2.929306984, 5.055972099], [-2.929306984, 5.056250095], [-2.930973053, 5.056250095], [-2.930973053, 5.056528091], [-2.932638884, 5.056528091], [-2.932638884, 5.056806087], [-2.934304953, 5.056806087], [-2.934304953, 5.057084084], [-2.935972929, 5.057084084], [-2.935972929, 5.057360172], [-2.937361002, 5.057360172], [-2.937361002, 5.057638168], [-2.938472986, 5.057638168], [-2.938472986, 5.057916164], [-2.939861059, 5.057916164], [-2.939861059, 5.05819416], [-2.940970898, 5.05819416], [-2.940970898, 5.058472157], [-2.942082882, 5.058472157], [-2.942082882, 5.058750153], [-2.943470955, 5.058750153], [-2.943470955, 5.059028149], [-2.944583893, 5.059028149], [-2.944583893, 5.059306145], [-2.946249962, 5.059306145], [-2.946249962, 5.059582233], [-2.947916031, 5.059582233], [-2.947916031, 5.059860229], [-2.949584007, 5.059860229], [-2.949584007, 5.060138226], [-2.951250076, 5.060138226], [-2.951250076, 5.060416222], [-2.952915907, 5.060416222], [-2.952915907, 5.060694218], [-2.954585075, 5.060694218], [-2.954585075, 5.060972214], [-2.95597291, 5.060972214], [-2.95597291, 5.061251163], [-2.957082033, 5.061251163], [-2.957082033, 5.06152916], [-2.958472967, 5.06152916], [-2.958472967, 5.061807156], [-2.95986104, 5.061807156], [-2.95986104, 5.062081814], [-2.96125102, 5.062081814], [-2.96125102, 5.06235981], [-2.962639093, 5.06235981], [-2.962639093, 5.062639236], [-2.964026928, 5.062639236], [-2.964026928, 5.062917233], [-2.964860916, 5.062917233], [-2.964860916, 5.063195229], [-2.965416908, 5.063195229], [-2.965416908, 5.063473225], [-2.96847105, 5.063473225], [-2.96847105, 5.063751221], [-2.969583988, 5.063751221], [-2.969583988, 5.064029217], [-2.970971107, 5.064029217], [-2.970971107, 5.064307213], [-2.972084045, 5.064307213], [-2.972084045, 5.064582825], [-2.973472118, 5.064582825], [-2.973472118, 5.064860821], [-2.974862099, 5.064860821], [-2.974862099, 5.065138817], [-2.975971937, 5.065138817], [-2.975971937, 5.065416813], [-2.977361917, 5.065416813], [-2.977361917, 5.065694809], [-2.979027987, 5.065694809], [-2.979027987, 5.065972805], [-2.980694056, 5.065972805], [-2.980694056, 5.066250801], [-2.982359886, 5.066250801], [-2.982359886, 5.06652689], [-2.984029055, 5.06652689], [-2.984029055, 5.066804886], [-2.985694885, 5.066804886], [-2.985694885, 5.067082882], [-2.987360954, 5.067082882], [-2.987360954, 5.067360878], [-2.988750935, 5.067360878], [-2.988750935, 5.067638874], [-2.990139008, 5.067638874], [-2.990139008, 5.06791687], [-2.991805077, 5.06791687], [-2.991805077, 5.068194866], [-2.993195057, 5.068194866], [-2.993195057, 5.068472862], [-2.994582891, 5.068472862], [-2.994582891, 5.068748951], [-2.995970964, 5.068748951], [-2.995970964, 5.069026947], [-2.997639894, 5.069026947], [-2.997639894, 5.069304943], [-2.999861956, 5.069304943], [-3.000972033, 5.069304943], [-3.000972033, 5.069582939], [-3.001806021, 5.069582939], [-3.001806021, 5.069860935], [-3.002916098, 5.069860935], [-3.002916098, 5.070138931], [-3.004306078, 5.070138931], [-3.004306078, 5.070416927], [-3.007083893, 5.070416927], [-3.007083893, 5.070694923], [-3.007915974, 5.070694923], [-3.007915974, 5.070972919], [-3.008749962, 5.070972919], [-3.008749962, 5.071249008], [-3.012083054, 5.071249008], [-3.012083054, 5.071527004], [-3.014029026, 5.071527004], [-3.014029026, 5.071805], [-3.014305115, 5.071805], [-3.014305115, 5.072082996], [-3.015417099, 5.072082996], [-3.015417099, 5.072360992], [-3.015695095, 5.072360992], [-3.015695095, 5.072638988], [-3.016248941, 5.072638988], [-3.016248941, 5.072916985], [-3.017638922, 5.072916985], [-3.017638922, 5.073194981], [-3.019860983, 5.073194981], [-3.019860983, 5.073471069], [-3.02097106, 5.073471069], [-3.02097106, 5.073749065], [-3.02236104, 5.073749065], [-3.02236104, 5.074027061], [-3.025140047, 5.074027061], [-3.025140047, 5.074305058], [-3.026806116, 5.074305058], [-3.026806116, 5.074583054], [-3.027915955, 5.074583054], [-3.027915955, 5.074862003], [-3.028471947, 5.074862003], [-3.028471947, 5.075139999], [-3.029861927, 5.075139999], [-3.029861927, 5.075417995], [-3.030694008, 5.075417995], [-3.030694008, 5.075695992], [-3.032916069, 5.075695992], [-3.032916069, 5.075971127], [-3.034028053, 5.075971127], [-3.034028053, 5.076250076], [-3.034306049, 5.076250076], [-3.034306049, 5.076528072], [-3.035415888, 5.076528072], [-3.035415888, 5.076806068], [-3.036529064, 5.076806068], [-3.036529064, 5.077084064], [-3.037081957, 5.077084064], [-3.037081957, 5.077362061], [-3.038750887, 5.077362061], [-3.038750887, 5.077640057], [-3.040972948, 5.077640057], [-3.040972948, 5.077916145], [-3.042361021, 5.077916145], [-3.042361021, 5.078194141], [-3.043751001, 5.078194141], [-3.043751001, 5.078472137], [-3.04541707, 5.078472137], [-3.04541707, 5.078750134], [-3.046804905, 5.078750134], [-3.046804905, 5.07902813], [-3.049304962, 5.07902813], [-3.049304962, 5.079306126], [-3.0504179, 5.079306126], [-3.0504179, 5.079584122], [-3.051249027, 5.079584122], [-3.051249027, 5.079862118], [-3.051805973, 5.079862118], [-3.051805973, 5.080138206], [-3.054862022, 5.080138206], [-3.054862022, 5.080416203], [-3.055416107, 5.080416203], [-3.055416107, 5.080694199], [-3.056250095, 5.080694199], [-3.056250095, 5.080972195], [-3.05902791, 5.080972195], [-3.05902791, 5.081250191], [-3.059305906, 5.081250191], [-3.059305906, 5.081528187], [-3.060415983, 5.081528187], [-3.060415983, 5.081806183], [-3.061527967, 5.081806183], [-3.061527967, 5.082084179], [-3.062638044, 5.082084179], [-3.062638044, 5.082362175], [-3.063750982, 5.082362175], [-3.063750982, 5.082637787], [-3.065973043, 5.082637787], [-3.065973043, 5.082915783], [-3.066804886, 5.082915783], [-3.066804886, 5.083193779], [-3.067639112, 5.083193779], [-3.067639112, 5.083471775], [-3.068473101, 5.083471775], [-3.068473101, 5.083749771], [-3.069860935, 5.083749771], [-3.069860935, 5.084027767], [-3.070972919, 5.084027767], [-3.070972919, 5.084305763], [-3.072082996, 5.084305763], [-3.072082996, 5.084584236], [-3.074027061, 5.084584236], [-3.074027061, 5.084862232], [-3.075139046, 5.084862232], [-3.075139046, 5.085137844], [-3.076248884, 5.085137844], [-3.076248884, 5.08541584], [-3.077918053, 5.08541584], [-3.077918053, 5.085693836], [-3.079305887, 5.085693836], [-3.079305887, 5.085971832], [-3.083194017, 5.085971832], [-3.083194017, 5.086249828], [-3.084028006, 5.086249828], [-3.084028006, 5.086527824], [-3.085138083, 5.086527824], [-3.085138083, 5.08680582], [-3.085972071, 5.08680582], [-3.085972071, 5.087081909], [-3.086806059, 5.087081909], [-3.086806059, 5.087359905], [-3.088193893, 5.087359905], [-3.088193893, 5.087637901], [-3.089585066, 5.087637901], [-3.089585066, 5.087915897], [-3.090553045, 5.087915897], [-3.091528893, 5.087915897], [-3.091507912, 5.088251114], [-3.093194962, 5.088193893], [-3.093194962, 5.088472843], [-3.094305038, 5.088472843], [-3.094305038, 5.088750839], [-3.095973015, 5.088750839], [-3.095973015, 5.089028835], [-3.097639084, 5.089028835], [-3.097639084, 5.08930397], [-3.098748922, 5.08930397], [-3.098751068, 5.089581966], [-3.099582911, 5.089581966], [-3.099582911, 5.089860916], [-3.100694895, 5.089860916], [-3.100694895, 5.090138912], [-3.101526976, 5.090138912], [-3.101526976, 5.090416908], [-3.102916956, 5.090416908], [-3.102916956, 5.090694904], [-3.104305029, 5.090694904], [-3.104305029, 5.0909729], [-3.105693102, 5.0909729], [-3.105693102, 5.091250896], [-3.107362032, 5.091250896], [-3.107362032, 5.091528893], [-3.109028101, 5.091528893], [-3.109028101, 5.091804981], [-3.110415936, 5.091804981], [-3.110415936, 5.092082977], [-3.11073494, 5.092082977], [-3.110901117, 5.094491959], [-3.110742092, 5.094452858], [-3.111514091, 5.11073494], [-3.102921963, 5.108829975], [-3.098154068, 5.111386776], [-3.076508999, 5.10503006], [-3.07428503, 5.106627941], [-3.073651075, 5.110775948], [-3.069519043, 5.115245819], [-3.053282022, 5.106650829], [-3.053961992, 5.114759922], [-3.037331104, 5.114477158], [-3.034363031, 5.11771822], [-3.025604963, 5.112475872], [-3.016186953, 5.112074852], [-3.005121946, 5.105237961], [-2.993185997, 5.094594002], [-2.979490995, 5.082377911], [-2.965250969, 5.082234859], [-2.957427025, 5.079289913], [-2.952378035, 5.080009937], [-2.943717957, 5.0904212], [-2.930614948, 5.088428974], [-2.928560972, 5.090511799], [-2.930243015, 5.102472782], [-2.931545019, 5.105523109], [-2.920770884, 5.113708973], [-2.906774998, 5.115862846], [-2.905395985, 5.116075039], [-2.891376972, 5.113599777], [-2.888411999, 5.119366169], [-2.883583069, 5.117314816], [-2.877852917, 5.119410038], [-2.870038033, 5.118517876], [-2.857276917, 5.111609936], [-2.847408056, 5.103963852], [-2.837862968, 5.104609013], [-2.835639, 5.110352039], [-2.833095074, 5.112586021], [-2.827687025, 5.113863945], [-2.817816019, 5.101753235], [-2.813364983, 5.108454227], [-2.811774015, 5.108775139], [-2.81020999, 5.104177952], [-2.80923295, 5.104114056], [-2.806741953, 5.110113144], [-2.79914093, 5.106245041], [-2.797879934, 5.105989933], [-2.793622971, 5.105125904], [-2.790648937, 5.106752872], [-2.786798954, 5.116213799], [-2.784003019, 5.109557152], [-2.780339956, 5.111188889], [-2.769768953, 5.109869003], [-2.761682987, 5.101630211], [-2.758004904, 5.101191998], [-2.75623107, 5.11179018], [-2.754410028, 5.114332199], [-2.742234945, 5.113944054], [-2.740637064, 5.115793228], [-2.740463972, 5.124772072], [-2.735224962, 5.132167816], [-2.730859995, 5.131962776], [-2.728811026, 5.135197163], [-2.727680922, 5.137735844], [-2.733263969, 5.150362015], [-2.735116959, 5.15288496], [-2.738326073, 5.15194416], [-2.740863085, 5.153542042], [-2.738137007, 5.158621788], [-2.744348049, 5.160196781], [-2.74643302, 5.163636208], [-2.743283987, 5.174472809], [-2.743776083, 5.179993153], [-2.747008085, 5.182737827], [-2.747486115, 5.185957909], [-2.750549078, 5.199058056], [-2.753309011, 5.199965954], [-2.756969929, 5.197640896], [-2.758052111, 5.196302891], [-2.759459019, 5.20366478], [-2.765223026, 5.208703995], [-2.763627052, 5.211933136], [-2.758804083, 5.212182045], [-2.76068902, 5.2239151], [-2.757477999, 5.225306988], [-2.757492065, 5.22852993], [-2.764153957, 5.229195118], [-2.764605045, 5.230261803], [-2.76531601, 5.231953144], [-2.763493061, 5.23564291], [-2.755223989, 5.235445023], [-2.758697033, 5.242567062], [-2.753644943, 5.242585182], [-2.756484032, 5.254874229], [-2.771756887, 5.249760151], [-2.778764963, 5.261874199], [-2.771125078, 5.260603905], [-2.769217968, 5.263156891], [-2.782589912, 5.272077084], [-2.785137892, 5.275901794], [-2.787051916, 5.284191132], [-2.785144091, 5.288020134], [-2.775671959, 5.290977955], [-2.773169994, 5.295135021], [-2.771914005, 5.31539917], [-2.772444963, 5.316473007], [-2.778100014, 5.326963902], [-2.772373915, 5.331130028], [-2.777687073, 5.338244915], [-2.769686937, 5.348173141], [-2.766470909, 5.348185062], [-2.764775991, 5.3465662], [-2.754940987, 5.337182999], [-2.743011951, 5.341142178], [-2.727838039, 5.337746143], [-2.726258039, 5.345348835], [-2.7262609, 5.345955849], [-2.702970028, 5.347040176], [-2.696533918, 5.351226807], [-2.693824053, 5.352594852], [-2.691385031, 5.353305817], [-2.683855057, 5.354549885], [-2.681487083, 5.355236053], [-2.673882008, 5.359358788], [-2.668222904, 5.361571789], [-2.66072607, 5.365887165], [-2.655061007, 5.368091106], [-2.64753294, 5.372526169], [-2.640460014, 5.375978947], [-2.636073112, 5.379124165], [-2.631865978, 5.383399963], [-2.629425049, 5.386998177], [-2.627187014, 5.392615795], [-2.622937918, 5.400109768], [-2.620687008, 5.405718803], [-2.619400978, 5.407855034], [-2.612850904, 5.416040897], [-2.611066103, 5.418722153], [-2.607794046, 5.424500942], [-2.599354029, 5.440910816], [-2.597280025, 5.4464221], [-2.595556974, 5.450160027], [-2.590465069, 5.458542824], [-2.587881088, 5.463585854], [-2.586613894, 5.465585232], [-2.585175037, 5.467401981], [-2.583606958, 5.468887806], [-2.581859112, 5.470110893], [-2.576473951, 5.472742081], [-2.574767113, 5.473978996], [-2.57326889, 5.475482941], [-2.571960926, 5.47731781], [-2.570928097, 5.479334831], [-2.57020402, 5.481486797], [-2.569782019, 5.484510899], [-2.569910049, 5.487569809], [-2.570606947, 5.490520954], [-2.571866989, 5.493114948], [-2.574953079, 5.498137951], [-2.577531099, 5.502946854], [-2.580256939, 5.506678104], [-2.581831932, 5.508152962], [-2.583586931, 5.509372234], [-2.589006901, 5.512000084], [-2.590743065, 5.513229847], [-2.59226799, 5.514728069], [-2.593610048, 5.516555786], [-2.594679117, 5.518568039], [-2.595438004, 5.520712852], [-2.595899105, 5.523727894], [-2.595788956, 5.526765823], [-2.595055103, 5.529676914], [-2.593525887, 5.532409191], [-2.591489077, 5.534955025], [-2.577090979, 5.549276829], [-2.572721958, 5.554197788], [-2.570995092, 5.55684185], [-2.56861496, 5.562385082], [-2.564583063, 5.56994915], [-2.563822031, 5.573032856], [-2.563357115, 5.579630852], [-2.563920021, 5.641005993], [-2.563610077, 5.647730827], [-2.563013077, 5.650938034], [-2.562236071, 5.653093815], [-2.561184883, 5.655101776], [-2.559871912, 5.656916142], [-2.558377028, 5.658400059], [-2.556672096, 5.65961504], [-2.551347971, 5.662212849], [-2.549648046, 5.663430214], [-2.548160076, 5.664916039], [-2.546854019, 5.666735172], [-2.545808077, 5.668746948], [-2.545032978, 5.670907974], [-2.544426918, 5.673977852], [-2.543431044, 5.683458805], [-2.542659998, 5.686429024], [-2.538845062, 5.694128036], [-2.538139105, 5.697061062], [-2.537926912, 5.700109959], [-2.538136005, 5.703162193], [-2.538850069, 5.706092834], [-2.54008007, 5.708665848], [-2.542979002, 5.713671207], [-2.545459032, 5.719234943], [-2.547231913, 5.721889973], [-2.549362898, 5.72439909], [-2.561547995, 5.736337185], [-2.566041946, 5.741071224], [-2.567687988, 5.743439198], [-2.568384886, 5.745804787], [-2.567785978, 5.747972012], [-2.566349983, 5.750134945], [-2.555892944, 5.761088848], [-2.554050922, 5.763429165], [-2.552640915, 5.765945911], [-2.55181098, 5.768883228], [-2.55144906, 5.772013187], [-2.551294088, 5.78835392], [-2.550930977, 5.791473866], [-2.550067902, 5.794354916], [-2.548995972, 5.796160221], [-2.547595024, 5.797764778], [-2.545841932, 5.799248219], [-2.539949894, 5.802863121], [-2.537933111, 5.803706169], [-2.534902096, 5.804330826], [-2.531765938, 5.804400921], [-2.528645992, 5.803947926], [-2.526396036, 5.803221226], [-2.524224043, 5.802213192], [-2.522152901, 5.800973892], [-2.517366886, 5.797009945], [-2.504431963, 5.784239769], [-2.502419949, 5.782612801], [-2.500394106, 5.781374931], [-2.498356104, 5.780803204], [-2.496069908, 5.781214237], [-2.489016056, 5.784825802], [-2.487081051, 5.786383152], [-2.486042023, 5.788654804], [-2.485702038, 5.791409969], [-2.485892057, 5.794350147], [-2.48662591, 5.797261238], [-2.490597963, 5.805009842], [-2.491420984, 5.807995796], [-2.491842031, 5.811135769], [-2.49250102, 5.824063778], [-2.492918015, 5.827186108], [-2.493730068, 5.830149174], [-2.497678995, 5.837827206], [-2.498425007, 5.840751171], [-2.498656988, 5.843787193], [-2.498435974, 5.846814156], [-2.497649908, 5.849697113], [-2.496254921, 5.852186203], [-2.488646984, 5.861395836], [-2.487225056, 5.863895893], [-2.486366034, 5.866808891], [-2.485961914, 5.869907856], [-2.485761881, 5.87635088], [-2.486032963, 5.906150818], [-2.485882998, 5.929982185], [-2.469971895, 5.944817066], [-2.443665981, 5.9708848], [-2.437868118, 5.976956844], [-2.436181068, 5.979081154], [-2.434808969, 5.981335163], [-2.432621002, 5.98695612], [-2.431269884, 5.989165783], [-2.427781105, 5.993267059], [-2.420031071, 6.001150131], [-2.416539907, 6.00524807], [-2.415188074, 6.007459164], [-2.412988901, 6.013074875], [-2.411637068, 6.015285015], [-2.408143997, 6.019382954], [-2.400388002, 6.027262211], [-2.396887064, 6.031357765], [-2.395528078, 6.033565998], [-2.393315077, 6.039175034], [-2.392035007, 6.041283131], [-2.383764029, 6.051061153], [-2.382473946, 6.053168774], [-2.380258083, 6.058795929], [-2.378968, 6.060938835], [-2.370517015, 6.071310997], [-2.367398977, 6.076026917], [-2.361099958, 6.086303234], [-2.34621501, 6.08554697], [-2.332257032, 6.085247993], [-2.31891799, 6.08529377], [-2.312546968, 6.085861206], [-2.309572935, 6.086630821], [-2.301837921, 6.09039402], [-2.298863888, 6.091155052], [-2.286202908, 6.092403889], [-2.283216953, 6.093141079], [-2.275443077, 6.096865177], [-2.266444921, 6.099164009], [-2.264328003, 6.100024223], [-2.262365103, 6.101140022], [-2.260617018, 6.102530956], [-2.259138107, 6.1042099], [-2.253595114, 6.113381863], [-2.249469995, 6.118206978], [-2.231260061, 6.13644886], [-2.22656703, 6.14033699], [-2.224564075, 6.141635895], [-2.20994997, 6.149398804], [-2.20697093, 6.150170803], [-2.200577974, 6.150712013], [-2.18720603, 6.150654793], [-2.180347919, 6.150228024], [-2.176879883, 6.149679184], [-2.173676968, 6.148815155], [-2.167270899, 6.146412849], [-2.160656929, 6.143535137], [-2.153878927, 6.13555479], [-2.151618004, 6.133492947], [-2.1489079, 6.131828785], [-2.145045042, 6.13013792], [-2.138916016, 6.126832962], [-2.131714106, 6.123457909], [-2.124162912, 6.118937969], [-2.11848402, 6.116704941], [-2.110852957, 6.112602234], [-2.108494043, 6.111929893], [-2.101084948, 6.11071682], [-2.098722935, 6.110046864], [-2.091093063, 6.105956078], [-2.085408926, 6.103743076], [-2.077857971, 6.099274158], [-2.072874069, 6.096940041], [-2.06872797, 6.094521999], [-2.066293955, 6.09266901], [-2.061718941, 6.088521004], [-2.057820082, 6.084572792], [-2.054337025, 6.080431938], [-2.052961111, 6.078211784], [-2.050657034, 6.072596073], [-2.046330929, 6.065100193], [-2.044111013, 6.059443951], [-2.039597988, 6.05195713], [-2.037143946, 6.04713583], [-2.035881042, 6.045194149], [-2.034394979, 6.043446064], [-2.032624006, 6.041968822], [-2.030637026, 6.040713787], [-2.004682064, 6.027904987], [-1.982694983, 6.019530773], [-1.978225946, 6.017420769], [-1.976145029, 6.016132832], [-1.97368598, 6.014259815], [-1.969086051, 6.010087013], [-1.952849984, 5.994009972], [-1.94868803, 5.989230156], [-1.947046995, 5.986663818], [-1.944712996, 5.981072903], [-1.940387011, 5.973593235], [-1.938027978, 5.968013763], [-1.936470032, 5.965570927], [-1.928740978, 5.956398964], [-1.927181959, 5.95395422], [-1.924824953, 5.948377132], [-1.920501947, 5.940889835], [-1.918169975, 5.935294151], [-1.916494966, 5.93267107], [-1.912242055, 5.92778492], [-1.900544047, 5.916279793], [-1.895769, 5.912457943], [-1.891548038, 5.910251141], [-1.889314055, 5.909470081], [-1.880162954, 5.907329082], [-1.872413993, 5.90349102], [-1.869446993, 5.902702808], [-1.863268018, 5.90170908], [-1.860303044, 5.900901794], [-1.857704997, 5.899643898], [-1.852650046, 5.896687984], [-1.845584035, 5.893187046], [-1.84355402, 5.891900063], [-1.838799, 5.888016224], [-1.829367995, 5.878912926], [-1.824836969, 5.874141216], [-1.822852015, 5.871643066], [-1.821305037, 5.868965149], [-1.820405006, 5.866054058], [-1.819313049, 5.859945774], [-1.818475962, 5.857006073], [-1.814510942, 5.849340916], [-1.813727021, 5.846381187], [-1.813253045, 5.840085983], [-1.813722014, 5.833795071], [-1.814512968, 5.830843925], [-1.818513036, 5.823196888], [-1.819314957, 5.82023716], [-1.819908023, 5.813889027], [-1.820003033, 5.80734396], [-1.819776058, 5.800867081], [-1.819347024, 5.79777813], [-1.81841898, 5.79493618], [-1.817299962, 5.793168068], [-1.815844059, 5.791604042], [-1.814038992, 5.790161133], [-1.808071971, 5.78645277], [-1.801072955, 5.78303194], [-1.799070001, 5.781807899], [-1.797261953, 5.780363083], [-1.795724034, 5.778652191], [-1.793277979, 5.774737835], [-1.789427042, 5.767270088], [-1.78896594, 5.765025139], [-1.789638996, 5.762815952], [-1.791095018, 5.760623932], [-1.796784043, 5.753887177], [-1.798383951, 5.751452923], [-1.80082202, 5.745895863], [-1.803730011, 5.740915775], [-1.804977059, 5.738348007], [-1.805729032, 5.73539114], [-1.806193948, 5.729057789], [-1.805953026, 5.702884197], [-1.806427002, 5.696559906], [-1.807186007, 5.693613052], [-1.80843699, 5.691052914], [-1.81133604, 5.686096191], [-1.813637972, 5.680521011], [-1.817803979, 5.673001766], [-1.818573952, 5.670051098], [-1.81893003, 5.666925907], [-1.819098949, 5.660418987], [-1.818789005, 5.627796173], [-1.818686008, 5.608200073], [-1.817262053, 5.608185768], [-1.814473987, 5.607433796], [-1.807567954, 5.604279995], [-1.802598, 5.602521896], [-1.799203992, 5.601906776], [-1.795804024, 5.601605892], [-1.785814047, 5.601658821], [-1.782647967, 5.602046013], [-1.779662967, 5.602838993], [-1.772061944, 5.60699892], [-1.766448021, 5.609333038], [-1.758860946, 5.613460064], [-1.755889058, 5.614234924], [-1.749511957, 5.614779949], [-1.729719996, 5.614768028], [-1.723338008, 5.614213943], [-1.720360041, 5.613434792], [-1.712733984, 5.609302998], [-1.707101941, 5.606970787], [-1.69947803, 5.602846146], [-1.69650197, 5.602070808], [-1.690124989, 5.601541996], [-1.660398006, 5.601690769], [-1.653882027, 5.601503849], [-1.650733948, 5.601146221], [-1.647748947, 5.600381851], [-1.645146012, 5.599140167], [-1.640097976, 5.59617281], [-1.633066058, 5.592609882], [-1.628633976, 5.589445114], [-1.624071002, 5.585289955], [-1.594733953, 5.556499958], [-1.590361953, 5.551486015], [-1.588796973, 5.548744202], [-1.58801198, 5.545845032], [-1.587790966, 5.542807102], [-1.588016987, 5.539760113], [-1.588750958, 5.536830902], [-1.592671037, 5.52916193], [-1.593459964, 5.526203156], [-1.594002008, 5.519876003], [-1.594069958, 5.506846905], [-1.594578981, 5.500531197], [-1.595340014, 5.497583866], [-1.599189043, 5.489944935], [-1.59995997, 5.486999989], [-1.600335956, 5.483892918], [-1.600548029, 5.477455139], [-1.600453973, 5.447978973], [-1.599894047, 5.441654205], [-1.599050045, 5.438723087], [-1.597522974, 5.43603611], [-1.593325019, 5.431127071], [-1.581531048, 5.419681072], [-1.576724052, 5.415902138], [-1.57248199, 5.413733006], [-1.570232987, 5.412967205], [-1.56399703, 5.411705971], [-1.560971022, 5.410900116], [-1.558948994, 5.410027027], [-1.552899957, 5.406520844], [-1.550974011, 5.405117035], [-1.547760963, 5.401956081], [-1.545003057, 5.398073196], [-1.542616963, 5.394141197], [-1.541607022, 5.392195225], [-1.539379954, 5.386497021], [-1.535336971, 5.378878117], [-1.534518957, 5.375939846], [-1.533463955, 5.369826794], [-1.532641053, 5.366889], [-1.528540969, 5.35931778], [-1.526134014, 5.353758812], [-1.524561048, 5.351317883], [-1.516855955, 5.342131138], [-1.515298963, 5.339681149], [-1.512905955, 5.33409977], [-1.508417964, 5.326605797], [-1.505928993, 5.321828842], [-1.503175974, 5.318192959], [-1.499500036, 5.315472126], [-1.49467504, 5.313014984], [-1.487097025, 5.308596134], [-1.481408, 5.306359768], [-1.473827958, 5.302106857], [-1.468160033, 5.299860001], [-1.460595012, 5.295590878], [-1.454924941, 5.293344021], [-1.447337031, 5.289095879], [-1.441635013, 5.286861897], [-1.439075947, 5.285479069], [-1.427271962, 5.278737068], [-1.425557971, 5.277253151], [-1.424142957, 5.275497913], [-1.423002958, 5.273525238], [-1.422122955, 5.271402836], [-1.419733047, 5.262392998], [-1.415768981, 5.254646778], [-1.415030956, 5.251684189], [-1.414793968, 5.248604774], [-1.415006042, 5.245534897], [-1.415796041, 5.242623806], [-1.417243958, 5.240159988], [-1.419196963, 5.237958908], [-1.425377965, 5.233191013], [-1.427346945, 5.230920792], [-1.429008961, 5.228233814], [-1.430405974, 5.225430012], [-1.43186903, 5.22179985], [-1.448500037, 5.211590767], [-1.454455018, 5.207654953], [-1.459486961, 5.203678131], [-1.466063023, 5.197610855], [-1.470780969, 5.19372797], [-1.474843979, 5.191243172], [-1.47974205, 5.188817978], [-1.484787941, 5.185918808], [-1.487395048, 5.184720039], [-1.490376949, 5.183972836], [-1.49675405, 5.183477879], [-1.509915948, 5.183356762], [-1.51314497, 5.183102131], [-1.516281009, 5.182531834], [-1.518522024, 5.181800842], [-1.522732973, 5.179663181], [-1.5280225224541801, 5.1756678681857045], [-1.495733023, 5.220212936], [-1.500712037, 5.217298031], [-1.506360054, 5.215068817], [-1.513828993, 5.210692883], [-1.519487977, 5.208491802], [-1.6110515076170329, 5.073759852239327], [-1.609559011747605, 5.072565855532634], [-1.5524294172190543, 5.154997063380298], [-1.5525089049538925, 5.154813554933039], [-1.6094831350445065, 5.072505154169588], [-1.6079344258424866, 5.071266186796401], [-1.5584879279303112, 5.141269439833043], [-1.5585111023847462, 5.14117459266739], [-1.6078799217529327, 5.071222583524351], [-1.606493769949032, 5.070113662070874], [-1.5589901445996122, 5.136210056258978], [-1.558998834808627, 5.135912179517347], [-1.6062576196035045, 5.069924741792687], [-1.605254516040739, 5.06912225893498], [-1.5590893507309396, 5.132809539758313], [-1.559229016, 5.128022194], [-1.559762955, 5.121723175], [-1.560508013, 5.118769169], [-1.564188957, 5.111061096], [-1.565004945, 5.107775211], [-1.565389991, 5.104312897], [-1.565572023, 5.093523026], [-1.564924955, 5.033575058], [-1.565147996, 5.033472061], [-1.727083701433002, 4.895637355145724], [-1.7224097486589085, 4.8998703619617014], [-1.655556023, 4.960417032], [-1.574584007, 5.033472061], [-1.6304136948337722, 4.983187404667666], [-1.574584007, 5.033750057], [-1.6597872358767605, 4.956731257876945], [-1.7312225508294403, 4.892390932831912], [-1.6973103028670482, 4.932639122], [-1.6979222100883447, 4.932639122], [-1.7329620942631934, 4.891291843669966], [-1.7266790211013316, 4.901610748887673], [-1.7035828683233305, 4.93347311], [-1.7039813458786146, 4.93347311], [-1.7259896905114507, 4.902742860011864], [-1.721587969196936, 4.909971956963169], [-1.7044978419540047, 4.933751106], [-1.704900788277289, 4.933751106], [-1.7209906803680755, 4.910952904765913], [-1.7198639128163462, 4.912803433522964], [-1.7050676140949348, 4.933751106], [-1.7055292857787174, 4.933751106], [-1.7186548115502231, 4.91478918174558], [-1.7168277427534056, 4.917789839107813], [-1.7057656616615242, 4.933751106], [-1.705971003, 4.933751106], [-1.705971003, 4.93347311], [-1.706390062733406, 4.93347311], [-1.7149277839773927, 4.920910206167397], [-1.7134828736578471, 4.923283231636205], [-1.706551860337949, 4.93347311], [-1.7070530556466306, 4.93347311], [-1.707083941, 4.933426687204197], [-1.707083941, 4.933195114], [-1.7072380079862457, 4.933195114], [-1.7097100681964899, 4.929479438644728], [-1.707362056, 4.93333565910905], [-1.707362056, 4.93347311], [-1.7074072799312745, 4.93347311], [-1.7112967265506294, 4.927094582758419], [-1.724024908297098, 4.9079632561682365], [-1.7218518873481343, 4.911999479128141], [-1.7075277019506068, 4.93347311], [-1.7081471005878819, 4.93347311], [-1.7202988560912311, 4.914884117870144], [-1.718764589762828, 4.917733902168939], [-1.7084575588766893, 4.93347311], [-1.709028006, 4.93347311], [-1.709028006, 4.933351994], [-1.709028006, 4.933236122], [-1.70930506882033, 4.933222498552017], [-1.7163712074361273, 4.922179429812595], [-1.7125416041311592, 4.929292629892057], [-1.7139334186370105, 4.927126588310186], [-1.711526751325037, 4.931586040928453], [-1.7176584266217545, 4.92182452046327], [-1.7168607351473997, 4.923340184483556], [-1.7108395745353873, 4.932917118], [-1.7114061495271977, 4.932917118], [-1.711527944, 4.9327182507483744], [-1.711527944, 4.932639122], [-1.7115764056954925, 4.932639122], [-1.714351385450101, 4.9281081068856185], [-1.7128962278916124, 4.930872997856819], [-1.7162019084641058, 4.925483502739796], [-1.7140626698525558, 4.929728886451349], [-1.7124873770199074, 4.932361126], [-1.7126289219648958, 4.932361126], [-1.7133051049554406, 4.931232296897146], [-1.7127362906934704, 4.932361126], [-1.7128326647352523, 4.932361126], [-1.712916017, 4.932197941562839], [-1.712916017, 4.93208313], [-1.7129746610958971, 4.93208313], [-1.7140122216421967, 4.930051826660115], [-1.714831778472114, 4.928683647315189], [-1.7130936663483314, 4.93208313], [-1.7132684009657788, 4.93208313], [-1.7153059113531643, 4.927892123419685], [-1.715549572011462, 4.927485352994885], [-1.713272500275483, 4.93208313], [-1.7133419084841794, 4.93208313], [-1.7156265931338575, 4.9275667927583715], [-1.7134327885713718, 4.931992014794068], [-1.715558929418554, 4.928340908107044], [-1.7137320127198536, 4.93208313], [-1.714028001, 4.93208313], [-1.714028001, 4.931805134], [-1.7142485577347417, 4.931805134], [-1.72013181914581, 4.921750441786032], [-1.714386923693862, 4.931805134], [-1.7145753897946203, 4.931805134], [-1.7222165957560387, 4.918187488232532], [-1.7225485048935563, 4.917620244320089], [-1.721893375810969, 4.919203300029583], [-1.7157665757449871, 4.930103670423897], [-1.7215841573519162, 4.919950496360955], [-1.7213833614897665, 4.920435700032213], [-1.715347709798392, 4.931527138], [-1.715475099438418, 4.931527138], [-1.7209619970239587, 4.921453886281464], [-1.7207863112965074, 4.921878413754462], [-1.7212112505868469, 4.921089934813225], [-1.7171165075431427, 4.930973053], [-1.71736002, 4.930973053], [-1.71736002, 4.930695057], [-1.718194008, 4.930695057], [-1.718194008, 4.930417061], [-1.718750954, 4.930417061], [-1.718750954, 4.930139065], [-1.719581962, 4.930139065], [-1.719581962, 4.929861069], [-1.720695019, 4.929861069], [-1.720695019, 4.929583073], [-1.721804976, 4.929583073], [-1.721804976, 4.929305077], [-1.722360969, 4.929305077], [-1.722360969, 4.929028988], [-1.722916961, 4.929026127], [-1.722916961, 4.928750992], [-1.723472953, 4.928750992], [-1.723472953, 4.928472996], [-1.724027038, 4.928472996], [-1.724027038, 4.928195], [-1.72458303, 4.928195], [-1.72458303, 4.927917004], [-1.725139022, 4.927917004], [-1.725139022, 4.927638054], [-1.725695014, 4.927638054], [-1.725695014, 4.927360058], [-1.726526976, 4.927360058], [-1.726526976, 4.927082062], [-1.727360964, 4.927082062], [-1.727360964, 4.926806927], [-1.72763896, 4.926806927], [-1.72763896, 4.926528931], [-1.728194952, 4.926528931], [-1.728194952, 4.926249981], [-1.728472948, 4.926249981], [-1.728472948, 4.925971985], [-1.729027033, 4.925971985], [-1.729027033, 4.925693989], [-1.729861021, 4.925693989], [-1.729861021, 4.925415993], [-1.730417013, 4.925415993], [-1.730417013, 4.925137997], [-1.731248975, 4.925137997], [-1.731248975, 4.924860001], [-1.731804967, 4.924860001], [-1.731804967, 4.924583912], [-1.73319304, 4.924583912], [-1.73319304, 4.924305916], [-1.733749986, 4.924305916], [-1.733749986, 4.92402792], [-1.734027982, 4.92402792], [-1.734027982, 4.923749924], [-1.734583974, 4.923749924], [-1.734583974, 4.923471928], [-1.735694051, 4.923471928], [-1.735694051, 4.923193932], [-1.736250043, 4.923193932], [-1.736250043, 4.922915936], [-1.736528039, 4.922915936], [-1.736528039, 4.922637939], [-1.737084031, 4.922637939], [-1.737084031, 4.922361851], [-1.737362027, 4.922359943], [-1.737362027, 4.921805859], [-1.737637997, 4.921805859], [-1.737640023, 4.921527863], [-1.737915993, 4.921527863], [-1.737915993, 4.92097187], [-1.738193989, 4.92097187], [-1.738193989, 4.920415878], [-1.738471985, 4.920415878], [-1.738471985, 4.920137882], [-1.738749981, 4.920137882], [-1.738749981, 4.919861794], [-1.739027977, 4.919861794], [-1.739027977, 4.919583797], [-1.739305973, 4.919583797], [-1.739305973, 4.919305801], [-1.739583969, 4.919305801], [-1.739583969, 4.918749809], [-1.739861965, 4.918749809], [-1.739861965, 4.918540001], [-1.740115047, 4.918478966], [-1.740138054, 4.918193817], [-1.740417957, 4.918196201], [-1.74041605, 4.917915821], [-1.740736961, 4.917982101], [-1.740694046, 4.917640209], [-1.740972042, 4.917640209], [-1.740972042, 4.917362213], [-1.741250038, 4.917362213], [-1.741250038, 4.917084217], [-1.741528034, 4.917084217], [-1.741528034, 4.916806221], [-1.741811037, 4.916808128], [-1.74180603, 4.916250229], [-1.742097974, 4.916255951], [-1.742082, 4.914862156], [-1.742359996, 4.914862156], [-1.742359996, 4.91458416], [-1.742637992, 4.91458416], [-1.742637992, 4.914306164], [-1.742915988, 4.914306164], [-1.742915988, 4.914027214], [-1.743247032, 4.914054871], [-1.743193984, 4.913749218], [-1.74347198, 4.913749218], [-1.74347198, 4.913621902], [-1.74347198, 4.913207054], [-1.743749976, 4.913196087], [-1.743749976, 4.912918091], [-1.744027972, 4.912918091], [-1.744027972, 4.911527157], [-1.743749976, 4.911527157], [-1.743749976, 4.910971165], [-1.74347198, 4.910971165], [-1.74347198, 4.910695076], [-1.743193984, 4.910695076], [-1.743193984, 4.910139084], [-1.742915988, 4.910139084], [-1.742915988, 4.909861088], [-1.742751956, 4.909861088], [-1.742359996, 4.909861088], [-1.742359996, 4.909583092], [-1.74180603, 4.909583092], [-1.74180603, 4.908749104], [-1.742082, 4.908749104], [-1.742082, 4.90652895], [-1.742359996, 4.90652895], [-1.742359996, 4.905972958], [-1.742637992, 4.905972958], [-1.742637992, 4.905694962], [-1.743193984, 4.905694962], [-1.743193984, 4.905416965], [-1.743306041, 4.905416965], [-1.74347198, 4.905416965], [-1.74347198, 4.90500021], [-1.74347198, 4.904860973], [-1.743749976, 4.904860973], [-1.743749976, 4.904582977], [-1.743638992, 4.904582977], [-1.74347198, 4.904582977], [-1.74347198, 4.904028893], [-1.743193984, 4.904028893], [-1.743193984, 4.9034729], [-1.743749976, 4.9034729], [-1.743749976, 4.904028893], [-1.743860006, 4.904028893], [-1.744860053, 4.904028893], [-1.744860053, 4.903750896], [-1.745138049, 4.903750896], [-1.745138049, 4.9034729], [-1.745416045, 4.9034729], [-1.745416045, 4.903194904], [-1.745694041, 4.903194904], [-1.745694041, 4.902638912], [-1.745972991, 4.902638912], [-1.745972991, 4.90208292], [-1.746250987, 4.90208292], [-1.746250987, 4.901250839], [-1.746528983, 4.901250839], [-1.746528983, 4.900415897], [-1.746803999, 4.900415897], [-1.746803999, 4.899859905], [-1.747081995, 4.899859905], [-1.747081995, 4.899027824], [-1.747360945, 4.899027824], [-1.747360945, 4.898471832], [-1.747638941, 4.898471832], [-1.747638941, 4.897084236], [-1.747917056, 4.897084236], [-1.747917056, 4.894862175], [-1.747638941, 4.894862175], [-1.747638941, 4.894584179], [-1.747370005, 4.894584179], [-1.746250987, 4.894584179], [-1.746250987, 4.894306183], [-1.745694041, 4.894306183], [-1.745694041, 4.894028187], [-1.745138049, 4.894028187], [-1.745138049, 4.893750191], [-1.744860053, 4.893750191], [-1.744860053, 4.892362118], [-1.744585037, 4.892362118], [-1.744585037, 4.891806126], [-1.744307041, 4.891806126], [-1.744307041, 4.890972137], [-1.744027972, 4.890972137], [-1.744027972, 4.890416145], [-1.74347198, 4.890416145], [-1.74347198, 4.890694141], [-1.742637992, 4.890694141], [-1.742637992, 4.889862061], [-1.742359996, 4.889862061], [-1.742359996, 4.889306068], [-1.742915988, 4.889306068], [-1.742915988, 4.889584064], [-1.743749976, 4.889584064], [-1.743749976, 4.888750076], [-1.74347198, 4.888750076], [-1.74347198, 4.88847208], [-1.742637992, 4.88847208], [-1.742637992, 4.88819313], [-1.742082, 4.88819313], [-1.742082, 4.887639999], [-1.74180603, 4.887639999], [-1.74180603, 4.887084007], [-1.741528034, 4.887084007], [-1.741528034, 4.885971069], [-1.74180603, 4.885971069], [-1.74180603, 4.886249065], [-1.742082, 4.886249065], [-1.742082, 4.886527061], [-1.745138049, 4.886527061], [-1.745138049, 4.886805058], [-1.745416045, 4.886805058], [-1.745416045, 4.887084007], [-1.745972991, 4.887084007], [-1.745972991, 4.886805058], [-1.746803999, 4.886805058], [-1.746803999, 4.886527061], [-1.747081995, 4.886527061], [-1.747081995, 4.884582996], [-1.746528983, 4.884582996], [-1.746528983, 4.884027004], [-1.746250987, 4.884027004], [-1.746250987, 4.883749008], [-1.745694041, 4.883749008], [-1.745694041, 4.883472919], [-1.745416045, 4.883471012], [-1.745416045, 4.883194923], [-1.745138049, 4.883194923], [-1.745138049, 4.882638931], [-1.744860053, 4.882638931], [-1.744860053, 4.882360935], [-1.744307041, 4.882360935], [-1.744307041, 4.882082939], [-1.744027972, 4.882082939], [-1.744027972, 4.881804943], [-1.743749976, 4.881804943], [-1.743749976, 4.881526947], [-1.742359996, 4.881526947], [-1.742359996, 4.881248951], [-1.737084031, 4.881248951], [-1.737084031, 4.881526947], [-1.735972047, 4.881526947], [-1.735972047, 4.881804943], [-1.735416055, 4.881804943], [-1.735416055, 4.882082939], [-1.735139966, 4.882082939], [-1.735139966, 4.882360935], [-1.73486197, 4.882360935], [-1.73486197, 4.882638931], [-1.734583974, 4.882638931], [-1.734583974, 4.883471012], [-1.734305978, 4.883472919], [-1.734305978, 4.885138988], [-1.734027982, 4.885138988], [-1.734027982, 4.886527061], [-1.733749986, 4.886527061], [-1.733749986, 4.887084007], [-1.73319304, 4.887084007], [-1.73319304, 4.886527061], [-1.733471036, 4.886527061], [-1.733471036, 4.885138988], [-1.733749986, 4.885138988], [-1.733749986, 4.883749008], [-1.734027982, 4.883749008], [-1.734027982, 4.882638931], [-1.734305978, 4.882638931], [-1.734305978, 4.882082939], [-1.734583974, 4.882082939], [-1.734583974, 4.881804943], [-1.73486197, 4.881804943], [-1.73486197, 4.881526947], [-1.735139966, 4.881526947], [-1.735139966, 4.881248951], [-1.735694051, 4.881248951], [-1.735694051, 4.880972862], [-1.736250043, 4.880972862], [-1.736250043, 4.880694866], [-1.738193989, 4.880694866], [-1.738193989, 4.88041687], [-1.739861965, 4.88041687], [-1.739861965, 4.880694866], [-1.744860053, 4.880694866], [-1.744860053, 4.880972862], [-1.745972991, 4.880972862], [-1.745972991, 4.880694866], [-1.746528983, 4.880694866], [-1.746528983, 4.88041687], [-1.747360945, 4.88041687], [-1.747360945, 4.880138874], [-1.747638941, 4.880138874], [-1.747638941, 4.879860878], [-1.748195052, 4.879860878], [-1.748195052, 4.879582882], [-1.748473048, 4.879582882], [-1.748473048, 4.879304886], [-1.749027014, 4.879304886], [-1.74902904, 4.87902689], [-1.749596, 4.87902689], [-1.750138998, 4.87902689], [-1.750138998, 4.878748894], [-1.751526952, 4.878748894], [-1.751526952, 4.878472805], [-1.752082944, 4.878472805], [-1.752082944, 4.878194809], [-1.754027009, 4.878194809], [-1.754027009, 4.878472805], [-1.755694985, 4.878472805], [-1.755694985, 4.878194809], [-1.756526947, 4.878194809], [-1.756526947, 4.877638817], [-1.757083058, 4.877638817], [-1.757083058, 4.877360821], [-1.757361054, 4.877360821], [-1.757361054, 4.877082825], [-1.75763905, 4.877082825], [-1.75763905, 4.876807213], [-1.757917047, 4.876807213], [-1.757917047, 4.876529217], [-1.758193016, 4.876529217], [-1.758193016, 4.876251221], [-1.758471012, 4.876251221], [-1.758471012, 4.875973225], [-1.758749008, 4.875973225], [-1.758749008, 4.875695229], [-1.75958395, 4.875695229], [-1.75958395, 4.875417233], [-1.760692954, 4.875417233], [-1.760692954, 4.875695229], [-1.762362003, 4.875695229], [-1.762362003, 4.875973225], [-1.762639999, 4.875973225], [-1.762639999, 4.876251221], [-1.762915969, 4.876251221], [-1.762915969, 4.876529217], [-1.763471961, 4.876529217], [-1.763471961, 4.876807213], [-1.76513803, 4.876807213], [-1.76513803, 4.876251221], [-1.765416026, 4.876251221], [-1.765416026, 4.875695229], [-1.765694022, 4.875695229], [-1.765694022, 4.875417233], [-1.765972018, 4.875417233], [-1.765972018, 4.874860764], [-1.766250014, 4.874860764], [-1.766250014, 4.874581814], [-1.76652801, 4.874605179], [-1.76652801, 4.87402916], [-1.766806006, 4.87402916], [-1.766806006, 4.873751163], [-1.767637968, 4.873751163], [-1.767637968, 4.874641895], [-1.767637968, 4.874860764], [-1.767361999, 4.874860764], [-1.767361999, 4.875695229], [-1.767915964, 4.875695229], [-1.767915964, 4.875973225], [-1.76819396, 4.875973225], [-1.76819396, 4.876251221], [-1.769583941, 4.876251221], [-1.769583941, 4.875973225], [-1.769925952, 4.87598896], [-1.769860029, 4.876251221], [-1.770138025, 4.876251221], [-1.770138025, 4.876529217], [-1.770359039, 4.87656498], [-1.770416021, 4.876654148], [-1.770416021, 4.876807213], [-1.770514011, 4.876807213], [-1.77125001, 4.876807213], [-1.77125001, 4.877082825], [-1.771528006, 4.877082825], [-1.771528006, 4.877360821], [-1.771803975, 4.877360821], [-1.771803975, 4.877638817], [-1.772081971, 4.877638817], [-1.772081971, 4.877916813], [-1.772359967, 4.877916813], [-1.772359967, 4.878748894], [-1.772637963, 4.878748894], [-1.772637963, 4.879582882], [-1.772915959, 4.879582882], [-1.772915959, 4.879860878], [-1.773195028, 4.879860878], [-1.773195028, 4.880138874], [-1.775138974, 4.880138874], [-1.775138974, 4.879860878], [-1.776527047, 4.879860878], [-1.776527047, 4.880138874], [-1.777917027, 4.880138874], [-1.777917027, 4.88041687], [-1.778195024, 4.88041687], [-1.778195024, 4.880694866], [-1.77847302, 4.880694866], [-1.77847302, 4.880972862], [-1.778751016, 4.880972862], [-1.778751016, 4.881526947], [-1.779026985, 4.881526947], [-1.779026985, 4.881804943], [-1.779304981, 4.881804943], [-1.779304981, 4.882082939], [-1.779582977, 4.882082939], [-1.779582977, 4.883194923], [-1.779860973, 4.883194923], [-1.779860973, 4.883472919], [-1.780138969, 4.883472919], [-1.780138969, 4.883194923], [-1.780416965, 4.883194923], [-1.780416965, 4.881248951], [-1.780138969, 4.881248951], [-1.780138969, 4.880694866], [-1.779860973, 4.880694866], [-1.779860973, 4.88041687], [-1.779582977, 4.88041687], [-1.779582977, 4.880138874], [-1.779304981, 4.880138874], [-1.779304981, 4.879860878], [-1.779026985, 4.879860878], [-1.779026985, 4.879582882], [-1.777917027, 4.879582882], [-1.777917027, 4.879304886], [-1.776527047, 4.879304886], [-1.776527047, 4.87902689], [-1.776250958, 4.87902689], [-1.776250958, 4.878748894], [-1.775694966, 4.878748894], [-1.775694966, 4.878472805], [-1.77541697, 4.878472805], [-1.77541697, 4.878194809], [-1.775138974, 4.878194809], [-1.775138974, 4.877916813], [-1.772915959, 4.877916813], [-1.772915959, 4.877638817], [-1.772637963, 4.877638817], [-1.772637963, 4.877360821], [-1.772359967, 4.877360821], [-1.772359967, 4.877082825], [-1.772081971, 4.877082825], [-1.772081971, 4.876529217], [-1.771803975, 4.876529217], [-1.771803975, 4.876251221], [-1.77125001, 4.876251221], [-1.77125001, 4.875973225], [-1.770416021, 4.875973225], [-1.770416021, 4.875695229], [-1.769814968, 4.875723839], [-1.769860029, 4.874860764], [-1.770416021, 4.874860764], [-1.770416021, 4.875139236], [-1.772081971, 4.875139236], [-1.772081971, 4.875417233], [-1.772915959, 4.875417233], [-1.772915959, 4.875695229], [-1.773473024, 4.875695229], [-1.773473024, 4.875973225], [-1.776527047, 4.875973225], [-1.776527047, 4.876251221], [-1.777639031, 4.876251221], [-1.777639031, 4.875973225], [-1.778751016, 4.875973225], [-1.778751016, 4.875695229], [-1.780416965, 4.875695229], [-1.780416965, 4.875417233], [-1.782083035, 4.875417233], [-1.782083035, 4.875139236], [-1.784582973, 4.875139236], [-1.784582973, 4.874860764], [-1.785971045, 4.874860764], [-1.785971045, 4.874581814], [-1.786527038, 4.874581814], [-1.786527038, 4.874307156], [-1.787361979, 4.874307156], [-1.787361979, 4.87402916], [-1.787639976, 4.87402916], [-1.787639976, 4.873751163], [-1.788193941, 4.873751163], [-1.788193941, 4.873473167], [-1.788750052, 4.873473167], [-1.788750052, 4.873194218], [-1.789306045, 4.873194218], [-1.789306045, 4.872916222], [-1.789584041, 4.872916222], [-1.789584041, 4.872638226], [-1.789862037, 4.872638226], [-1.789862037, 4.872360229], [-1.790693998, 4.872360229], [-1.790693998, 4.872082233], [-1.792916059, 4.872082233], [-1.792916059, 4.872360229], [-1.793472052, 4.872360229], [-1.793472052, 4.872082233], [-1.795415998, 4.872082233], [-1.795415998, 4.872360229], [-1.796527982, 4.872360229], [-1.796527982, 4.872638226], [-1.797081947, 4.872638226], [-1.797083974, 4.872916222], [-1.797359943, 4.872916222], [-1.797359943, 4.873194218], [-1.797916055, 4.873194218], [-1.797916055, 4.873473167], [-1.798472047, 4.873473167], [-1.798472047, 4.873751163], [-1.799582005, 4.873751163], [-1.799582005, 4.87402916], [-1.803133011, 4.87402916], [-1.803472996, 4.87402916], [-1.803472996, 4.874189854], [-1.803472996, 4.874307156], [-1.803714037, 4.874307156], [-1.804304957, 4.874307156], [-1.804304957, 4.87402916], [-1.805395961, 4.87402916], [-1.805695057, 4.87402916], [-1.805695057, 4.873827934], [-1.805695057, 4.873751163], [-1.807083011, 4.873751163], [-1.807083011, 4.873473167], [-1.808472991, 4.873473167], [-1.808472991, 4.873194218], [-1.809582949, 4.873194218], [-1.809582949, 4.872916222], [-1.809860945, 4.872916222], [-1.809860945, 4.872360229], [-1.810138941, 4.872360229], [-1.810138941, 4.872082233], [-1.810971022, 4.872082233], [-1.810971022, 4.871806145], [-1.811249018, 4.871806145], [-1.811249018, 4.871528149], [-1.811527014, 4.871528149], [-1.811527014, 4.871806145], [-1.81180501, 4.871806145], [-1.81180501, 4.871528149], [-1.812083006, 4.871528149], [-1.812083006, 4.871250153], [-1.812361002, 4.871250153], [-1.812361002, 4.870972157], [-1.812917948, 4.870972157], [-1.812917948, 4.87069416], [-1.813192964, 4.87069416], [-1.813192964, 4.868750095], [-1.81347096, 4.868750095], [-1.81347096, 4.868472099], [-1.813748956, 4.868472099], [-1.813748956, 4.868194103], [-1.81347096, 4.868194103], [-1.81347096, 4.867916107], [-1.812917948, 4.867916107], [-1.812917948, 4.867638111], [-1.812083006, 4.867638111], [-1.812083006, 4.867084026], [-1.812361002, 4.867084026], [-1.81229496, 4.866537094], [-1.814028025, 4.866528034], [-1.814028025, 4.866250038], [-1.817361951, 4.866250038], [-1.817361951, 4.865972042], [-1.820140004, 4.865972042], [-1.820140004, 4.865694046], [-1.82069397, 4.865694046], [-1.82069397, 4.86541605], [-1.821527958, 4.86541605], [-1.821527958, 4.865139961], [-1.823472023, 4.865139961], [-1.823472023, 4.864861965], [-1.824306011, 4.864861965], [-1.824306011, 4.864583969], [-1.825137973, 4.864583969], [-1.825137973, 4.864305973], [-1.825971961, 4.864305973], [-1.825971961, 4.864027977], [-1.827082038, 4.864027977], [-1.827082038, 4.863749981], [-1.827638984, 4.863749981], [-1.827638984, 4.863471985], [-1.82791698, 4.863471985], [-1.82791698, 4.863193989], [-1.828472972, 4.863193989], [-1.828472972, 4.862915993], [-1.828750968, 4.862915993], [-1.828750968, 4.862639904], [-1.829305053, 4.862639904], [-1.829305053, 4.862361908], [-1.829583049, 4.862361908], [-1.829583049, 4.862083912], [-1.830139041, 4.862083912], [-1.830139041, 4.861805916], [-1.830973029, 4.861805916], [-1.830973029, 4.86152792], [-1.831251025, 4.86152792], [-1.831251025, 4.861249924], [-1.831526995, 4.861249924], [-1.831526995, 4.862639904], [-1.831804991, 4.862639904], [-1.831804991, 4.863749981], [-1.831526995, 4.863749981], [-1.831526995, 4.864305973], [-1.831251025, 4.864305973], [-1.831251025, 4.864583969], [-1.830973029, 4.864583969], [-1.830973029, 4.864861965], [-1.830695033, 4.864861965], [-1.830695033, 4.865139961], [-1.830973029, 4.865139961], [-1.830973029, 4.86541605], [-1.832360983, 4.86541605], [-1.832360983, 4.864583969], [-1.832638979, 4.864583969], [-1.832638979, 4.863749981], [-1.832916975, 4.863749981], [-1.832916975, 4.862915993], [-1.833194971, 4.862915993], [-1.833194971, 4.86152792], [-1.832916975, 4.86152792], [-1.832916975, 4.861249924], [-1.832638979, 4.861249924], [-1.832638979, 4.860692978], [-1.832360983, 4.860692978], [-1.832360983, 4.859582901], [-1.833194971, 4.859582901], [-1.833194971, 4.859304905], [-1.833472967, 4.859304905], [-1.833472967, 4.859026909], [-1.833749056, 4.859026909], [-1.833749056, 4.858470917], [-1.834027052, 4.858470917], [-1.834027052, 4.858194828], [-1.833194971, 4.858194828], [-1.833194971, 4.857638836], [-1.832916975, 4.857638836], [-1.832916975, 4.856804848], [-1.833194971, 4.856804848], [-1.833194971, 4.856526852], [-1.833472967, 4.856526852], [-1.833472967, 4.856248856], [-1.833749056, 4.856248856], [-1.833749056, 4.855972767], [-1.834305048, 4.855972767], [-1.834305048, 4.855694771], [-1.83486104, 4.855694771], [-1.83486104, 4.855416775], [-1.835139036, 4.855416775], [-1.835139036, 4.855138779], [-1.835695028, 4.855138779], [-1.835695028, 4.854860783], [-1.835973024, 4.854860783], [-1.835973024, 4.854582787], [-1.836248994, 4.854582787], [-1.836248994, 4.853751183], [-1.83652699, 4.853751183], [-1.83652699, 4.852639198], [-1.836248994, 4.852639198], [-1.836248994, 4.852361202], [-1.835973024, 4.852361202], [-1.835973024, 4.852083206], [-1.835695028, 4.852083206], [-1.835695028, 4.85180521], [-1.834583044, 4.85180521], [-1.834583044, 4.851527214], [-1.834027052, 4.851527214], [-1.834027052, 4.851251125], [-1.833749056, 4.851251125], [-1.833749056, 4.850417137], [-1.834027052, 4.850417137], [-1.834027052, 4.850139141], [-1.834305048, 4.850139141], [-1.834305048, 4.849861145], [-1.836073995, 4.849861145], [-1.836248994, 4.849861145], [-1.836248994, 4.849656105], [-1.836248994, 4.849583149], [-1.836804986, 4.849583149], [-1.836804986, 4.849305153], [-1.837082982, 4.849305153], [-1.837082982, 4.848689079], [-1.837082982, 4.848473072], [-1.837360978, 4.848473072], [-1.837360978, 4.848195076], [-1.83791697, 4.848195076], [-1.83791697, 4.84791708], [-1.839357972, 4.84791708], [-1.839861989, 4.84791708], [-1.839861989, 4.848195076], [-1.840139985, 4.848195076], [-1.840139985, 4.848751068], [-1.84541595, 4.848751068], [-1.84541595, 4.848473072], [-1.845971942, 4.848473072], [-1.845971942, 4.848195076], [-1.846250057, 4.848195076], [-1.846250057, 4.848473072], [-1.848471999, 4.848473072], [-1.848471999, 4.848195076], [-1.848749995, 4.848195076], [-1.848749995, 4.84791708], [-1.849027991, 4.84791708], [-1.849027991, 4.847639084], [-1.849581957, 4.847639084], [-1.849583983, 4.84791708], [-1.851806045, 4.84791708], [-1.851806045, 4.847639084], [-1.852638006, 4.847639084], [-1.852638006, 4.847360134], [-1.853472948, 4.847360134], [-1.853472948, 4.847084999], [-1.855417013, 4.847084999], [-1.855417013, 4.847360134], [-1.858194947, 4.847360134], [-1.858194947, 4.847639084], [-1.859305024, 4.847639084], [-1.859305024, 4.847360134], [-1.860417008, 4.847360134], [-1.860417008, 4.847084999], [-1.860973001, 4.847084999], [-1.860973001, 4.846807003], [-1.86124897, 4.846807003], [-1.86124897, 4.846529007], [-1.861526966, 4.846529007], [-1.861526966, 4.846251011], [-1.862082958, 4.846251011], [-1.862082958, 4.845138073], [-1.862360954, 4.845138073], [-1.862411022, 4.844589233], [-1.863194942, 4.844583988], [-1.863194942, 4.844860077], [-1.864861012, 4.844860077], [-1.864861012, 4.845138073], [-1.865417004, 4.845138073], [-1.865417004, 4.844860077], [-1.867640018, 4.844860077], [-1.867640018, 4.844583988], [-1.868749976, 4.844583988], [-1.868749976, 4.844305992], [-1.869032025, 4.844305992], [-1.869583964, 4.844305992], [-1.869583964, 4.844027996], [-1.86986196, 4.844027996], [-1.86986196, 4.84375], [-1.870139956, 4.84375], [-1.870139956, 4.843472004], [-1.870972037, 4.843472004], [-1.870972037, 4.843194008], [-1.871250033, 4.843194008], [-1.871250033, 4.842916012], [-1.871806026, 4.842916012], [-1.871806026, 4.842638016], [-1.872640014, 4.842638016], [-1.872640014, 4.84236002], [-1.873471975, 4.84236002], [-1.873471975, 4.842083931], [-1.873749971, 4.842083931], [-1.873749971, 4.841805935], [-1.874027967, 4.841805935], [-1.874027967, 4.840137959], [-1.874305964, 4.840137959], [-1.874305964, 4.839859962], [-1.874861956, 4.839859962], [-1.874861956, 4.839583874], [-1.875138044, 4.839583874], [-1.875138044, 4.839305878], [-1.876250029, 4.839305878], [-1.876250029, 4.839027882], [-1.876528025, 4.839027882], [-1.876528025, 4.838749886], [-1.876806021, 4.838749886], [-1.876806021, 4.838471889], [-1.877084017, 4.838471889], [-1.877084017, 4.838193893], [-1.879582047, 4.838193893], [-1.879582047, 4.837915897], [-1.88013804, 4.837915897], [-1.88013804, 4.837639809], [-1.880972981, 4.837639809], [-1.880972981, 4.837361813], [-1.881528974, 4.837361813], [-1.881528974, 4.837083817], [-1.882083058, 4.837083817], [-1.882083058, 4.83680582], [-1.88263905, 4.83680582], [-1.88263905, 4.836527824], [-1.882917047, 4.836527824], [-1.882917047, 4.836249828], [-1.883195043, 4.836249828], [-1.883195043, 4.835971832], [-1.884027004, 4.835971832], [-1.884027004, 4.835693836], [-1.884305, 4.835693836], [-1.884305, 4.835418224], [-1.884860992, 4.835418224], [-1.884860992, 4.833748817], [-1.885138988, 4.833748817], [-1.885138988, 4.832083225], [-1.885416985, 4.832083225], [-1.885416985, 4.831339836], [-1.885416985, 4.831249237], [-1.885694981, 4.831249237], [-1.885694981, 4.831050873], [-1.885694981, 4.830695152], [-1.886006951, 4.8307271], [-1.885972977, 4.83013916], [-1.886572003, 4.83013916], [-1.88736105, 4.83013916], [-1.88736105, 4.829861164], [-1.887639046, 4.829861164], [-1.887639046, 4.83013916], [-1.888749003, 4.83013916], [-1.888749003, 4.829861164], [-1.889304996, 4.829861164], [-1.889304996, 4.829583168], [-1.889582992, 4.829583168], [-1.889582992, 4.82874918], [-1.889860988, 4.82874918], [-1.889860988, 4.828473091], [-1.889582992, 4.828473091], [-1.889582992, 4.828195095], [-1.889860988, 4.828195095], [-1.889860988, 4.827917099], [-1.889582992, 4.827917099], [-1.889582992, 4.827361107], [-1.889860988, 4.827361107], [-1.889860988, 4.827083111], [-1.889582992, 4.827083111], [-1.889582992, 4.826805115], [-1.889860988, 4.826805115], [-1.889860988, 4.826527119], [-1.890007019, 4.826538086], [-1.890141964, 4.826550007], [-1.890138984, 4.82625103], [-1.890694976, 4.82625103], [-1.890694976, 4.826527119], [-1.890959978, 4.826527119], [-1.890970945, 4.827361107], [-1.891527057, 4.827361107], [-1.891527057, 4.827639103], [-1.892917991, 4.827639103], [-1.892917991, 4.827361107], [-1.894026995, 4.827361107], [-1.894026995, 4.827639103], [-1.89625001, 4.827639103], [-1.89625001, 4.827917099], [-1.902361989, 4.827917099], [-1.902361989, 4.827639103], [-1.903749943, 4.827639103], [-1.903749943, 4.827361107], [-1.905972004, 4.827361107], [-1.905972004, 4.827639103], [-1.906806946, 4.827639103], [-1.906806946, 4.827361107], [-1.907637954, 4.827361107], [-1.907637954, 4.827083111], [-1.908195019, 4.827083111], [-1.908195019, 4.826805115], [-1.910416961, 4.826805115], [-1.910416961, 4.826527119], [-1.911250949, 4.826527119], [-1.911250949, 4.82625103], [-1.91208303, 4.82625103], [-1.91208303, 4.825973034], [-1.912917018, 4.825973034], [-1.912917018, 4.825695038], [-1.91347301, 4.825695038], [-1.91347301, 4.825417042], [-1.914026976, 4.825417042], [-1.914026976, 4.825139046], [-1.914304972, 4.825139046], [-1.914304972, 4.82486105], [-1.914582968, 4.82486105], [-1.914582968, 4.824583054], [-1.914860964, 4.824583054], [-1.914860964, 4.824305058], [-1.91513896, 4.824305058], [-1.91513896, 4.824028969], [-1.915694952, 4.824028969], [-1.915694952, 4.823472977], [-1.915972948, 4.823472977], [-1.915972948, 4.822916985], [-1.916249037, 4.822916985], [-1.916249037, 4.822360992], [-1.916527033, 4.822360992], [-1.916527033, 4.820972919], [-1.916249037, 4.820972919], [-1.916249037, 4.820694923], [-1.915972948, 4.820694923], [-1.915972948, 4.820416927], [-1.915740967, 4.820416927], [-1.914026976, 4.820416927], [-1.914026976, 4.819303989], [-1.91374898, 4.819303989], [-1.91374898, 4.818749905], [-1.914304972, 4.818749905], [-1.914304972, 4.818193913], [-1.914582968, 4.818193913], [-1.914582968, 4.817915916], [-1.914860964, 4.817915916], [-1.914860964, 4.817361832], [-1.915416956, 4.817359924], [-1.915416956, 4.814583778], [-1.915694952, 4.814583778], [-1.915694952, 4.814305782], [-1.915972948, 4.814305782], [-1.915972948, 4.814027786], [-1.916249037, 4.814027786], [-1.916249037, 4.813471794], [-1.916527033, 4.813471794], [-1.916527033, 4.813193798], [-1.916805029, 4.813193798], [-1.916805029, 4.812915802], [-1.918938041, 4.812915802], [-1.920971036, 4.812915802], [-1.920971036, 4.813471794], [-1.922916055, 4.813471794], [-1.922916055, 4.813193798], [-1.923194051, 4.813193798], [-1.923194051, 4.812915802], [-1.924306035, 4.812915802], [-1.924306035, 4.812637806], [-1.925415993, 4.812637806], [-1.925415993, 4.812362194], [-1.926249981, 4.812362194], [-1.926249981, 4.812084198], [-1.927361965, 4.812084198], [-1.927361965, 4.811806202], [-1.928194046, 4.811806202], [-1.928194046, 4.811528206], [-1.929028034, 4.811528206], [-1.929028034, 4.81125021], [-1.929584026, 4.81125021], [-1.929584026, 4.810972214], [-1.930137992, 4.810972214], [-1.930137992, 4.810694218], [-1.931249976, 4.810694218], [-1.931249976, 4.810416222], [-1.931805968, 4.810416222], [-1.931805968, 4.810138226], [-1.932638049, 4.810138226], [-1.932638049, 4.809862137], [-1.932916045, 4.809862137], [-1.932916045, 4.809584141], [-1.933194041, 4.809584141], [-1.933194041, 4.809306145], [-1.933472037, 4.809306145], [-1.933472037, 4.809028149], [-1.934028983, 4.809028149], [-1.934028983, 4.808750153], [-1.934306979, 4.808750153], [-1.934306979, 4.808472157], [-1.934859991, 4.808472157], [-1.934859991, 4.80819416], [-1.935417056, 4.80819416], [-1.935417056, 4.807918072], [-1.935695052, 4.807918072], [-1.935695052, 4.807640076], [-1.935973048, 4.807640076], [-1.935973048, 4.80736208], [-1.93680501, 4.80736208], [-1.93680501, 4.807084084], [-1.937083006, 4.807084084], [-1.937083006, 4.806806087], [-1.937361002, 4.806806087], [-1.937361002, 4.806527138], [-1.937916994, 4.806527138], [-1.937916994, 4.806249142], [-1.93819499, 4.806249142], [-1.93819499, 4.805971146], [-1.938472986, 4.805971146], [-1.938472986, 4.805696011], [-1.938750982, 4.805696011], [-1.938750982, 4.804861069], [-1.939026952, 4.804861069], [-1.939026952, 4.804305077], [-1.938750982, 4.804305077], [-1.938694, 4.803197861], [-1.938472986, 4.803195], [-1.938472986, 4.802083015], [-1.93819499, 4.802083015], [-1.93819499, 4.799304962], [-1.938472986, 4.799304962], [-1.938472986, 4.798472881], [-1.938750982, 4.798472881], [-1.938750982, 4.797638893], [-1.939026952, 4.797638893], [-1.939026952, 4.797360897], [-1.939304948, 4.797360897], [-1.939304948, 4.79625082], [-1.939582944, 4.79625082], [-1.939582944, 4.795416832], [-1.939861059, 4.795416832], [-1.939861059, 4.795138836], [-1.940417051, 4.795138836], [-1.940417051, 4.79486084], [-1.941308022, 4.79486084], [-1.942083001, 4.79486084], [-1.942083001, 4.794582844], [-1.942360997, 4.794582844], [-1.942360997, 4.794307232], [-1.943194985, 4.794303894], [-1.943194985, 4.793750763], [-1.943470955, 4.793750763], [-1.943470955, 4.793472767], [-1.943748951, 4.793472767], [-1.943748951, 4.792731762], [-1.943748951, 4.792637825], [-1.944026947, 4.792637825], [-1.944026947, 4.792081833], [-1.944304943, 4.792081833], [-1.944304943, 4.791807175], [-1.944583058, 4.791807175], [-1.944583058, 4.792081833], [-1.94513905, 4.792081833], [-1.94513905, 4.79217577], [-1.94513905, 4.792359829], [-1.945971012, 4.792359829], [-1.945971012, 4.792637825], [-1.946249008, 4.792637825], [-1.946249008, 4.793194771], [-1.947918057, 4.793194771], [-1.947918057, 4.792915821], [-1.948196054, 4.792915821], [-1.948196054, 4.792081833], [-1.94847095, 4.792081833], [-1.94847095, 4.791250229], [-1.948196054, 4.791250229], [-1.948196054, 4.790972233], [-1.947918057, 4.790972233], [-1.947918057, 4.790694237], [-1.947639942, 4.790694237], [-1.947639942, 4.790415764], [-1.947361946, 4.790415764], [-1.947361946, 4.790137768], [-1.947082996, 4.790137768], [-1.947082996, 4.789859772], [-1.946805, 4.789859772], [-1.946805, 4.787916183], [-1.947082996, 4.787916183], [-1.947082996, 4.787362099], [-1.949028015, 4.787362099], [-1.949028015, 4.787084103], [-1.949584007, 4.787084103], [-1.949584007, 4.786806107], [-1.949862003, 4.786806107], [-1.949862003, 4.786250114], [-1.950139999, 4.786250114], [-1.950139999, 4.785972118], [-1.950971961, 4.785972118], [-1.950971961, 4.785694122], [-1.951249957, 4.785694122], [-1.951249957, 4.785140038], [-1.951527953, 4.785140038], [-1.951527953, 4.784862041], [-1.952361941, 4.784862041], [-1.952361941, 4.784584045], [-1.95263803, 4.784584045], [-1.95263803, 4.784306049], [-1.952916026, 4.784306049], [-1.952916026, 4.784028053], [-1.953219056, 4.784028053], [-1.954306006, 4.784028053], [-1.954306006, 4.784306049], [-1.954861999, 4.784306049], [-1.954861999, 4.784028053], [-1.955137968, 4.784028053], [-1.955137968, 4.783750057], [-1.955415964, 4.783750057], [-1.955415964, 4.783472061], [-1.95569396, 4.783472061], [-1.95569396, 4.783194065], [-1.955971956, 4.783194065], [-1.955971956, 4.782361984], [-1.956249952, 4.782361984], [-1.956249952, 4.782083988], [-1.956527948, 4.782083988], [-1.956527948, 4.781805992], [-1.956805944, 4.781805992], [-1.956805944, 4.781527996], [-1.957083941, 4.781527996], [-1.957083941, 4.780972004], [-1.957360029, 4.780972004], [-1.957360029, 4.780415058], [-1.957638025, 4.780415058], [-1.957638025, 4.779948235], [-1.957638025, 4.779861927], [-1.957360029, 4.779861927], [-1.957360029, 4.779583931], [-1.957638025, 4.779583931], [-1.957638025, 4.779304981], [-1.957916021, 4.779304981], [-1.957916021, 4.779026985], [-1.958472013, 4.779026985], [-1.958472013, 4.778748989], [-1.95875001, 4.778748989], [-1.95875001, 4.778470993], [-1.959306002, 4.778470993], [-1.959306002, 4.778195858], [-1.959594011, 4.778204918], [-1.959581971, 4.777638912], [-1.959859967, 4.777638912], [-1.959859967, 4.777360916], [-1.960454941, 4.777401924], [-1.960415959, 4.77708292], [-1.960798979, 4.77708292], [-1.960973024, 4.77708292], [-1.960973024, 4.77686882], [-1.961529016, 4.776804924], [-1.961480975, 4.776535988], [-1.961807013, 4.776526928], [-1.961766005, 4.776256084], [-1.962360978, 4.776248932], [-1.962360978, 4.775972843], [-1.962638974, 4.775972843], [-1.962638974, 4.775375843], [-1.962638974, 4.774304867], [-1.963472962, 4.774304867], [-1.963472962, 4.774026871], [-1.96408999, 4.774026871], [-1.965139031, 4.774026871], [-1.965139031, 4.773748875], [-1.965417027, 4.773748875], [-1.965417027, 4.773472786], [-1.96597302, 4.773472786], [-1.96597302, 4.77319479], [-1.966251016, 4.77319479], [-1.966251016, 4.772916794], [-1.967082977, 4.772916794], [-1.967082977, 4.772638798], [-1.967638969, 4.772638798], [-1.967638969, 4.772082806], [-1.968194962, 4.772082806], [-1.968194962, 4.77180481], [-1.968472958, 4.77180481], [-1.968472958, 4.771526814], [-1.969027042, 4.771526814], [-1.969027042, 4.771251202], [-1.969305038, 4.771248817], [-1.969305038, 4.770973206], [-1.969861031, 4.770973206], [-1.969861031, 4.77069521], [-1.970970988, 4.77069521], [-1.970973015, 4.770417213], [-1.971248984, 4.770417213], [-1.971248984, 4.770139217], [-1.97152698, 4.770139217], [-1.97152698, 4.769861221], [-1.972082973, 4.769861221], [-1.972082973, 4.769027233], [-1.972360969, 4.769027233], [-1.972360969, 4.768473148], [-1.972638965, 4.768473148], [-1.972638965, 4.767917156], [-1.972916961, 4.767917156], [-1.972916961, 4.76763916], [-1.972360969, 4.76763916], [-1.972360969, 4.766251087], [-1.972082973, 4.766251087], [-1.972082973, 4.763750076], [-1.972360969, 4.763750076], [-1.972360969, 4.763194084], [-1.972638965, 4.763194084], [-1.972638965, 4.76347208], [-1.972916961, 4.76347208], [-1.972916961, 4.761479855], [-1.972916961, 4.761250019], [-1.97300601, 4.761250019], [-1.97319603, 4.761250019], [-1.97319603, 4.760972023], [-1.973471045, 4.760972023], [-1.973471045, 4.760416031], [-1.97319603, 4.760416031], [-1.97319603, 4.75958395], [-1.972916961, 4.75958395], [-1.972916961, 4.759027958], [-1.973471045, 4.759027958], [-1.973471045, 4.758749962], [-1.975139976, 4.758749962], [-1.975139976, 4.758471966], [-1.975414991, 4.758471966], [-1.975414991, 4.757915974], [-1.975692987, 4.757915974], [-1.975692987, 4.757639885], [-1.976250052, 4.757639885], [-1.976250052, 4.757915974], [-1.976528049, 4.757915974], [-1.976528049, 4.75819397], [-1.976806045, 4.75819397], [-1.976806045, 4.758471966], [-1.977084041, 4.758471966], [-1.977084041, 4.75819397], [-1.977362037, 4.75819397], [-1.977362037, 4.758471966], [-1.978193998, 4.758471966], [-1.978193998, 4.758749962], [-1.979583979, 4.758749962], [-1.979583979, 4.758471966], [-1.979861975, 4.758471966], [-1.979861975, 4.75819397], [-1.980137944, 4.75819397], [-1.980137944, 4.756805897], [-1.979861975, 4.756805897], [-1.979861975, 4.756462097], [-1.979861975, 4.755693913], [-1.980137944, 4.755693913], [-1.980137944, 4.754861832], [-1.980694056, 4.754861832], [-1.980694056, 4.755139828], [-1.980972052, 4.755139828], [-1.980972052, 4.755417824], [-1.981250048, 4.755417824], [-1.981250048, 4.755693913], [-1.980972052, 4.755693913], [-1.980972052, 4.756249905], [-1.981250048, 4.756249905], [-1.981250048, 4.756527901], [-1.981528044, 4.756527901], [-1.981528044, 4.757083893], [-1.98180604, 4.757083893], [-1.98180604, 4.757361889], [-1.982084036, 4.757361889], [-1.982084036, 4.757639885], [-1.982638001, 4.757639885], [-1.982638001, 4.757361889], [-1.982915998, 4.757361889], [-1.982915998, 4.756249905], [-1.983193994, 4.756249905], [-1.983193994, 4.755971909], [-1.984027982, 4.755971909], [-1.984027982, 4.756249905], [-1.984305978, 4.756249905], [-1.984305978, 4.756527901], [-1.985138059, 4.756527901], [-1.985138059, 4.756805897], [-1.985416055, 4.756805897], [-1.985416055, 4.757083893], [-1.985694051, 4.757083893], [-1.985694051, 4.75819397], [-1.985972047, 4.75819397], [-1.985972047, 4.758471966], [-1.986250043, 4.758471966], [-1.986250043, 4.758749962], [-1.986528039, 4.758749962], [-1.986528039, 4.759027958], [-1.987637997, 4.759027958], [-1.987637997, 4.759305954], [-1.98902905, 4.759305954], [-1.98902905, 4.75958395], [-1.989861012, 4.75958395], [-1.989861012, 4.759305954], [-1.990972996, 4.759305954], [-1.990972996, 4.75958395], [-1.992082953, 4.75958395], [-1.992082953, 4.759305954], [-1.999886036, 4.759305954], [-2.000695944, 4.759305954], [-2.000695944, 4.75958395], [-2.002914906, 4.75958395], [-2.002918005, 4.759305954], [-2.003750086, 4.759305954], [-2.003750086, 4.759027958], [-2.004584074, 4.759027958], [-2.004584074, 4.758749962], [-2.006805897, 4.758749962], [-2.006805897, 4.758471966], [-2.007083893, 4.758471966], [-2.007083893, 4.758749962], [-2.008471966, 4.758749962], [-2.008471966, 4.758471966], [-2.009305954, 4.758471966], [-2.009305954, 4.75819397], [-2.009860039, 4.75819397], [-2.009861946, 4.757915974], [-2.010694027, 4.757915974], [-2.010694027, 4.757639885], [-2.011806011, 4.757639885], [-2.011806011, 4.757361889], [-2.013750076, 4.757361889], [-2.013750076, 4.757639885], [-2.015137911, 4.757639885], [-2.015137911, 4.757915974], [-2.015695095, 4.757915974], [-2.015695095, 4.757639885], [-2.016529083, 4.757639885], [-2.016529083, 4.757361889], [-2.016804934, 4.757361889], [-2.016804934, 4.757639885], [-2.017638922, 4.757639885], [-2.017638922, 4.757915974], [-2.017916918, 4.757915974], [-2.017916918, 4.757639885], [-2.01847291, 4.757639885], [-2.01847291, 4.757915974], [-2.018750906, 4.757915974], [-2.018750906, 4.757639885], [-2.019304991, 4.757639885], [-2.019304991, 4.757915974], [-2.022083044, 4.757915974], [-2.022083044, 4.75819397], [-2.023473024, 4.75819397], [-2.023473024, 4.757915974], [-2.023749113, 4.757915974], [-2.023749113, 4.75819397], [-2.024027109, 4.75819397], [-2.024027109, 4.757915974], [-2.024583101, 4.757915974], [-2.024583101, 4.75819397], [-2.025417089, 4.75819397], [-2.025417089, 4.758471966], [-2.026248932, 4.758471966], [-2.026248932, 4.75819397], [-2.026526928, 4.75819397], [-2.026526928, 4.757915974], [-2.027640104, 4.757915974], [-2.027640104, 4.757639885], [-2.028192997, 4.757639885], [-2.028192997, 4.757361889], [-2.028748989, 4.757361889], [-2.028748989, 4.757639885], [-2.029027939, 4.757639885], [-2.029027939, 4.757361889], [-2.031147029834251, 4.757361889], [-1.913334012, 4.910727024], [-1.921093941, 4.914528847], [-1.933143973, 4.917362213], [-1.94096899, 4.921178818], [-1.943997979, 4.921945095], [-1.947213054, 4.92229414], [-1.953992009, 4.922173023], [-1.960662961, 4.921193123], [-1.974727035, 4.918272972], [-1.981060982, 4.913942814], [-1.984145045, 4.912206173], [-1.987331033, 4.910865784], [-1.990175009, 4.910154819], [-1.993051052, 4.909756184], [-2.003159046, 4.909370899], [-2.038553953, 4.909275055], [-2.045512915, 4.90961504], [-2.0365067908127004, 4.768854957028051], [-2.0364974175539463, 4.768212021201721], [-2.036314918053254, 4.755693913], [-2.037084103, 4.755693913], [-2.037084103, 4.755417824], [-2.037637949, 4.755417824], [-2.037637949, 4.755693913], [-2.037915945, 4.755693913], [-2.037915945, 4.755971909], [-2.038749933, 4.755971909], [-2.038749933, 4.755693913], [-2.039027929, 4.755693913], [-2.039027929, 4.755139828], [-2.038749933, 4.755139828], [-2.038749933, 4.754583836], [-2.038471937, 4.754583836], [-2.038471937, 4.75430584], [-2.038749933, 4.75430584], [-2.038749933, 4.753470898]], [[-1.526970029, 5.2041502], [-1.612792724762677, 5.075152825968852], [-1.6111028399856713, 5.073800918134621], [-1.519487977, 5.208491802], [-1.526970029, 5.2041502]], [[-1.53263402, 5.201961994], [-1.61459010239047, 5.076590728084515], [-1.612940218620945, 5.075270821056568], [-1.526970029, 5.2041502], [-1.53263402, 5.201961994]], [[-1.540119052, 5.197628975], [-1.6165596844443337, 5.078166393742322], [-1.6146852331882728, 5.076666832723468], [-1.53263402, 5.201961994], [-1.540119052, 5.197628975]], [[-1.54578495, 5.195444107], [-1.6183483188683156, 5.079924485370681], [-1.618319106, 5.079573931], [-1.6167719626959258, 5.078336216345181], [-1.540119052, 5.197628975], [-1.54578495, 5.195444107]], [[-1.553272009, 5.191120148], [-1.6187105628802392, 5.084271412904811], [-1.6183559887908732, 5.080016524428477], [-1.54578495, 5.195444107], [-1.553272009, 5.191120148]], [[-1.558938026, 5.188934803], [-1.6190606715342613, 5.088472716164524], [-1.6187222594760848, 5.084411772035296], [-1.553272009, 5.191120148], [-1.558938026, 5.188934803]], [[-1.566419959, 5.184449196], [-1.6194674173146921, 5.093353664845934], [-1.6190674401301353, 5.088553939303635], [-1.558938026, 5.188934803], [-1.566419959, 5.184449196]], [[-1.571365952, 5.182119846], [-1.619800445039801, 5.097349996987401], [-1.6194991945708164, 5.093734991866004], [-1.566419959, 5.184449196], [-1.571365952, 5.182119846]], [[-1.575472951, 5.179704189], [-1.620043999486772, 5.100272649941626], [-1.6198178487896864, 5.0975588419567694], [-1.571365952, 5.182119846], [-1.575472951, 5.179704189]], [[-1.583953023, 5.172985077], [-1.6216917976182206, 5.10363427628092], [-1.620103702, 5.10098908], [-1.620053715221476, 5.100389238741742], [-1.575472951, 5.179704189], [-1.583953023, 5.172985077]], [[-1.586181998, 5.171638012], [-1.621841243842681, 5.1038831999556695], [-1.6217109812589463, 5.103666229328659], [-1.583953023, 5.172985077], [-1.586181998, 5.171638012]], [[-1.591794014, 5.169326782], [-1.6236677178910415, 5.106925448989348], [-1.6222924425439658, 5.104634734758046], [-1.586181998, 5.171638012], [-1.591794014, 5.169326782]], [[-1.594012976, 5.167971134], [-1.6242690467640517, 5.107927046676696], [-1.6236846228206996, 5.106953606523787], [-1.591794014, 5.169326782], [-1.594012976, 5.167971134]], [[-1.598150015, 5.164534092], [-1.6253188955900397, 5.109675717334918], [-1.6243333580200183, 5.108034166105245], [-1.594012976, 5.167971134], [-1.598150015, 5.164534092]], [[-1.602120042, 5.160706997], [-1.6262088655777227, 5.111158087334898], [-1.6253337760110569, 5.109700502765897], [-1.598150015, 5.164534092], [-1.602120042, 5.160706997]], [[-1.635825992, 5.127176762], [-1.6262642813422974, 5.111250390073269], [-1.602120042, 5.160706997], [-1.635825992, 5.127176762]], [[-1.7102126483220266, 4.932917118], [-1.7105902529134316, 4.932917118], [-1.7125416041311592, 4.929292629892057], [-1.7102126483220266, 4.932917118]], [[-1.7106906385056515, 4.932917118], [-1.7108083986589075, 4.932917118], [-1.711526751325037, 4.931586040928453], [-1.7106906385056515, 4.932917118]], [[-1.71181296459107, 4.932639122], [-1.7119667196676183, 4.932639122], [-1.712084055, 4.932416177481579], [-1.712084055, 4.932361126], [-1.7121130285039678, 4.932361126], [-1.7128962278916124, 4.930872997856819], [-1.71181296459107, 4.932639122]], [[-1.713379729655888, 4.93208313], [-1.71338761819283, 4.93208313], [-1.7134327885713718, 4.931992014794068], [-1.713379729655888, 4.93208313]], [[-1.7147916684752174, 4.931805134], [-1.7148102296050638, 4.931805134], [-1.7157665757449871, 4.930103670423897], [-1.7147916684752174, 4.931805134]], [[-1.7155862712965184, 4.931527138], [-1.716249943, 4.931527138], [-1.716249943, 4.931251049], [-1.716806054, 4.931251049], [-1.716806054, 4.930973053], [-1.7170226012579675, 4.930973053], [-1.7207863112965074, 4.921878413754462], [-1.7155862712965184, 4.931527138]], [[-1.6932043659540577, 4.956765285617659], [-1.6971393830975614, 4.950312024652197], [-1.6954757372240996, 4.952856965590165], [-1.6916608046729749, 4.9591223593541525], [-1.6932043659540577, 4.956765285617659]], [[-1.6899618567368713, 4.962082863], [-1.690137982, 4.962082863], [-1.690137982, 4.961804867], [-1.690693974, 4.961804867], [-1.690693974, 4.961526871], [-1.690971971, 4.961526871], [-1.690971971, 4.961248875], [-1.69125104, 4.961248875], [-1.69125104, 4.960972786], [-1.691529036, 4.960972786], [-1.691529036, 4.96069479], [-1.6917263482630602, 4.96069479], [-1.691904229820894, 4.960416794], [-1.691807032, 4.960416794], [-1.691807032, 4.960138798], [-1.692082047, 4.960138798], [-1.692082047, 4.959860802], [-1.6922599929365625, 4.959860802], [-1.7043470932936038, 4.940970898], [-1.704027057, 4.940970898], [-1.704027057, 4.940692902], [-1.7037295814629443, 4.940692902], [-1.6932043659540577, 4.956765285617659], [-1.6899618567368713, 4.962082863]], [[-1.7034274715431141, 4.940692902], [-1.7030048537091547, 4.940692902], [-1.6971393830975614, 4.950312024652197], [-1.7034274715431141, 4.940692902]], [[-1.70291698, 4.940635958938109], [-1.70291698, 4.940417767], [-1.7028952038423997, 4.940417767], [-1.6878869803885406, 4.962916851], [-1.688194036, 4.962916851], [-1.688194036, 4.962638855], [-1.6890812469989844, 4.962638855], [-1.6954757372240996, 4.952856965590165], [-1.70291698, 4.940635958938109]], [[-1.689357980437997, 4.962638855], [-1.6895196473554028, 4.962638855], [-1.68958199, 4.962536467549775], [-1.68958199, 4.962360859], [-1.6896889162041664, 4.962360859], [-1.6916608046729749, 4.9591223593541525], [-1.689357980437997, 4.962638855]], [[-1.704861045, 4.937648827129471], [-1.7035122333141808, 4.939860821], [-1.70397140877222, 4.939860821], [-1.704583049, 4.938925172206098], [-1.704583049, 4.938192844], [-1.704861045, 4.938192844], [-1.704861045, 4.937648827129471]], [[-1.7042744808415426, 4.939860821], [-1.704583049, 4.939860821], [-1.704583049, 4.939389626295176], [-1.7042744808415426, 4.939860821]], [[-1.7041754497046906, 4.946249962], [-1.708194017, 4.9395351267995835], [-1.708194017, 4.939026833], [-1.707918048, 4.939026833], [-1.707918048, 4.9389892921052], [-1.7046991404799823, 4.94423731470776], [-1.703748941, 4.945997994107775], [-1.703748941, 4.946249962], [-1.7041754497046906, 4.946249962]], [[-1.706374945302657, 4.941132119333641], [-1.7046591865377858, 4.943933627662974], [-1.7035617863318426, 4.945971966], [-1.7036351812496089, 4.945971966], [-1.7046991404799823, 4.94423731470776], [-1.706374945302657, 4.941132119333641]], [[-1.7078345652903233, 4.938748837], [-1.7076611497269587, 4.938748837], [-1.706374945302657, 4.941132119333641], [-1.7078345652903233, 4.938748837]], [[-1.7074505731481278, 4.938748837], [-1.7071730860207879, 4.938748837], [-1.707083941, 4.938890626264964], [-1.707083941, 4.939026833], [-1.7069983057988494, 4.939026833], [-1.6944240201330436, 4.959026814], [-1.694861054, 4.959026814], [-1.694861054, 4.958751202], [-1.695417047, 4.958748817], [-1.695417047, 4.958473206], [-1.6957545515923578, 4.958473206], [-1.7030703120846504, 4.946527958], [-1.70291698, 4.946527958], [-1.70291698, 4.946249962], [-1.702638984, 4.946249962], [-1.702638984, 4.945971966], [-1.70291698, 4.945971966], [-1.70291698, 4.94569397], [-1.703470945, 4.94569397], [-1.703470945, 4.945873800508669], [-1.7046591865377858, 4.943933627662974], [-1.7074505731481278, 4.938748837]], [[-1.702360988, 4.955602992073209], [-1.702360988, 4.955417156], [-1.7024622128606395, 4.955417156], [-1.705337717645476, 4.950138092], [-1.7052201468697226, 4.950138092], [-1.702280731252801, 4.955539720132919], [-1.7022048509117624, 4.955695152], [-1.7023107885118982, 4.955695152], [-1.702360988, 4.955602992073209]], [[-1.7050534690720907, 4.949860096], [-1.704861045, 4.949860096], [-1.704861045, 4.9495060212737245], [-1.7043945569411119, 4.950335963914523], [-1.7016539692303425, 4.955973148], [-1.701804996, 4.955973148], [-1.701804996, 4.955695152], [-1.7021961495588709, 4.955695152], [-1.702280731252801, 4.955539720132919], [-1.7050534690720907, 4.949860096]], [[-1.704861045, 4.949376432843398], [-1.704861045, 4.949282464994153], [-1.7039217945285596, 4.951177069442667], [-1.7043945569411119, 4.950335963914523], [-1.704861045, 4.949376432843398]], [[-1.7030329632416927, 4.952758415355797], [-1.7014408510460166, 4.955973148], [-1.7015441377836005, 4.955973148], [-1.7039217945285596, 4.951177069442667], [-1.7030329632416927, 4.952758415355797]], [[-1.7046076706006033, 4.949578825898782], [-1.704861045, 4.949136622496409], [-1.704861045, 4.94911738902154], [-1.7046493953712494, 4.949494576822221], [-1.704861045, 4.949067221908085], [-1.704861045, 4.948847999322407], [-1.7036144605458103, 4.951312232535548], [-1.700784555304776, 4.956251144], [-1.7008581143907358, 4.956251144], [-1.7034771105648225, 4.951583744332312], [-1.7015319612375883, 4.955428892216661], [-1.7030329632416927, 4.952758415355797], [-1.7046076706006033, 4.949578825898782]], [[-1.7010697959993277, 4.956251144], [-1.7011160077941097, 4.956251144], [-1.701249003, 4.9559882406704725], [-1.701249003, 4.955973148], [-1.7012566379463532, 4.955973148], [-1.7015319612375883, 4.955428892216661], [-1.7010697959993277, 4.956251144]], [[-1.7076399775683495, 4.944561940518745], [-1.7071590215479149, 4.945417623535924], [-1.7072223473707582, 4.945417406380816], [-1.7076399775683495, 4.944561940518745]], [[-1.708194017, 4.94357623265281], [-1.708194017, 4.943471909], [-1.7082526544719208, 4.943471909], [-1.708472013, 4.943081641783922], [-1.708472013, 4.942917824], [-1.7084426194235418, 4.942917824], [-1.7076399775683495, 4.944561940518745], [-1.708194017, 4.94357623265281]], [[-1.7064970764601046, 4.945613911934116], [-1.7078609495253134, 4.942917824], [-1.7077462343558787, 4.942917824], [-1.706223098914294, 4.945520913850217], [-1.7059924817049463, 4.945971966], [-1.7062924970328206, 4.945971966], [-1.7064970764601046, 4.945613911934116]], [[-1.7063159472431495, 4.945971966], [-1.7063939857529073, 4.945971966], [-1.707054385059181, 4.94463851273342], [-1.7064970764601046, 4.945613911934116], [-1.7063159472431495, 4.945971966]], [[-1.707792441274082, 4.9433467698045], [-1.7080009786541948, 4.942917824], [-1.7079065646400802, 4.942917824], [-1.707054385059181, 4.94463851273342], [-1.707792441274082, 4.9433467698045]], [[-1.707223221474705, 4.944517612387489], [-1.7078772651893905, 4.943198311339425], [-1.707792441274082, 4.9433467698045], [-1.707223221474705, 4.944517612387489]], [[-1.7065022254286635, 4.945971966], [-1.7065161692342383, 4.945971966], [-1.707223221474705, 4.944517612387489], [-1.7065022254286635, 4.945971966]], [[-1.7080375257330551, 4.942917824], [-1.708016316834706, 4.942917824], [-1.7078772651893905, 4.943198311339425], [-1.7080375257330551, 4.942917824]], [[-1.707640052, 4.942749569347099], [-1.707640052, 4.942639828], [-1.707582451508616, 4.942639828], [-1.7057384469566084, 4.946249962], [-1.7057965139174436, 4.946249962], [-1.706223098914294, 4.945520913850217], [-1.707640052, 4.942749569347099]], [[-1.7057377397356774, 4.946249962], [-1.7075568775499235, 4.942639828], [-1.707362056, 4.942639828], [-1.707362056, 4.942416955510413], [-1.7049681050516365, 4.946527958], [-1.705417991, 4.946527958], [-1.705417991, 4.946249962], [-1.7057377397356774, 4.946249962]], [[-1.704583049, 4.948323814478217], [-1.704583049, 4.948194027], [-1.704305053, 4.948194027], [-1.704305053, 4.947666581427881], [-1.7017352136799797, 4.952079627505396], [-1.6992481374064838, 4.956805229], [-1.699620353205298, 4.956805229], [-1.704583049, 4.948323814478217]], [[-1.704305053, 4.947196771012012], [-1.704305053, 4.94708395], [-1.704027057, 4.94708395], [-1.704027057, 4.946805954], [-1.7039762862645516, 4.946805954], [-1.697279140649061, 4.957986260193044], [-1.697166375089408, 4.95819521], [-1.697916985, 4.95819521], [-1.697916985, 4.957917213], [-1.698194981, 4.957917213], [-1.698194981, 4.957639217], [-1.698472977, 4.957639217], [-1.698472977, 4.957361221], [-1.6986595950717924, 4.957361221], [-1.698750973, 4.957204302625958], [-1.698750973, 4.95652914], [-1.699026942, 4.95652914], [-1.699026942, 4.9567303959877185], [-1.7017352136799797, 4.952079627505396], [-1.704305053, 4.947196771012012]], [[-1.698448850089678, 4.955818838131167], [-1.6970266840962376, 4.95819521], [-1.6971539770569954, 4.95819521], [-1.697279140649061, 4.957986260193044], [-1.698448850089678, 4.955818838131167]], [[-1.7038427101510054, 4.946805954], [-1.703748941, 4.946805954], [-1.703748941, 4.946527958], [-1.703462931284207, 4.946527958], [-1.698448850089678, 4.955818838131167], [-1.7038427101510054, 4.946805954]], [[-1.704305053, 4.946527958], [-1.704657048185265, 4.946527958], [-1.708194017, 4.939807494580602], [-1.708194017, 4.939764816809694], [-1.704305053, 4.946257106329748], [-1.704305053, 4.946527958]], [[-1.703748941, 4.954582214], [-1.703748941, 4.954307079], [-1.704027057, 4.954307079], [-1.704027057, 4.954029083], [-1.704583049, 4.954029083], [-1.704583049, 4.953751087], [-1.704861045, 4.953751087], [-1.704861045, 4.953194141], [-1.705139995, 4.953194141], [-1.705139995, 4.952638149], [-1.705417991, 4.952638149], [-1.705417991, 4.952084064], [-1.705693007, 4.952082157], [-1.705693007, 4.951250076], [-1.705417991, 4.951250076], [-1.705417991, 4.950446129], [-1.705417991, 4.95039447991134], [-1.7030112505336714, 4.95486021], [-1.703470945, 4.95486021], [-1.703470945, 4.954582214], [-1.703748941, 4.954582214]], [[-1.7028609144766877, 4.95513916], [-1.70291698, 4.95513916], [-1.70291698, 4.955035129882131], [-1.7028609144766877, 4.95513916]], [[-1.706805944, 4.94569397], [-1.7068336214295976, 4.94569397], [-1.708424301921001, 4.942917824], [-1.7083397779623422, 4.942917824], [-1.7066260215277924, 4.945971966], [-1.7066743348452866, 4.945971966], [-1.706805944, 4.945742274223181], [-1.706805944, 4.94569397]], [[-1.7070036947587246, 4.94569397], [-1.707083941, 4.94569397], [-1.707083941, 4.945551201549383], [-1.7070036947587246, 4.94569397]], [[-1.7034392079357294, 4.950965780754104], [-1.7027806921344972, 4.952118312380625], [-1.7006981682506974, 4.956251144], [-1.7007368691424374, 4.956251144], [-1.7034392079357294, 4.950965780754104]], [[-1.704861045, 4.948477287416109], [-1.704861045, 4.948472023], [-1.7047142344583097, 4.948472023], [-1.7034392079357294, 4.950965780754104], [-1.704861045, 4.948477287416109]], [[-1.7046180485578262, 4.948472023], [-1.7046034501396374, 4.948472023], [-1.7024061186632087, 4.9527738893178945], [-1.7027806921344972, 4.952118312380625], [-1.7046180485578262, 4.948472023]], [[-1.70010275377524, 4.956805229], [-1.7003469683035566, 4.956805229], [-1.700417042, 4.956668040925405], [-1.700417042, 4.95652914], [-1.7004879905960146, 4.95652914], [-1.7024061186632087, 4.9527738893178945], [-1.70010275377524, 4.956805229]], [[-1.7058503458970127, 4.946249962], [-1.705971003, 4.946249962], [-1.705971003, 4.946013975076721], [-1.7058503458970127, 4.946249962]], [[-1.7005947333345037, 4.95652914], [-1.700695038, 4.956332959345774], [-1.700695038, 4.956257356077162], [-1.7005580867368788, 4.95652914], [-1.7005947333345037, 4.95652914]], [[-1.7006252687204655, 4.95652914], [-1.700695038, 4.95652914], [-1.700695038, 4.956407374688015], [-1.7006252687204655, 4.95652914]], [[-1.70466842657016, 4.937759498536364], [-1.703266719856995, 4.939860821], [-1.7033889533608284, 4.939860821], [-1.70466842657016, 4.937759498536364]], [[-1.704861045, 4.93747074095981], [-1.704861045, 4.937443154723472], [-1.70466842657016, 4.937759498536364], [-1.704861045, 4.93747074095981]], [[-1.7030347629628508, 4.946950872265651], [-1.6961379780151136, 4.95819521], [-1.6969810385534991, 4.95819521], [-1.7030347629628508, 4.946950872265651]], [[-1.703294160075463, 4.946527958], [-1.7032624514647015, 4.946527958], [-1.7030347629628508, 4.946950872265651], [-1.703294160075463, 4.946527958]], [[-1.6685228938877947, 4.966804981], [-1.668751001, 4.966804981], [-1.668744351597223, 4.966542147589733], [-1.6685228938877947, 4.966804981]], [[-1.697215444271984, 4.93347311], [-1.696607602734738, 4.93347311], [-1.6687571272652317, 4.966526985], [-1.6692038314571063, 4.966526985], [-1.697215444271984, 4.93347311]], [[-1.6817011685222194, 4.96458292], [-1.681805968, 4.964436588496902], [-1.681805968, 4.964304924], [-1.681900263283144, 4.964304924], [-1.682083964, 4.964048422702598], [-1.682083964, 4.964026928], [-1.682099358044069, 4.964026928], [-1.6990077317794183, 4.940417767], [-1.698750973, 4.940417767], [-1.698750973, 4.940692902], [-1.698472977, 4.940692902], [-1.698472977, 4.940522474634607], [-1.680629195861595, 4.965138912], [-1.681249976, 4.965138912], [-1.681249976, 4.964860916], [-1.6815020737612942, 4.964860916], [-1.681527972, 4.964824754291205], [-1.681527972, 4.96458292], [-1.6817011685222194, 4.96458292]], [[-1.6827385414187785, 4.964026928], [-1.683472037, 4.964026928], [-1.683472037, 4.963748932], [-1.683729741564335, 4.963748932], [-1.70019577427226, 4.940417767], [-1.6997064978819771, 4.940417767], [-1.6827385414187785, 4.964026928]], [[-1.6838787782003743, 4.963748932], [-1.684028029, 4.963748932], [-1.684028029, 4.963537632071121], [-1.6838787782003743, 4.963748932]], [[-1.7009145942742414, 4.940417767], [-1.7003586466553056, 4.940417767], [-1.6840737924828524, 4.963472843], [-1.684584022, 4.963472843], [-1.684584022, 4.963194847], [-1.684862018, 4.963194847], [-1.684862018, 4.963472843], [-1.6849557712064034, 4.963472843], [-1.7009145942742414, 4.940417767]], [[-1.6861464598421838, 4.963472843], [-1.68708396, 4.963472843], [-1.68708396, 4.963194847], [-1.687279012870587, 4.963194847], [-1.7024327353543498, 4.940417767], [-1.7018282013843609, 4.940417767], [-1.6861464598421838, 4.963472843]], [[-1.7011452800156173, 4.940417767], [-1.6851667789345819, 4.963472843], [-1.6860023115286802, 4.963472843], [-1.7016704894252657, 4.940417767], [-1.7011452800156173, 4.940417767]], [[-1.6993556149660691, 4.939304829], [-1.699583054, 4.939304829], [-1.699583054, 4.939582825], [-1.6996056992964912, 4.939582825], [-1.7033854273482578, 4.934305191], [-1.7029797155992774, 4.934305191], [-1.6993556149660691, 4.939304829]], [[-1.7007850368436412, 4.939582825], [-1.704027057, 4.934989119367135], [-1.704027057, 4.934583187], [-1.7038998234906693, 4.934583187], [-1.7003065725523687, 4.939582825], [-1.7007850368436412, 4.939582825]], [[-1.7009484043603964, 4.939582825], [-1.701249003, 4.939582825], [-1.701249003, 4.939860821], [-1.7013001146981312, 4.939860821], [-1.704027057, 4.935921316078494], [-1.704027057, 4.935224261525497], [-1.7009484043603964, 4.939582825]], [[-1.7028032747352728, 4.939860821], [-1.704583049, 4.9371856987088885], [-1.704583049, 4.936804771], [-1.704305053, 4.936804771], [-1.704305053, 4.936776334568168], [-1.702207028295404, 4.939860821], [-1.7028032747352728, 4.939860821]], [[-1.7020489886766577, 4.939860821], [-1.704305053, 4.936541115621439], [-1.704305053, 4.936526775], [-1.704027057, 4.936526775], [-1.704027057, 4.936259705674156], [-1.7015312758051375, 4.939860821], [-1.7020489886766577, 4.939860821]], [[-1.705417991, 4.940417767], [-1.705393021511131, 4.940417767], [-1.705139995, 4.940811545008579], [-1.705139995, 4.940970898], [-1.705037600933853, 4.940970898], [-1.692899679565496, 4.959860802], [-1.693750978, 4.959860802], [-1.693750978, 4.959582806], [-1.6939406515581494, 4.959582806], [-1.694028974, 4.959442198208175], [-1.694028974, 4.95930481], [-1.6941152740682255, 4.95930481], [-1.7068528359144353, 4.939026833], [-1.706527948, 4.939026833], [-1.706527948, 4.939304829], [-1.7061081524049593, 4.939304829], [-1.705417991, 4.9403789076901266], [-1.705417991, 4.940417767]], [[-1.694304943, 4.959216211669315], [-1.6942492399111047, 4.95930481], [-1.694304943, 4.95930481], [-1.694304943, 4.959216211669315]], [[-1.695973039, 4.95846412225485], [-1.695967467428041, 4.958473206], [-1.695973039, 4.958473206], [-1.695973039, 4.95846412225485]], [[-1.689859986, 4.962360859], [-1.689859986, 4.96224992668125], [-1.6897923425901968, 4.962360859], [-1.689859986, 4.962360859]], [[-1.619027019, 5.025735931582851], [-1.619027019, 5.025693893], [-1.619062644732418, 5.025693893], [-1.6296548396532642, 5.013195038], [-1.6294356418029026, 5.013195038], [-1.6186701453110983, 5.025971889], [-1.618827056126964, 5.025971889], [-1.619027019, 5.025735931582851]]], [[[-2.031243266694324, 4.757361889], [-2.031147029834251, 4.757361889], [-2.03224479956481, 4.755932848253731], [-2.031243266694324, 4.757361889]]], [[[-2.0311920546591296, 4.758209745236663], [-2.0316614454874937, 4.757361889], [-2.0317143882345734, 4.757361889], [-2.0311920546591296, 4.758209745236663]]], [[[-2.0320517326750056, 4.757083893], [-2.031059810798982, 4.758691285305545], [-2.031768766245499, 4.757361889], [-2.031805992, 4.757361889], [-2.031805992, 4.75729208520521], [-2.031917019085896, 4.757083893], [-2.0320517326750056, 4.757083893]]], [[[-2.0345561891370165, 4.759606837787751], [-2.003159046, 4.909370899], [-2.0343659141503867, 4.760252280631404], [-2.0345561891370165, 4.759606837787751]]], [[[-2.031511769071497, 4.757361889], [-1.921093941, 4.914528847], [-2.031243266694324, 4.757361889], [-2.031511769071497, 4.757361889]]], [[[-2.034306049, 4.758471966], [-2.034306049, 4.75819397], [-2.034429882400709, 4.75819397], [-2.033953836879477, 4.759937627625505], [-2.03086251706053, 4.769387982760748], [-1.981060982, 4.913942814], [-2.033907957330875, 4.75819397], [-2.034028053, 4.75819397], [-2.034028053, 4.758471966], [-2.034306049, 4.758471966]]], [[[-2.0349680394980263, 4.752387823538528], [-2.035415888, 4.751804829], [-2.035431897684422, 4.752055050345019], [-2.035477597654898, 4.754356402769878], [-2.035137892, 4.755600675279907], [-2.035137892, 4.755139828], [-2.035005007661484, 4.755139828], [-2.035415888, 4.754027843], [-2.0350248562112707, 4.754902282852394], [-2.035415888, 4.753749847], [-2.034903155503691, 4.755139828], [-2.0348302522686286, 4.755337463438177], [-2.0341735985253915, 4.756805897], [-2.033472061, 4.756805897], [-2.033472061, 4.757083893], [-2.033194065, 4.757083893], [-2.033194065, 4.757915974], [-2.033472061, 4.757915974], [-2.033472061, 4.75819397], [-2.033552880397562, 4.75819397], [-1.960662961, 4.921193123], [-2.0334496090531653, 4.755971909], [-2.033377471716449, 4.755971909], [-2.033194065, 4.7563558886298445], [-2.033194065, 4.756156697110543], [-2.0332896982798254, 4.755971909], [-2.034584045, 4.753470898], [-2.0332392886423674, 4.755971909], [-2.033194065, 4.755971909], [-2.033194065, 4.756056017044092], [-2.032940340026471, 4.756527901], [-2.032850701231131, 4.756527901], [-2.0339595335379936, 4.754198764445093], [-2.034821737396928, 4.752650533398553], [-2.0349680394980263, 4.752387823538528]], [[-2.033472061, 4.755971909], [-2.033472061, 4.755920944461697], [-2.0334496090531653, 4.755971909], [-2.033472061, 4.755971909]], [[-2.0335720775699033, 4.755693913], [-2.034306049, 4.754027843], [-2.0335102556705524, 4.755693913], [-2.033472061, 4.755693913], [-2.033472061, 4.755773877222383], [-2.033472061, 4.755920944461697], [-2.0335720775699033, 4.755693913]]], [[[-2.0318163404840277, 4.767233361658757], [-1.984145045, 4.912206173], [-2.03086251706053, 4.769387982760748], [-2.033325780510398, 4.76223806997471], [-2.033045455891431, 4.7632648418645385], [-2.0318163404840277, 4.767233361658757]]], [[[-2.0299562290529574, 4.77401690060085], [-1.987331033, 4.910865784], [-2.0318163404840277, 4.767233361658757], [-2.0326744329002904, 4.764623823388126], [-2.0322965347821347, 4.766007987099362], [-2.0299562290529574, 4.77401690060085]]], [[[-2.0297537881423566, 4.760807672512915], [-1.933143973, 4.917362213], [-2.0311920546591296, 4.758209745236663], [-2.0297537881423566, 4.760807672512915]]], [[[-2.033876497026145, 4.75819397], [-1.974727035, 4.918272972], [-2.033776551721523, 4.75819397], [-2.033876497026145, 4.75819397]]], [[[-2.033001956074116, 4.756527901], [-2.033111903808242, 4.756527901], [-1.953992009, 4.922173023], [-2.031113866855838, 4.760176175322709], [-2.033001956074116, 4.756527901]]], [[[-2.03244216727529, 4.757083893], [-2.0277281716600477, 4.7662216201219], [-1.943997979, 4.921945095], [-2.0220712849576548, 4.775546100519195], [-2.0323528166470473, 4.757083893], [-2.03244216727529, 4.757083893]]], [[[-2.031059810798982, 4.758691285305545], [-2.0220712849576548, 4.775546100519195], [-1.94096899, 4.921178818], [-2.0297537881423566, 4.760807672512915], [-2.031059810798982, 4.758691285305545]]], [[[-2.0312013630984214, 4.770019377549172], [-2.027626250970937, 4.783114283908113], [-1.990175009, 4.910154819], [-2.0299562290529574, 4.77401690060085], [-2.0312013630984214, 4.770019377549172]]], [[[-2.0321581043058563, 4.757982722262414], [-2.031113866855838, 4.760176175322709], [-1.947213054, 4.92229414], [-2.0277281716600477, 4.7662216201219], [-2.0321581043058563, 4.757982722262414]]], [[[-2.0309017545972856, 4.772003257638019], [-1.993051052, 4.909756184], [-2.027626250970937, 4.783114283908113], [-2.0309017545972856, 4.772003257638019]]], [[[-1.735972047, 4.886249065], [-1.7353653070750514, 4.88747417127616], [-1.7353389655530744, 4.887505434274728], [-1.735661357776533, 4.886865637158683], [-1.735694051, 4.886805058], [-1.7356814806310932, 4.886825702745328], [-1.735972047, 4.886249065]]], [[[-1.739015757064323, 4.8880334621731], [-1.740138054, 4.885971069], [-1.7391243391192344, 4.887852026713427], [-1.739015757064323, 4.8880334621731]]], [[[-1.736528039, 4.886249065], [-1.7357485419563115, 4.887789965416451], [-1.735732999153849, 4.88780404189346], [-1.736528039, 4.886249065]]], [[[-1.736528039, 4.885971069], [-1.7354702233604262, 4.888042027123178], [-1.7354088380403023, 4.8880976212832055], [-1.736528039, 4.885971069]]], [[[-1.735275286774536, 4.887581010377128], [-1.7350816501413342, 4.8878108248044], [-1.7356814806310932, 4.886825702745328], [-1.735661357776533, 4.886865637158683], [-1.735275286774536, 4.887581010377128]]], [[[-1.740138054, 4.886249065], [-1.7391182373907321, 4.888121319630553], [-1.7387571012845593, 4.888710106489452], [-1.740138054, 4.886249065]]], [[[-1.735972047, 4.886527061], [-1.7350440131021072, 4.888428028226677], [-1.7350179324953452, 4.888451648359683], [-1.735972047, 4.886527061]]], [[[-1.734694761024947, 4.888269997736867], [-1.7349187241196, 4.8877288127015355], [-1.735416055, 4.886805058], [-1.7349197272302181, 4.888003000326485], [-1.734694761024947, 4.888269997736867]]], [[[-1.7391243391192344, 4.887852026713427], [-1.739583969, 4.887084007], [-1.738970446075409, 4.888137576736731], [-1.7391243391192344, 4.887852026713427]]], [[[-1.735694051, 4.887084007], [-1.734972480101084, 4.888267352623659], [-1.7353653070750514, 4.88747417127616], [-1.735694051, 4.887084007]]], [[[-1.7354923262086663, 4.888296449636558], [-1.7357485419563115, 4.887789965416451], [-1.736528039, 4.887084007], [-1.7355272631912066, 4.888264928595108], [-1.7354923262086663, 4.888296449636558]]], [[[-1.736528039, 4.887362003], [-1.735521040176691, 4.88827227179042], [-1.7355272631912066, 4.888264928595108], [-1.736528039, 4.887362003]]], [[[-1.739583969, 4.887362003], [-1.739009009677612, 4.888321847931245], [-1.7391182373907321, 4.888121319630553], [-1.739583969, 4.887362003]]], [[[-1.739305973, 4.887639999], [-1.738834226177607, 4.888390334067568], [-1.7388882595095607, 4.888290074700315], [-1.739305973, 4.887639999]]], [[[-1.736806035, 4.887362003], [-1.735261137658068, 4.888753460393405], [-1.735329089762202, 4.888619133488118], [-1.736806035, 4.887362003]]], [[[-1.7354717418788173, 4.888315021346741], [-1.73521029618555, 4.888550904354811], [-1.7354702233604262, 4.888042027123178], [-1.735732999153849, 4.88780404189346], [-1.7354717418788173, 4.888315021346741]]], [[[-1.7388882595095607, 4.888290074700315], [-1.7388176679448624, 4.8883999343574915], [-1.738970446075409, 4.888137576736731], [-1.7388882595095607, 4.888290074700315]]], [[[-1.7354801461973837, 4.888320526936927], [-1.7354906690058993, 4.888299725575132], [-1.735521040176691, 4.88827227179042], [-1.7354801461973837, 4.888320526936927]]], [[[-1.7354700180943095, 4.888318392806791], [-1.7354717418788173, 4.888315021346741], [-1.7354923262086663, 4.888296449636558], [-1.7354906690058993, 4.888299725575132], [-1.7354700180943095, 4.888318392806791]]], [[[-1.7387972957566233, 4.888434918414548], [-1.7388089503617545, 4.888413501285718], [-1.7388176679448624, 4.8883999343574915], [-1.7387972957566233, 4.888434918414548]]], [[[-1.739015757064323, 4.8880334621731], [-1.7388089503617545, 4.888413501285718], [-1.7385083339454241, 4.888881342118837], [-1.739015757064323, 4.8880334621731]]], [[[-1.7354518631594957, 4.888353901095179], [-1.7354801461973837, 4.888320526936927], [-1.735329089762202, 4.888619133488118], [-1.735306362496269, 4.888638478239829], [-1.7354518631594957, 4.888353901095179]]], [[[-1.7351340903279906, 4.888619659233459], [-1.7348059119318238, 4.888915750197146], [-1.7350440131021072, 4.888428028226677], [-1.7354088380403023, 4.8880976212832055], [-1.7351340903279906, 4.888619659233459]]], [[[-1.7387972957566233, 4.888434918414548], [-1.7387400122615198, 4.888540185644171], [-1.7386855734968225, 4.888626773008936], [-1.7387972957566233, 4.888434918414548]]], [[[-1.7354700180943095, 4.888318392806791], [-1.7354518631594957, 4.888353901095179], [-1.7350970903304885, 4.8887725352102835], [-1.7352081496640013, 4.888555106747053], [-1.7354700180943095, 4.888318392806791]]], [[[-1.7351340903279906, 4.888619659233459], [-1.73521029618555, 4.888550904354811], [-1.7352081496640013, 4.888555106747053], [-1.735131688132111, 4.888624223556862], [-1.7351340903279906, 4.888619659233459]]], [[[-1.737915993, 4.887084007], [-1.736400930574913, 4.889361249314433], [-1.7358027603670325, 4.890193541451314], [-1.737915993, 4.887084007]]], [[[-1.737637997, 4.887639999], [-1.7360561410443625, 4.889879491530426], [-1.736400930574913, 4.889361249314433], [-1.737637997, 4.887639999]]], [[[-1.735306362496269, 4.888638478239829], [-1.7352359954534378, 4.888776105462155], [-1.7349753605092826, 4.889010854018049], [-1.7350572664445079, 4.888850501159247], [-1.735306362496269, 4.888638478239829]]], [[[-1.7350970903304885, 4.8887725352102835], [-1.7350572664445079, 4.888850501159247], [-1.7349763509840537, 4.888919373917488], [-1.7349824137522132, 4.8889078542763], [-1.7350970903304885, 4.8887725352102835]]], [[[-1.7352359954534378, 4.888776105462155], [-1.735261137658068, 4.888753460393405], [-1.7350845947371167, 4.8891024483243], [-1.7350572728809757, 4.8891256596032], [-1.7352359954534378, 4.888776105462155]]], [[[-1.7387400122615198, 4.888540185644171], [-1.738834226177607, 4.888390334067568], [-1.737972390662797, 4.88998947815635], [-1.7377858322959132, 4.890293638036686], [-1.7387400122615198, 4.888540185644171]]], [[[-1.7384707198850955, 4.889220476249406], [-1.7376343087327897, 4.8906167924299035], [-1.737972390662797, 4.88998947815635], [-1.7387571012845593, 4.888710106489452], [-1.7384707198850955, 4.889220476249406]]], [[[-1.733556941604381, 4.892122294733578], [-1.7350845947371167, 4.8891024483243], [-1.736806035, 4.887639999], [-1.7334632047372664, 4.892307592649385], [-1.733556941604381, 4.892122294733578]]], [[[-1.7376343087327897, 4.8906167924299035], [-1.7363494326500701, 4.8930008923621875], [-1.7351309836509732, 4.895172330606256], [-1.7373685781222612, 4.891060406733839], [-1.7376343087327897, 4.8906167924299035]]], [[[-1.7381683292304808, 4.889449473858443], [-1.7327283739648867, 4.898101973479045], [-1.7356738621282155, 4.893292550503936], [-1.7385083339454241, 4.888881342118837], [-1.7381683292304808, 4.889449473858443]]], [[[-1.739305973, 4.887362003], [-1.7356738621282155, 4.893292550503936], [-1.7315213414248587, 4.899755001121627], [-1.739305973, 4.887362003]]], [[[-1.7381683292304808, 4.889449473858443], [-1.7386855734968225, 4.888626773008936], [-1.7363839074742693, 4.892579299586552], [-1.7327331821392593, 4.8985313466567835], [-1.7381683292304808, 4.889449473858443]]], [[[-1.7377858322959132, 4.890293638036686], [-1.7373685781222612, 4.891060406733839], [-1.7337720783292938, 4.897064452519493], [-1.7363839074742693, 4.892579299586552], [-1.7377858322959132, 4.890293638036686]]], [[[-1.7384707198850955, 4.889220476249406], [-1.739009009677612, 4.888321847931245], [-1.7344592617644077, 4.8966746110858494], [-1.7328783814028141, 4.899441461343767], [-1.7363494326500701, 4.8930008923621875], [-1.7384707198850955, 4.889220476249406]]], [[[-1.74041605, 4.886249065], [-1.7314219351034374, 4.902250759634348], [-1.7344592617644077, 4.8966746110858494], [-1.74041605, 4.886249065]]], [[[-1.7345080744072827, 4.888491563653441], [-1.7343967592178449, 4.88862367624022], [-1.735416055, 4.886527061], [-1.7349187241196, 4.8877288127015355], [-1.7345080744072827, 4.888491563653441]]], [[[-1.7350816501413342, 4.8878108248044], [-1.7348240988487507, 4.8882338100710685], [-1.7349197272302181, 4.888003000326485], [-1.7350816501413342, 4.8878108248044]]], [[[-1.7353389655530744, 4.887505434274728], [-1.7348720168723721, 4.888432108051315], [-1.734665438679422, 4.888770887512818], [-1.7346022543484303, 4.888828110963006], [-1.735275286774536, 4.887581010377128], [-1.7353389655530744, 4.887505434274728]]], [[[-1.7348720168723721, 4.888432108051315], [-1.734972480101084, 4.888267352623659], [-1.7347700019309145, 4.888676188875998], [-1.7347314161550216, 4.888711134426424], [-1.7348720168723721, 4.888432108051315]]], [[[-1.7344670961400095, 4.88882012778838], [-1.7348240988487507, 4.8882338100710685], [-1.7345632249391205, 4.888863458293974], [-1.7343807873957184, 4.889028684474476], [-1.7344670961400095, 4.88882012778838]]], [[[-1.734694761024947, 4.888269997736867], [-1.7344670961400095, 4.88882012778838], [-1.7342900976418814, 4.889110818455003], [-1.7340648538558099, 4.889314812489128], [-1.7345080744072827, 4.888491563653441], [-1.734694761024947, 4.888269997736867]]], [[[-1.7345265142765058, 4.889167829925676], [-1.7347700019309145, 4.888676188875998], [-1.7350179324953452, 4.888451648359683], [-1.7347732408665297, 4.888945226869958], [-1.7345265142765058, 4.889167829925676]]], [[[-1.7349824137522132, 4.8889078542763], [-1.7349630752877954, 4.888930673782974], [-1.7346817098478862, 4.889170163415873], [-1.7348033288024989, 4.888921041430796], [-1.735131688132111, 4.888624223556862], [-1.7349824137522132, 4.8889078542763]]], [[[-1.7344972795726965, 4.889022624777263], [-1.7345632249391205, 4.888863458293974], [-1.7346022543484303, 4.888828110963006], [-1.7344972795726965, 4.889022624777263]]], [[[-1.7347732408665297, 4.888945226869958], [-1.7348059119318238, 4.888915750197146], [-1.7348033288024989, 4.888921041430796], [-1.7347705348747546, 4.888950685247899], [-1.7347732408665297, 4.888945226869958]]], [[[-1.7344802597141975, 4.889209561977782], [-1.7343837536544298, 4.88929663221937], [-1.734466210730932, 4.889097612885626], [-1.734665438679422, 4.888770887512818], [-1.7347314161550216, 4.888711134426424], [-1.7344802597141975, 4.889209561977782]]], [[[-1.7346364136787764, 4.889316136486002], [-1.7349630752877954, 4.888930673782974], [-1.7349763509840537, 4.888919373917488], [-1.7348857070961967, 4.889091603010941], [-1.7346364136787764, 4.889316136486002]]], [[[-1.734466210730932, 4.889097612885626], [-1.7343844320954018, 4.88923172637414], [-1.7344972795726965, 4.889022624777263], [-1.734466210730932, 4.889097612885626]]], [[[-1.7347705348747546, 4.888950685247899], [-1.7346471420581948, 4.889199586458255], [-1.734411418360489, 4.889400227240035], [-1.734523433401629, 4.889174050711539], [-1.7347705348747546, 4.888950685247899]]], [[[-1.7345265142765058, 4.889167829925676], [-1.734523433401629, 4.889174050711539], [-1.7344770066201995, 4.889216017841188], [-1.7344802597141975, 4.889209561977782], [-1.7345265142765058, 4.889167829925676]]], [[[-1.7348089725572324, 4.889336603107027], [-1.734714542853235, 4.889416825848287], [-1.7348857070961967, 4.889091603010941], [-1.7349753605092826, 4.889010854018049], [-1.7348089725572324, 4.889336603107027]]], [[[-1.7345900695407046, 4.889357877701946], [-1.7345514049376707, 4.8893927021179735], [-1.7346471420581948, 4.889199586458255], [-1.7346817098478862, 4.889170163415873], [-1.7345900695407046, 4.889357877701946]]], [[[-1.7342972815465856, 4.889374649572257], [-1.7343844320954018, 4.88923172637414], [-1.7343168065842967, 4.889357033582602], [-1.7342972815465856, 4.889374649572257]]], [[[-1.734381315425836, 4.889302517155518], [-1.734312806816927, 4.889364444982167], [-1.7343168065842967, 4.889357033582602], [-1.7343837536544298, 4.88929663221937], [-1.734381315425836, 4.889302517155518]]], [[[-1.7345900695407046, 4.889357877701946], [-1.7346364136787764, 4.889316136486002], [-1.7345751622140386, 4.88938841359023], [-1.7345900695407046, 4.889357877701946]]], [[[-1.7340648538558099, 4.889314812489128], [-1.7340225896647774, 4.889393315044894], [-1.7340575299849599, 4.88932144541777], [-1.7340648538558099, 4.889314812489128]]], [[[-1.734302379516833, 4.889493037759506], [-1.734381315425836, 4.889302517155518], [-1.7344770066201995, 4.889216017841188], [-1.7343637305376909, 4.889440817652203], [-1.734302379516833, 4.889493037759506]]], [[[-1.73420206062733, 4.889460560327123], [-1.7339248638413776, 4.8897106543748805], [-1.7342900976418814, 4.889110818455003], [-1.7343807873957184, 4.889028684474476], [-1.73420206062733, 4.889460560327123]]], [[[-1.7341994206801616, 4.889466939502691], [-1.73420206062733, 4.889460560327123], [-1.7342972815465856, 4.889374649572257], [-1.7342920787226372, 4.889383181982529], [-1.7341994206801616, 4.889466939502691]]], [[[-1.7343967592178449, 4.88862367624022], [-1.7340575299849599, 4.88932144541777], [-1.7330077884783257, 4.890272153130785], [-1.7343967592178449, 4.88862367624022]]], [[[-1.7341416917135974, 4.889629810289283], [-1.7342920787226372, 4.889383181982529], [-1.734312806816927, 4.889364444982167], [-1.734193303149024, 4.889585880218384], [-1.7341416917135974, 4.889629810289283]]], [[[-1.734523040226074, 4.889449917855847], [-1.7345751622140386, 4.88938841359023], [-1.7344526903956685, 4.889639282565428], [-1.7344120436916775, 4.889673813966876], [-1.734523040226074, 4.889449917855847]]], [[[-1.7342521663235027, 4.889662220208772], [-1.7343637305376909, 4.889440817652203], [-1.734411418360489, 4.889400227240035], [-1.734305419465128, 4.889614256194837], [-1.7342521663235027, 4.889662220208772]]], [[[-1.7341952426976917, 4.8898367209506945], [-1.734305419465128, 4.889614256194837], [-1.7345514049376707, 4.8893927021179735], [-1.734523040226074, 4.889449917855847], [-1.7341952426976917, 4.8898367209506945]]], [[[-1.7338241236890368, 4.889801544723352], [-1.7337826725870717, 4.889838942970373], [-1.7340225896647774, 4.889393315044894], [-1.7338241236890368, 4.889801544723352]]], [[[-1.734302379516833, 4.889493037759506], [-1.7342204482269639, 4.889690788048676], [-1.734057463795981, 4.889837584787427], [-1.734193303149024, 4.889585880218384], [-1.734302379516833, 4.889493037759506]]], [[[-1.7339188119641502, 4.889720593579134], [-1.7338200979670453, 4.8898098253326], [-1.7338241236890368, 4.889801544723352], [-1.7339248638413776, 4.8897106543748805], [-1.7339188119641502, 4.889720593579134]]], [[[-1.7342204482269639, 4.889690788048676], [-1.7342521663235027, 4.889662220208772], [-1.7341403289143817, 4.889884164928945], [-1.7342204482269639, 4.889690788048676]]], [[[-1.7339188119641502, 4.889720593579134], [-1.7341994206801616, 4.889466939502691], [-1.7341267582515751, 4.889642521194143], [-1.7341416917135974, 4.889629810289283], [-1.734111587395641, 4.889679180091973], [-1.7339632579753874, 4.889922434040519], [-1.733611189093447, 4.8902395352714345], [-1.7336442871598254, 4.890171455022692], [-1.7337937746488097, 4.889925946624123], [-1.7339188119641502, 4.889720593579134]]], [[[-1.7341952426976917, 4.8898367209506945], [-1.7341770518240682, 4.889873451273735], [-1.7341308581779278, 4.889912695079078], [-1.7341952426976917, 4.8898367209506945]]], [[[-1.734127232058708, 4.889915775648132], [-1.734122280772188, 4.889919982012873], [-1.7341403289143817, 4.889884164928945], [-1.734127232058708, 4.889915775648132]]], [[[-1.7341308581779278, 4.889912695079078], [-1.7341262606994072, 4.8899181201319415], [-1.734127232058708, 4.889915775648132], [-1.7341308581779278, 4.889912695079078]]], [[[-1.7340392412863452, 4.889853997428624], [-1.7340084434357441, 4.889928417439169], [-1.7339204681716247, 4.890091431878251], [-1.7337954385430752, 4.890197650780953], [-1.7339632579753874, 4.889922434040519], [-1.7340392412863452, 4.889853997428624]]], [[[-1.733525403865456, 4.890316800269239], [-1.7336868188075052, 4.890016984155878], [-1.7337777299220456, 4.889848123598876], [-1.7338200979670453, 4.8898098253326], [-1.7337423743679765, 4.889969696966708], [-1.7336442871598254, 4.890171455022692], [-1.7335926869945608, 4.890256199732942], [-1.733525403865456, 4.890316800269239]]], [[[-1.7339043281490196, 4.890180001903171], [-1.7338171550840311, 4.890282866654749], [-1.7339204681716247, 4.890091431878251], [-1.7339521043453676, 4.8900645553714615], [-1.7339043281490196, 4.890180001903171]]], [[[-1.733611189093447, 4.8902395352714345], [-1.7335162355254274, 4.89043484766388], [-1.73344927017074, 4.89049173807119], [-1.7335926869945608, 4.890256199732942], [-1.733611189093447, 4.8902395352714345]]], [[[-1.7339043281490196, 4.890180001903171], [-1.7341187576240313, 4.889926973806924], [-1.7335048730305378, 4.891145246345537], [-1.7339043281490196, 4.890180001903171]]], [[[-1.7335162355254274, 4.89043484766388], [-1.7337954385430752, 4.890197650780953], [-1.7335544532375977, 4.890592856445471], [-1.7332846224710063, 4.890911258405723], [-1.7335162355254274, 4.89043484766388]]], [[[-1.73344927017074, 4.89049173807119], [-1.733293404800876, 4.890747721080923], [-1.7334160069256286, 4.890519996856224], [-1.73344927017074, 4.89049173807119]]], [[[-1.7320734845984336, 4.891381016198196], [-1.7337826725870717, 4.889838942970373], [-1.7337777299220456, 4.889848123598876], [-1.7320464538239106, 4.891413097224719], [-1.7320734845984336, 4.891381016198196]]], [[[-1.7341770518240682, 4.889873451273735], [-1.7344120436916775, 4.889673813966876], [-1.7332884603250471, 4.891940244604307], [-1.733979507563993, 4.890272325161683], [-1.7341770518240682, 4.889873451273735]]], [[[-1.733293404800876, 4.890747721080923], [-1.7330672903842983, 4.8911677116015815], [-1.7329620942631934, 4.891291843669966], [-1.733293404800876, 4.890747721080923]]], [[[-1.7330589474774067, 4.892494199412803], [-1.7344526903956685, 4.889639282565428], [-1.734714542853235, 4.889416825848287], [-1.7329258307503042, 4.892815491453], [-1.7330589474774067, 4.892494199412803]]], [[[-1.7329784293579584, 4.892920382894866], [-1.7348089725572324, 4.889336603107027], [-1.7350572728809757, 4.8891256596032], [-1.7334489837346132, 4.892271228309855], [-1.7333485077391695, 4.892467744059371], [-1.7328642616458199, 4.893143896843812], [-1.7329784293579584, 4.892920382894866]]], [[[-1.731656723433916, 4.895878623245567], [-1.7317258870594239, 4.895741901419344], [-1.737640023, 4.887362003], [-1.7324736722725926, 4.894825624105185], [-1.7315748415068524, 4.896076254392111], [-1.731656723433916, 4.895878623245567]]], [[[-1.7330672903842983, 4.8911677116015815], [-1.7332846224710063, 4.890911258405723], [-1.7329869758559997, 4.891523495246243], [-1.7320369227258803, 4.893081542023711], [-1.7330672903842983, 4.8911677116015815]]], [[[-1.7338171550840311, 4.890282866654749], [-1.7315276344777648, 4.894525251387941], [-1.7329869758559997, 4.891523495246243], [-1.7335544532375977, 4.890592856445471], [-1.7338171550840311, 4.890282866654749]]], [[[-1.7309299358080898, 4.897632806090757], [-1.7309829568438697, 4.89750483391829], [-1.7332971435496962, 4.894026453224039], [-1.737915993, 4.887362003], [-1.7309299358080898, 4.897632806090757]]], [[[-1.7324224675559527, 4.8937607738989195], [-1.7324932708267193, 4.893589684681516], [-1.7326070507521494, 4.893314746558076], [-1.7332884603250471, 4.891940244604307], [-1.7330589474774067, 4.892494199412803], [-1.7325980341220155, 4.893438325683326], [-1.7325849075668343, 4.893463266964559], [-1.7324445797637773, 4.893729898624764], [-1.7324224675559527, 4.8937607738989195]]], [[[-1.7335048730305378, 4.891145246345537], [-1.733289782009371, 4.891664992878196], [-1.7319985835937113, 4.894272131814909], [-1.7317711230065798, 4.894585925693729], [-1.7335048730305378, 4.891145246345537]]], [[[-1.7324794835199704, 4.893681162512565], [-1.7325878184897117, 4.893459251192894], [-1.7325980341220155, 4.893438325683326], [-1.7329258307503042, 4.892815491453], [-1.7327542215202616, 4.893229689434253], [-1.732687519791774, 4.893390681481585], [-1.7324794835199704, 4.893681162512565]]], [[[-1.7315254327034508, 4.8961955080395985], [-1.7324736722725926, 4.894825624105185], [-1.7358027603670325, 4.890193541451314], [-1.735001082309122, 4.89137317756948], [-1.7314269468920163, 4.896433214509513], [-1.7315254327034508, 4.8961955080395985]]], [[[-1.735001082309122, 4.89137317756948], [-1.7360561410443625, 4.889879491530426], [-1.7332971435496962, 4.894026453224039], [-1.7311264411982739, 4.897158518455416], [-1.7312155633593385, 4.896943412198085], [-1.735001082309122, 4.89137317756948]]], [[[-1.732687519791774, 4.893390681481585], [-1.7328642616458199, 4.893143896843812], [-1.7324698241616878, 4.893916114119951], [-1.732687519791774, 4.893390681481585]]], [[[-1.7301014826959324, 4.899632369905204], [-1.738471985, 4.887084007], [-1.7298115029076924, 4.9003322684063715], [-1.7301014826959324, 4.899632369905204]]], [[[-1.7333485077391695, 4.892467744059371], [-1.7334632047372664, 4.892307592649385], [-1.7317258870594239, 4.895741901419344], [-1.7316955742708966, 4.895784852425411], [-1.731879560431282, 4.8953407813449035], [-1.7333485077391695, 4.892467744059371]]], [[[-1.738471985, 4.887639999], [-1.7288212968031573, 4.902722241075213], [-1.7292107653698483, 4.901782215331582], [-1.738471985, 4.887639999]]], [[[-1.72598043249041, 4.912240671910558], [-1.7298097231790395, 4.9052105773245644], [-1.74041605, 4.887084007], [-1.725643069437584, 4.912866652300585], [-1.72598043249041, 4.912240671910558]]], [[[-1.733525403865456, 4.890316800269239], [-1.7334160069256286, 4.890519996856224], [-1.7313689564278196, 4.892259068308121], [-1.733525403865456, 4.890316800269239]]], [[[-1.7312447448223791, 4.892364592259409], [-1.7313689564278196, 4.892259068308121], [-1.7312225508294403, 4.892390932831912], [-1.7312447448223791, 4.892364592259409]]], [[[-1.731893515561846, 4.891543388877505], [-1.727083701433002, 4.895637355145724], [-1.7330077884783257, 4.890272153130785], [-1.7320734845984336, 4.891381016198196], [-1.731893515561846, 4.891543388877505]]], [[[-1.7324008939465738, 4.893812904427711], [-1.7324445797637773, 4.893729898624764], [-1.7324794835199704, 4.893681162512565], [-1.7323214434449772, 4.894004888837375], [-1.7324008939465738, 4.893812904427711]]], [[[-1.732422022305788, 4.893687975774602], [-1.7323037644293753, 4.893926519065808], [-1.7318693234950842, 4.894533128910326], [-1.7319985835937113, 4.894272131814909], [-1.732422022305788, 4.893687975774602]]], [[[-1.7324008939465738, 4.893812904427711], [-1.7316978856769578, 4.895148664398171], [-1.7323037644293753, 4.893926519065808], [-1.7324224675559527, 4.8937607738989195], [-1.7324008939465738, 4.893812904427711]]], [[[-1.7315392949841277, 4.8960062887537825], [-1.7314278223189394, 4.896164237373868], [-1.7318816150361291, 4.89506769140916], [-1.7324698241616878, 4.893916114119951], [-1.731879560431282, 4.8953407813449035], [-1.7315392949841277, 4.8960062887537825]]], [[[-1.7306899169703287, 4.896077506455901], [-1.7315276344777648, 4.894525251387941], [-1.7309421669964262, 4.89572951423835], [-1.7306899169703287, 4.896077506455901]]], [[[-1.7309421669964262, 4.89572951423835], [-1.7317711230065798, 4.894585925693729], [-1.7316277768550263, 4.89487040046603], [-1.7307935150784657, 4.89603528012313], [-1.7309421669964262, 4.89572951423835]]], [[[-1.7309070058872429, 4.896902196196018], [-1.7323214434449772, 4.894004888837375], [-1.7318816150361291, 4.89506769140916], [-1.73104300558764, 4.896709494559492], [-1.7309070058872429, 4.896902196196018]]], [[[-1.7316955742708966, 4.895784852425411], [-1.731656723433916, 4.895878623245567], [-1.7315137405960668, 4.896161270006284], [-1.7313277177579143, 4.896420101595412], [-1.7315392949841277, 4.8960062887537825], [-1.7316955742708966, 4.895784852425411]]], [[[-1.7315748415068524, 4.896076254392111], [-1.7315254327034508, 4.8961955080395985], [-1.7314176562528334, 4.896351208384757], [-1.7315137405960668, 4.896161270006284], [-1.7315748415068524, 4.896076254392111]]], [[[-1.7306434141589426, 4.897275686411585], [-1.7303878758937876, 4.897637765458426], [-1.7316978856769578, 4.895148664398171], [-1.7306434141589426, 4.897275686411585]]], [[[-1.73131408731333, 4.896439066952931], [-1.7313277177579143, 4.896420101595412], [-1.7312973819969013, 4.896479433725303], [-1.73131408731333, 4.896439066952931]]], [[[-1.7301996543145775, 4.897904461680826], [-1.7298474561461814, 4.898403500746599], [-1.7316277768550263, 4.89487040046603], [-1.7318693234950842, 4.894533128910326], [-1.7301996543145775, 4.897904461680826]]], [[[-1.7312973819969013, 4.896479433725303], [-1.7312505279354975, 4.896592652007608], [-1.7312083147195654, 4.896653635759191], [-1.7312973819969013, 4.896479433725303]]], [[[-1.7312480472820422, 4.896686489366054], [-1.731160262593926, 4.896810769426208], [-1.7312505279354975, 4.896592652007608], [-1.7314176562528334, 4.896351208384757], [-1.7312480472820422, 4.896686489366054]]], [[[-1.73131408731333, 4.896439066952931], [-1.7308545168972478, 4.897078511777512], [-1.73104300558764, 4.896709494559492], [-1.7314278223189394, 4.896164237373868], [-1.73131408731333, 4.896439066952931]]], [[[-1.7296561620496087, 4.897503625901084], [-1.727667959240819, 4.90024645655635], [-1.7320369227258803, 4.893081542023711], [-1.7296561620496087, 4.897503625901084]]], [[[-1.7312155633593385, 4.896943412198085], [-1.730933777698274, 4.89735804814838], [-1.731048228903413, 4.897081487942812], [-1.7312480472820422, 4.896686489366054], [-1.7314269468920163, 4.896433214509513], [-1.7312155633593385, 4.896943412198085]]], [[[-1.7304656183510683, 4.89649312229942], [-1.72939649230682, 4.897985942916176], [-1.7296561620496087, 4.897503625901084], [-1.7306899169703287, 4.896077506455901], [-1.7304656183510683, 4.89649312229942]]], [[[-1.7306864401001862, 4.897407567234031], [-1.7312083147195654, 4.896653635759191], [-1.7310433401586656, 4.896976300882769], [-1.7305498974220992, 4.897674886186187], [-1.7306864401001862, 4.897407567234031]]], [[[-1.7309070058872429, 4.896902196196018], [-1.7307497988567109, 4.897224216128181], [-1.7304891140015393, 4.897586932211839], [-1.7306434141589426, 4.897275686411585], [-1.7309070058872429, 4.896902196196018]]], [[[-1.7308545168972478, 4.897078511777512], [-1.7306864401001862, 4.897407567234031], [-1.7305977100227121, 4.897535752042582], [-1.7307497988567109, 4.897224216128181], [-1.7308545168972478, 4.897078511777512]]], [[[-1.7305880643518594, 4.897866751044685], [-1.7310433401586656, 4.896976300882769], [-1.731160262593926, 4.896810769426208], [-1.731048228903413, 4.897081487942812], [-1.730834210092794, 4.897504557763387], [-1.7305880643518594, 4.897866751044685]]], [[[-1.7311264411982739, 4.897158518455416], [-1.7309829568438697, 4.89750483391829], [-1.7306921297571238, 4.897941966895225], [-1.7308531828702687, 4.897552797711514], [-1.7311264411982739, 4.897158518455416]]], [[[-1.7308531828702687, 4.897552797711514], [-1.7306925835370968, 4.897784523441796], [-1.730834210092794, 4.897504557763387], [-1.730933777698274, 4.89735804814838], [-1.7308531828702687, 4.897552797711514]]], [[[-1.7304847806811618, 4.897767074387278], [-1.730199780619281, 4.898170559614537], [-1.7303044730124746, 4.897959379870794], [-1.7305977100227121, 4.897535752042582], [-1.7304847806811618, 4.897767074387278]]], [[[-1.7300638968480584, 4.898178578015402], [-1.7301996543145775, 4.897904461680826], [-1.7303878758937876, 4.897637765458426], [-1.7302108852631424, 4.897974058799174], [-1.7300638968480584, 4.898178578015402]]], [[[-1.72994623259017, 4.8984769155391445], [-1.7302108852631424, 4.897974058799174], [-1.7304891140015393, 4.897586932211839], [-1.7303044730124746, 4.897959379870794], [-1.72994623259017, 4.8984769155391445]]], [[[-1.7305498974220992, 4.897674886186187], [-1.7300952626429598, 4.8985649558294355], [-1.7304847806811618, 4.897767074387278], [-1.7305498974220992, 4.897674886186187]]], [[[-1.7306921297571238, 4.897941966895225], [-1.7306493717872713, 4.898045287370686], [-1.7303032550448691, 4.898554143340508], [-1.7303616676234288, 4.89843867405508], [-1.7306921297571238, 4.897941966895225]]], [[[-1.7300764835652211, 4.898867325174663], [-1.7304543692352652, 4.898128238337528], [-1.7306925835370968, 4.897784523441796], [-1.7303616676234288, 4.89843867405508], [-1.7300764835652211, 4.898867325174663]]], [[[-1.7300485795062683, 4.898660580690866], [-1.7305880643518594, 4.897866751044685], [-1.7304543692352652, 4.898128238337528], [-1.729960777809603, 4.89884043203917], [-1.7300485795062683, 4.898660580690866]]], [[[-1.7280931072077286, 4.900889284983558], [-1.7304656183510683, 4.89649312229942], [-1.7307935150784657, 4.89603528012313], [-1.7291876917627338, 4.899338338661983], [-1.7280931072077286, 4.900889284983558]]], [[[-1.7300485795062683, 4.898660580690866], [-1.7300398811676125, 4.89867337993658], [-1.7300952626429598, 4.8985649558294355], [-1.7300485795062683, 4.898660580690866]]], [[[-1.7298404813217518, 4.898629690184249], [-1.72994623259017, 4.8984769155391445], [-1.7298376249031977, 4.898683276981836], [-1.7297583785314945, 4.898795469028691], [-1.7298404813217518, 4.898629690184249]]], [[[-1.729718931639591, 4.89865856151629], [-1.7300638968480584, 4.898178578015402], [-1.7298404813217518, 4.898629690184249], [-1.7294471502241504, 4.899197919953438], [-1.729718931639591, 4.89865856151629]]], [[[-1.7306493717872713, 4.898045287370686], [-1.7309299358080898, 4.897632806090757], [-1.7301014826959324, 4.899632369905204], [-1.7298145907896352, 4.900062454459752], [-1.7306493717872713, 4.898045287370686]]], [[[-1.7298474561461814, 4.898403500746599], [-1.729718931639591, 4.89865856151629], [-1.7290984568954582, 4.899521888114424], [-1.7291876917627338, 4.899338338661983], [-1.7298474561461814, 4.898403500746599]]], [[[-1.7299371104219954, 4.898874581263634], [-1.7296338043688355, 4.899312215812168], [-1.7297095083895175, 4.899159509820832], [-1.7300398811676125, 4.89867337993658], [-1.7299371104219954, 4.898874581263634]]], [[[-1.7292250052454337, 4.899872436166373], [-1.7294361172720618, 4.89944616675808], [-1.7298376249031977, 4.898683276981836], [-1.730199780619281, 4.898170559614537], [-1.7297095083895175, 4.899159509820832], [-1.7292250052454337, 4.899872436166373]]], [[[-1.7295925364246298, 4.899594730783999], [-1.7300764835652211, 4.898867325174663], [-1.7300348611694716, 4.8989487322436975], [-1.7295850976189455, 4.899609968294013], [-1.7295925364246298, 4.899594730783999]]], [[[-1.729960777809603, 4.89884043203917], [-1.7295925364246298, 4.899594730783999], [-1.7294923530305306, 4.899745313268569], [-1.7299371104219954, 4.898874581263634], [-1.729960777809603, 4.89884043203917]]], [[[-1.7297583785314945, 4.898795469028691], [-1.7294361172720618, 4.89944616675808], [-1.7291663421216115, 4.899958756527747], [-1.7287695857801042, 4.900542567081042], [-1.7293800491609055, 4.899331084042469], [-1.7297583785314945, 4.898795469028691]]], [[[-1.728774282652441, 4.900188690303048], [-1.7288048337507904, 4.9001258489771775], [-1.7294471502241504, 4.899197919953438], [-1.7293800491609055, 4.899331084042469], [-1.728774282652441, 4.900188690303048]]], [[[-1.7294902881170626, 4.899749355891083], [-1.7294617343135055, 4.8997913352917335], [-1.7294923530305306, 4.899745313268569], [-1.7294902881170626, 4.899749355891083]]], [[[-1.7292250052454337, 4.899872436166373], [-1.7291735925867862, 4.899976246659457], [-1.7291052030249057, 4.900074924660527], [-1.7291663421216115, 4.899958756527747], [-1.7292250052454337, 4.899872436166373]]], [[[-1.729204906482325, 4.900177365065163], [-1.7292203465867906, 4.900146220134715], [-1.7294617343135055, 4.8997913352917335], [-1.729204906482325, 4.900177365065163]]], [[[-1.7296338043688355, 4.899312215812168], [-1.7292203465867906, 4.900146220134715], [-1.7287387639778409, 4.900854236117491], [-1.7291735925867862, 4.899976246659457], [-1.7296338043688355, 4.899312215812168]]], [[[-1.728679237094106, 4.901764482567472], [-1.7283193838244326, 4.902303944747453], [-1.7300348611694716, 4.8989487322436975], [-1.7303032550448691, 4.898554143340508], [-1.728679237094106, 4.901764482567472]]], [[[-1.7285455594191121, 4.90113828274414], [-1.7282517317683646, 4.901570264026363], [-1.7287389140227087, 4.900603436111055], [-1.7291052030249057, 4.900074924660527], [-1.7285455594191121, 4.90113828274414]]], [[[-1.7285455594191121, 4.90113828274414], [-1.7287387639778409, 4.900854236117491], [-1.7286927007003239, 4.900947245342804], [-1.7284696742774661, 4.901282469290648], [-1.7285455594191121, 4.90113828274414]]], [[[-1.7295156163967087, 4.900784897001679], [-1.7298115029076924, 4.9003322684063715], [-1.7292107653698483, 4.901782215331582], [-1.7289176630086682, 4.902229793206272], [-1.7295156163967087, 4.900784897001679]]], [[[-1.7294902881170626, 4.899749355891083], [-1.7295850976189455, 4.899609968294013], [-1.7281349333045946, 4.90258045767068], [-1.7277476438840471, 4.903161049852827], [-1.7294902881170626, 4.899749355891083]]], [[[-1.7298145907896352, 4.900062454459752], [-1.7295156163967087, 4.900784897001679], [-1.7280084969546003, 4.903090393638801], [-1.728679237094106, 4.901764482567472], [-1.7298145907896352, 4.900062454459752]]], [[[-1.7265681653839773, 4.9081604245872], [-1.7268844895081426, 4.9073969410984715], [-1.7327283739648867, 4.898101973479045], [-1.7265681653839773, 4.9081604245872]]], [[[-1.7315213414248587, 4.899755001121627], [-1.7272011195617327, 4.906632719215018], [-1.7273810703099808, 4.906198388050949], [-1.7315213414248587, 4.899755001121627]]], [[[-1.7328783814028141, 4.899441461343767], [-1.7300230358615878, 4.904739582464581], [-1.7285045935919043, 4.907441087815446], [-1.7277912779943116, 4.908660168234298], [-1.731396207969664, 4.90203555514455], [-1.7328783814028141, 4.899441461343767]]], [[[-1.7300230358615878, 4.904739582464581], [-1.7314219351034374, 4.902250759634348], [-1.7298097231790395, 4.9052105773245644], [-1.729296388683976, 4.906087883293149], [-1.7300230358615878, 4.904739582464581]]], [[[-1.7249035507319137, 4.913398976937411], [-1.7351309836509732, 4.895172330606256], [-1.731396207969664, 4.90203555514455], [-1.7249035507319137, 4.913398976937411]]], [[[-1.7256628069097764, 4.910345608054495], [-1.7260291154861904, 4.909461481525702], [-1.7327331821392593, 4.8985313466567835], [-1.7256628069097764, 4.910345608054495]]], [[[-1.725318042703503, 4.911177734847508], [-1.7337720783292938, 4.897064452519493], [-1.724737347827083, 4.912579306578104], [-1.725318042703503, 4.911177734847508]]], [[[-1.728024982903851, 4.9010155164339055], [-1.7290984568954582, 4.899521888114424], [-1.7288048337507904, 4.9001258489771775], [-1.728127548989234, 4.901104295293986], [-1.7274898168010215, 4.90200715656073], [-1.728024982903851, 4.9010155164339055]]], [[[-1.728188245350998, 4.901397985487916], [-1.7287695857801042, 4.900542567081042], [-1.7287389140227087, 4.900603436111055], [-1.728188245350998, 4.901397985487916]]], [[[-1.728188245350998, 4.901397985487916], [-1.7281816518799409, 4.901407687507981], [-1.7281819587402352, 4.90140705631929], [-1.728188245350998, 4.901397985487916]]], [[[-1.7266790211013316, 4.901610748887673], [-1.727667959240819, 4.90024645655635], [-1.7270398772321496, 4.901276484371183], [-1.7259896905114507, 4.902742860011864], [-1.7266790211013316, 4.901610748887673]]], [[[-1.7269904999405326, 4.902454892759847], [-1.7269979775201847, 4.902441003718101], [-1.7280931072077286, 4.900889284983558], [-1.728024982903851, 4.9010155164339055], [-1.7269904999405326, 4.902454892759847]]], [[[-1.7281819587402352, 4.90140705631929], [-1.7265178564442285, 4.903808157944008], [-1.727444641350758, 4.902090864757104], [-1.728127548989234, 4.901104295293986], [-1.728774282652441, 4.900188690303048], [-1.7281819587402352, 4.90140705631929]]], [[[-1.7281690923322857, 4.901734264486137], [-1.7276260948550872, 4.902550426784952], [-1.7277289687565038, 4.9023388228586855], [-1.7282517317683646, 4.901570264026363], [-1.7281690923322857, 4.901734264486137]]], [[[-1.7276623690774018, 4.903288886771279], [-1.7271600379085408, 4.9040419400023145], [-1.7286927007003239, 4.900947245342804], [-1.729204906482325, 4.900177365065163], [-1.7276623690774018, 4.903288886771279]]], [[[-1.7274898168010215, 4.90200715656073], [-1.727444641350758, 4.902090864757104], [-1.72628294897051, 4.90376911546528], [-1.7264037381442083, 4.903544758660795], [-1.7274898168010215, 4.90200715656073]]], [[[-1.7267563628165012, 4.904537868928745], [-1.7281690923322857, 4.901734264486137], [-1.7284696742774661, 4.901282469290648], [-1.7267563628165012, 4.904537868928745]]], [[[-1.7275246465890595, 4.903830557529902], [-1.7281349333045946, 4.90258045767068], [-1.7283193838244326, 4.902303944747453], [-1.7275898227477113, 4.903730855137117], [-1.7275246465890595, 4.903830557529902]]], [[[-1.7268614812344438, 4.902634408979768], [-1.7225753538444655, 4.908598113084973], [-1.7270398772321496, 4.901276484371183], [-1.72939649230682, 4.897985942916176], [-1.7269979775201847, 4.902441003718101], [-1.7268614812344438, 4.902634408979768]]], [[[-1.7281816518799409, 4.901407687507981], [-1.7277289687565038, 4.9023388228586855], [-1.7257047733324176, 4.905314766520022], [-1.7263927296129782, 4.904040012663793], [-1.7281816518799409, 4.901407687507981]]], [[[-1.7277476438840471, 4.903161049852827], [-1.7270036680432082, 4.904617582308383], [-1.7276623690774018, 4.903288886771279], [-1.7277476438840471, 4.903161049852827]]], [[[-1.7265149087023863, 4.905898885674444], [-1.7272245147119056, 4.904445342036639], [-1.7275898227477113, 4.903730855137117], [-1.7280084969546003, 4.903090393638801], [-1.7268351192609412, 4.90540991260485], [-1.7265149087023863, 4.905898885674444]]], [[[-1.7269832837397017, 4.904658700405501], [-1.7269804560257667, 4.904663026064626], [-1.7270036680432082, 4.904617582308383], [-1.7269832837397017, 4.904658700405501]]], [[[-1.7270839434314749, 4.906660798214968], [-1.728517182356653, 4.903197515750676], [-1.7288212968031573, 4.902722241075213], [-1.7273810703099808, 4.906198388050949], [-1.7270839434314749, 4.906660798214968]]], [[[-1.726483938780997, 4.905055491746777], [-1.7267563628165012, 4.904537868928745], [-1.7265313435892375, 4.904984426389449], [-1.726483938780997, 4.905055491746777]]], [[[-1.7289176630086682, 4.902229793206272], [-1.728517182356653, 4.903197515750676], [-1.7258293602726404, 4.9073980849224625], [-1.7268351192609412, 4.90540991260485], [-1.7289176630086682, 4.902229793206272]]], [[[-1.725371136867252, 4.905462737861347], [-1.7265178564442285, 4.903808157944008], [-1.7263927296129782, 4.904040012663793], [-1.7251625530390908, 4.905850166632658], [-1.725371136867252, 4.905462737861347]]], [[[-1.7265313435892375, 4.904984426389449], [-1.7271600379085408, 4.9040419400023145], [-1.7264523237225802, 4.905470929681906], [-1.7257274094616761, 4.906579857975193], [-1.7265313435892375, 4.904984426389449]]], [[[-1.7275246465890595, 4.903830557529902], [-1.7272245147119056, 4.904445342036639], [-1.7263617824629658, 4.906132714963718], [-1.7259121756857585, 4.906819280725177], [-1.7269832837397017, 4.904658700405501], [-1.7275246465890595, 4.903830557529902]]], [[[-1.7254927163925742, 4.906938876687614], [-1.7254922424495178, 4.9069396016959255], [-1.7262047473176667, 4.90547403243581], [-1.726483938780997, 4.905055491746777], [-1.7254927163925742, 4.906938876687614]]], [[[-1.7269804560257667, 4.904663026064626], [-1.7257617131882113, 4.907049042384556], [-1.7253885200543873, 4.90761892175712], [-1.7264523237225802, 4.905470929681906], [-1.7269804560257667, 4.904663026064626]]], [[[-1.7276260948550872, 4.902550426784952], [-1.7262047473176667, 4.90547403243581], [-1.723136426181738, 4.910073805033045], [-1.7253516966976823, 4.905969002573084], [-1.7276260948550872, 4.902550426784952]]], [[[-1.7244865760532624, 4.907105743037418], [-1.7257047733324176, 4.905314766520022], [-1.7253516966976823, 4.905969002573084], [-1.724024908297098, 4.9079632561682365], [-1.7244865760532624, 4.907105743037418]]], [[[-1.7269904999405326, 4.902454892759847], [-1.7264037381442083, 4.903544758660795], [-1.72094021050566, 4.911279678703733], [-1.7220847253286546, 4.909402723010206], [-1.7268614812344438, 4.902634408979768], [-1.7269904999405326, 4.902454892759847]]], [[[-1.7252593484270218, 4.9082889080913406], [-1.7263617824629658, 4.906132714963718], [-1.7265149087023863, 4.905898885674444], [-1.7256338468000456, 4.9077036363466195], [-1.7252593484270218, 4.9082889080913406]]], [[[-1.7272011195617327, 4.906632719215018], [-1.7268844895081426, 4.9073969410984715], [-1.7265767098472786, 4.907886478837081], [-1.7268917315272343, 4.907125259586824], [-1.7272011195617327, 4.906632719215018]]], [[[-1.7254911235488708, 4.906941903190928], [-1.7254927163925742, 4.906938876687614], [-1.7257274094616761, 4.906579857975193], [-1.7245873568421959, 4.908842326871801], [-1.7245091459366153, 4.90896175774488], [-1.7254911235488708, 4.906941903190928]]], [[[-1.7259121756857585, 4.906819280725177], [-1.7249230727489884, 4.908814444827857], [-1.7246102797669582, 4.909303282450437], [-1.7257617131882113, 4.907049042384556], [-1.7259121756857585, 4.906819280725177]]], [[[-1.7256338468000456, 4.9077036363466195], [-1.7258293602726404, 4.9073980849224625], [-1.7245033310319369, 4.910019363637721], [-1.7256338468000456, 4.9077036363466195]]], [[[-1.7260291154861904, 4.909461481525702], [-1.7257087784427334, 4.9099837506601975], [-1.726244912089129, 4.908688235848633], [-1.7265681653839773, 4.9081604245872], [-1.7260291154861904, 4.909461481525702]]], [[[-1.7245873568421959, 4.908842326871801], [-1.7253885200543873, 4.90761892175712], [-1.724362732623932, 4.909690152884959], [-1.7234980793344763, 4.911041446176868], [-1.7240148987646646, 4.909978387236818], [-1.7245873568421959, 4.908842326871801]]], [[[-1.721587969196936, 4.909971956963169], [-1.7225753538444655, 4.908598113084973], [-1.7220847253286546, 4.909402723010206], [-1.7209906803680755, 4.910952904765913], [-1.721587969196936, 4.909971956963169]]], [[[-1.718015667360208, 4.916075805234849], [-1.7198757915604317, 4.9130252805599985], [-1.72628294897051, 4.90376911546528], [-1.725371136867252, 4.905462737861347], [-1.718015667360208, 4.916075805234849]]], [[[-1.7231671066270586, 4.912756460641319], [-1.7270839434314749, 4.906660798214968], [-1.7268917315272343, 4.907125259586824], [-1.7225134301876284, 4.914095439196983], [-1.7231671066270586, 4.912756460641319]]], [[[-1.7234093579266172, 4.911180101340447], [-1.7225710650306696, 4.912490198209057], [-1.72409621252194, 4.909592321959324], [-1.7245091459366153, 4.90896175774488], [-1.7240148987646646, 4.909978387236818], [-1.7234093579266172, 4.911180101340447]]], [[[-1.7252593484270218, 4.9082889080913406], [-1.7227669048946777, 4.913163748163586], [-1.7249230727489884, 4.908814444827857], [-1.7252593484270218, 4.9082889080913406]]], [[[-1.724983621123729, 4.9117360227919695], [-1.7253264039493823, 4.910907721433214], [-1.7256628069097764, 4.910345608054495], [-1.725318042703503, 4.911177734847508], [-1.724983621123729, 4.9117360227919695]]], [[[-1.7227702295147718, 4.912905674846863], [-1.724362732623932, 4.909690152884959], [-1.7246102797669582, 4.909303282450437], [-1.7227702295147718, 4.912905674846863]]], [[[-1.72409621252194, 4.909592321959324], [-1.720116849412397, 4.915668952922037], [-1.721683621013378, 4.912765791490684], [-1.7254922424495178, 4.9069396016959255], [-1.7254911235488708, 4.906941903190928], [-1.72409621252194, 4.909592321959324]]], [[[-1.722939613389135, 4.913110501938393], [-1.7245033310319369, 4.910019363637721], [-1.7231671066270586, 4.912756460641319], [-1.722939613389135, 4.913110501938393]]], [[[-1.722841887671406, 4.917755433924219], [-1.726936925905865, 4.910230171553939], [-1.7285045935919043, 4.907441087815446], [-1.729296388683976, 4.906087883293149], [-1.72598043249041, 4.912240671910558], [-1.7255699662890664, 4.912994236070199], [-1.722841887671406, 4.917755433924219]]], [[[-1.7218518873481343, 4.911999479128141], [-1.723136426181738, 4.910073805033045], [-1.721683621013378, 4.912765791490684], [-1.7202988560912311, 4.914884117870144], [-1.7218518873481343, 4.911999479128141]]], [[[-1.7208636566569062, 4.91747480434783], [-1.7219589221909009, 4.915231282975], [-1.7265767098472786, 4.907886478837081], [-1.726244912089129, 4.908688235848633], [-1.7208636566569062, 4.91747480434783]]], [[[-1.7222720306218922, 4.918529624106393], [-1.7228920843026936, 4.917033055519769], [-1.7277912779943116, 4.908660168234298], [-1.726936925905865, 4.910230171553939], [-1.7222720306218922, 4.918529624106393]]], [[[-1.7227669048946777, 4.913163748163586], [-1.7222992381536355, 4.9141070998199785], [-1.7222274953238599, 4.914218751158459], [-1.7227669048946777, 4.913163748163586]]], [[[-1.7234980793344763, 4.911041446176868], [-1.721101349964871, 4.9159713393550515], [-1.7206088286843668, 4.916737836304927], [-1.7234093579266172, 4.911180101340447], [-1.7234980793344763, 4.911041446176868]]], [[[-1.7227702295147718, 4.912905674846863], [-1.7217582525049697, 4.9149490204963895], [-1.7216035091560555, 4.915189843197157], [-1.7227702295147718, 4.912905674846863]]], [[[-1.7221432082251646, 4.914684826124433], [-1.7215246415870329, 4.915669573457749], [-1.7222992381536355, 4.9141070998199785], [-1.722939613389135, 4.913110501938393], [-1.7221432082251646, 4.914684826124433]]], [[[-1.724382365497604, 4.913188898533715], [-1.724737347827083, 4.912579306578104], [-1.7230633470759542, 4.916619693750529], [-1.722697821746827, 4.9172594346668825], [-1.724382365497604, 4.913188898533715]]], [[[-1.7214872943941009, 4.915981428726875], [-1.7221432082251646, 4.914684826124433], [-1.7225134301876284, 4.914095439196983], [-1.7219589221909009, 4.915231282975], [-1.7214872943941009, 4.915981428726875]]], [[[-1.7230633470759542, 4.916619693750529], [-1.7249035507319137, 4.913398976937411], [-1.7229702782185878, 4.9168443257987535], [-1.7230633470759542, 4.916619693750529]]], [[[-1.7217582525049697, 4.9149490204963895], [-1.7222274953238599, 4.914218751158459], [-1.7213153678950752, 4.916002733536849], [-1.720942088732046, 4.9165969874744455], [-1.7217582525049697, 4.9149490204963895]]], [[[-1.7185057120708396, 4.922304773803269], [-1.719886865091219, 4.919475645866532], [-1.7257087784427334, 4.9099837506601975], [-1.7253264039493823, 4.910907721433214], [-1.7185057120708396, 4.922304773803269]]], [[[-1.7255699662890664, 4.912994236070199], [-1.725643069437584, 4.912866652300585], [-1.7212112505868469, 4.921089934813225], [-1.7213733425889644, 4.920698707721083], [-1.7255699662890664, 4.912994236070199]]], [[[-1.7225485048935563, 4.917620244320089], [-1.7225867572892, 4.917527811126486], [-1.7229702782185878, 4.9168443257987535], [-1.7228920843026936, 4.917033055519769], [-1.7225485048935563, 4.917620244320089]]], [[[-1.7219423302435468, 4.919325392673708], [-1.722841887671406, 4.917755433924219], [-1.7217980204276249, 4.91967370047985], [-1.7219423302435468, 4.919325392673708]]], [[[-1.721893375810969, 4.919203300029583], [-1.7222720306218922, 4.918529624106393], [-1.7219423302435468, 4.919325392673708], [-1.7215841573519162, 4.919950496360955], [-1.721893375810969, 4.919203300029583]]], [[[-1.7222165957560387, 4.918187488232532], [-1.72013181914581, 4.921750441786032], [-1.722697821746827, 4.9172594346668825], [-1.7225867572892, 4.917527811126486], [-1.7222165957560387, 4.918187488232532]]], [[[-1.7213733425889644, 4.920698707721083], [-1.7209619970239587, 4.921453886281464], [-1.7213833614897665, 4.920435700032213], [-1.7217980204276249, 4.91967370047985], [-1.7213733425889644, 4.920698707721083]]], [[[-1.7186548115502231, 4.91478918174558], [-1.7198639128163462, 4.912803433522964], [-1.72094021050566, 4.911279678703733], [-1.7198757915604317, 4.9130252805599985], [-1.7186548115502231, 4.91478918174558]]], [[[-1.7244865760532624, 4.907105743037418], [-1.7148150326165372, 4.9213247102593485], [-1.7162903845413247, 4.918905195772031], [-1.7251625530390908, 4.905850166632658], [-1.7244865760532624, 4.907105743037418]]], [[[-1.7206352528927142, 4.917085464795919], [-1.720301021128961, 4.9176175559527575], [-1.721101349964871, 4.9159713393550515], [-1.7216035091560555, 4.915189843197157], [-1.7206352528927142, 4.917085464795919]]], [[[-1.7215246415870329, 4.915669573457749], [-1.7209328613446515, 4.91686328005024], [-1.7206251103738097, 4.917352772156047], [-1.7213153678950752, 4.916002733536849], [-1.7215246415870329, 4.915669573457749]]], [[[-1.7199512662284857, 4.918424552332004], [-1.7206352528927142, 4.917085464795919], [-1.720942088732046, 4.9165969874744455], [-1.7203550458430494, 4.917782322241637], [-1.7199512662284857, 4.918424552332004]]], [[[-1.7214872943941009, 4.915981428726875], [-1.7201061195030418, 4.9187117187030305], [-1.7196357473684456, 4.919479747099525], [-1.7209328613446515, 4.91686328005024], [-1.7214872943941009, 4.915981428726875]]], [[[-1.7162903845413247, 4.918905195772031], [-1.7149277839773927, 4.920910206167397], [-1.7168277427534056, 4.917789839107813], [-1.718015667360208, 4.916075805234849], [-1.7162903845413247, 4.918905195772031]]], [[[-1.720301021128961, 4.9176175559527575], [-1.719763486204062, 4.9187232251171205], [-1.7189822844581613, 4.919965762505759], [-1.7196160946902312, 4.918707946934874], [-1.720301021128961, 4.9176175559527575]]], [[[-1.7178533726778307, 4.919863079463803], [-1.7163712074361273, 4.922179429812595], [-1.718764589762828, 4.917733902168939], [-1.720116849412397, 4.915668952922037], [-1.7178533726778307, 4.919863079463803]]], [[[-1.7203550458430494, 4.917782322241637], [-1.7206251103738097, 4.917352772156047], [-1.719041601243781, 4.920449874923535], [-1.7190014950843897, 4.920515360667738], [-1.7203550458430494, 4.917782322241637]]], [[[-1.7201061195030418, 4.9187117187030305], [-1.7208636566569062, 4.91747480434783], [-1.719886865091219, 4.919475645866532], [-1.7189327827058094, 4.921031156825513], [-1.7201061195030418, 4.9187117187030305]]], [[[-1.719098419226058, 4.919088443859737], [-1.7206088286843668, 4.916737836304927], [-1.7196160946902312, 4.918707946934874], [-1.7176584266217545, 4.92182452046327], [-1.719098419226058, 4.919088443859737]]], [[[-1.7190680518200505, 4.920153681667238], [-1.719763486204062, 4.9187232251171205], [-1.7199512662284857, 4.918424552332004], [-1.7190680518200505, 4.920153681667238]]], [[[-1.7139334186370105, 4.927126588310186], [-1.7178533726778307, 4.919863079463803], [-1.7225710650306696, 4.912490198209057], [-1.719098419226058, 4.919088443859737], [-1.7139334186370105, 4.927126588310186]]], [[[-1.724983621123729, 4.9117360227919695], [-1.724382365497604, 4.913188898533715], [-1.715558929418554, 4.928340908107044], [-1.717857744617503, 4.923632058178919], [-1.724983621123729, 4.9117360227919695]]], [[[-1.7184715050740473, 4.9213807337369815], [-1.7182894766607044, 4.921677951578205], [-1.7190680518200505, 4.920153681667238], [-1.7184715050740473, 4.9213807337369815]]], [[[-1.718796868612674, 4.9209285346891924], [-1.719041601243781, 4.920449874923535], [-1.7196357473684456, 4.919479747099525], [-1.7185878035002002, 4.921593601896453], [-1.7179629625323156, 4.922612326262429], [-1.718796868612674, 4.9209285346891924]]], [[[-1.7184715050740473, 4.9213807337369815], [-1.7190014950843897, 4.920515360667738], [-1.718796868612674, 4.9209285346891924], [-1.717800742947111, 4.922876804829905], [-1.7175279422353, 4.923321571973004], [-1.7184715050740473, 4.9213807337369815]]], [[[-1.7189327827058094, 4.921031156825513], [-1.717101725667923, 4.924650768439271], [-1.71692976359455, 4.9249381089013236], [-1.7185878035002002, 4.921593601896453], [-1.7189327827058094, 4.921031156825513]]], [[[-1.7182894766607044, 4.921677951578205], [-1.7170614951021002, 4.924082055175056], [-1.7162019084641058, 4.925483502739796], [-1.717330500867108, 4.9232437769893265], [-1.7182894766607044, 4.921677951578205]]], [[[-1.714351385450101, 4.9281081068856185], [-1.7168607351473997, 4.923340184483556], [-1.7189822844581613, 4.919965762505759], [-1.717330500867108, 4.9232437769893265], [-1.714351385450101, 4.9281081068856185]]], [[[-1.7185057120708396, 4.922304773803269], [-1.717857744617503, 4.923632058178919], [-1.7163098637158043, 4.926216111658558], [-1.717101725667923, 4.924650768439271], [-1.7185057120708396, 4.922304773803269]]], [[[-1.7179629625323156, 4.922612326262429], [-1.7162417111065897, 4.926087811948795], [-1.7159293608527442, 4.926609734396586], [-1.7166495122517946, 4.925128436793919], [-1.717800742947111, 4.922876804829905], [-1.7179629625323156, 4.922612326262429]]], [[[-1.7112967265506294, 4.927094582758419], [-1.7097100681964899, 4.929479438644728], [-1.7134828736578471, 4.923283231636205], [-1.7148150326165372, 4.9213247102593485], [-1.7112967265506294, 4.927094582758419]]], [[[-1.7148442661684158, 4.928422876107717], [-1.7170614951021002, 4.924082055175056], [-1.7175279422353, 4.923321571973004], [-1.7166495122517946, 4.925128436793919], [-1.7156738595113339, 4.927036665010156], [-1.7148442661684158, 4.928422876107717]]], [[[-1.71692976359455, 4.9249381089013236], [-1.7162305646446485, 4.926348494609034], [-1.715549572011462, 4.927485352994885], [-1.7162417111065897, 4.926087811948795], [-1.71692976359455, 4.9249381089013236]]], [[[-1.7162305646446485, 4.926348494609034], [-1.7163098637158043, 4.926216111658558], [-1.7156265931338575, 4.9275667927583715], [-1.7162305646446485, 4.926348494609034]]], [[[-1.714831778472114, 4.928683647315189], [-1.7156738595113339, 4.927036665010156], [-1.7159293608527442, 4.926609734396586], [-1.7153059113531643, 4.927892123419685], [-1.714831778472114, 4.928683647315189]]], [[[-1.7148442661684158, 4.928422876107717], [-1.7140122216421967, 4.930051826660115], [-1.7133051049554406, 4.931232296897146], [-1.7140626698525558, 4.929728886451349], [-1.7148442661684158, 4.928422876107717]]], [[[-1.7046076706006033, 4.949578825898782], [-1.7043394765767377, 4.950046893352052], [-1.7046493953712494, 4.949494576822221], [-1.7046076706006033, 4.949578825898782]]], [[[-1.7043394765767377, 4.950046893352052], [-1.7034771105648225, 4.951583744332312], [-1.7036144605458103, 4.951312232535548], [-1.7043394765767377, 4.950046893352052]]], [[[-1.731893515561846, 4.891543388877505], [-1.7320442690906408, 4.891415072097445], [-1.7320464538239106, 4.891413097224719], [-1.732046110341314, 4.891413504881343], [-1.7312447448223791, 4.892364592259409], [-1.727075111339242, 4.895906903776962], [-1.6597872358767605, 4.956731257876945], [-1.6304136948337722, 4.983187404667666], [-1.655556023, 4.960417032], [-1.7267670558825363, 4.896168612245283], [-1.731893515561846, 4.891543388877505]]], [[[-1.558599949, 5.140810966], [-1.5585111023847462, 5.14117459266739], [-1.5384487558950017, 5.169601471475551], [-1.533586979, 5.17181778], [-1.5332438311032108, 5.172033395493221], [-1.5589901445996122, 5.136210056258978], [-1.558946967, 5.137690067], [-1.558599949, 5.140810966]]], [[[-1.558998834808627, 5.135912179517347], [-1.5330361283676772, 5.1721639046065935], [-1.530807972, 5.173563957], [-1.5280225224541801, 5.1756678681857045], [-1.5590893507309396, 5.132809539758313], [-1.558998834808627, 5.135912179517347]]], [[[-1.539136052, 5.169288158], [-1.538488523963234, 5.169583342649295], [-1.5584879279303112, 5.141269439833043], [-1.557875037, 5.143777847], [-1.553977966, 5.151422024], [-1.5525089049538925, 5.154813554933039], [-1.5466643192172784, 5.163256995139961], [-1.541887045, 5.167517185], [-1.539136052, 5.169288158]]], [[[-1.546770319385265, 5.163162468256998], [-1.5524294172190543, 5.154997063380298], [-1.551573992, 5.156971931], [-1.550441027, 5.158813], [-1.546885014, 5.163060188], [-1.546770319385265, 5.163162468256998]]], [[[-1.513828993, 5.210692883], [-1.5466643192172784, 5.163256995139961], [-1.546770319385265, 5.163162468256998], [-1.513828993, 5.210692883]]], [[[-1.506360054, 5.215068817], [-1.5384487558950017, 5.169601471475551], [-1.538488523963234, 5.169583342649295], [-1.506360054, 5.215068817]]], [[[-1.500712037, 5.217298031], [-1.5330361283676772, 5.1721639046065935], [-1.5332438311032108, 5.172033395493221], [-1.500712037, 5.217298031]]]]}}, {"type": "Feature", "properties": {"region": "Upper East", "constituency_count": 15, "winner_party": "NDC", "winner_votes": 361597, "winner_pct": 75.72, "total_valid_votes": 477526, "party_votes": {"NPP": 106700, "GCPP": 1856, "GFP": 0, "GUM": 547, "LPG": 486, "NDP": 387, "CPP": 1436, "NDC": 361597, "APC": 2208, "IND": 2315}}, "geometry": {"type": "Polygon", "coordinates": [[[-1.11807096, 10.51347923], [-1.120280981, 10.51172447], [-1.123592973, 10.50802898], [-1.124716997, 10.50619888], [-1.127061963, 10.50063133], [-1.128664017, 10.49804878], [-1.130609989, 10.49560833], [-1.134974957, 10.49092674], [-1.146448016, 10.47944736], [-1.154788017, 10.47158813], [-1.156898022, 10.46996784], [-1.15912199, 10.46861362], [-1.164715052, 10.46625519], [-1.166939974, 10.46490097], [-1.169047952, 10.46327591], [-1.173084021, 10.45959759], [-1.185578942, 10.44727898], [-1.189720035, 10.44384861], [-1.19193697, 10.44248581], [-1.197520971, 10.44009972], [-1.199983001, 10.43857479], [-1.209213018, 10.43101883], [-1.211675048, 10.42948818], [-1.217260957, 10.42709541], [-1.219727039, 10.42556763], [-1.229007959, 10.41803265], [-1.231474042, 10.41650772], [-1.23694098, 10.4140377], [-1.238656998, 10.41282654], [-1.240180016, 10.41134834], [-1.241562963, 10.40954781], [-1.249472022, 10.39517117], [-1.250231028, 10.39220142], [-1.250558972, 10.38907242], [-1.250491023, 10.38268566], [-1.250098944, 10.37956619], [-1.249292016, 10.37660503], [-1.245246053, 10.36895943], [-1.244385004, 10.36602783], [-1.24327302, 10.35992622], [-1.242426991, 10.35699844], [-1.238448024, 10.34937191], [-1.237607002, 10.34644127], [-1.236516953, 10.34033966], [-1.235674024, 10.33741093], [-1.231713057, 10.32976437], [-1.230926991, 10.3268013], [-1.229570985, 10.31415653], [-1.228757024, 10.31118298], [-1.226130962, 10.30610466], [-1.225108027, 10.30358601], [-1.224907041, 10.30081463], [-1.225393057, 10.29877853], [-1.226320982, 10.29684734], [-1.227630973, 10.29510593], [-1.229308009, 10.29362392], [-1.23122704, 10.29235172], [-1.236099958, 10.28987026], [-1.241150975, 10.28693676], [-1.243710041, 10.28583622], [-1.246567965, 10.28544712], [-1.249426007, 10.28586578], [-1.257102966, 10.289608], [-1.260074973, 10.29045391], [-1.266262054, 10.2915411], [-1.269227982, 10.29237747], [-1.276869059, 10.29650879], [-1.282539964, 10.29876137], [-1.290078998, 10.30309391], [-1.295747995, 10.30533886], [-1.303293943, 10.30964947], [-1.308964014, 10.31188488], [-1.316509962, 10.31618786], [-1.322183013, 10.31842327], [-1.329728961, 10.32272625], [-1.335404038, 10.32495308], [-1.34296, 10.32923794], [-1.348646045, 10.33146], [-1.356230974, 10.335886], [-1.36333096, 10.33935928], [-1.367748022, 10.34251213], [-1.369968057, 10.34457874], [-1.371997952, 10.34678745], [-1.374485016, 10.35038567], [-1.376826048, 10.35599041], [-1.381153941, 10.36349583], [-1.383391976, 10.36913586], [-1.387509942, 10.37674046], [-1.38972497, 10.38576508], [-1.390573025, 10.38789845], [-1.391692042, 10.38987732], [-1.39309597, 10.3916378], [-1.394806027, 10.39311695], [-1.396733999, 10.39436913], [-1.401579022, 10.39679432], [-1.409175992, 10.40120792], [-1.414885044, 10.40341663], [-1.422456026, 10.40785217], [-1.429512024, 10.41135979], [-1.433735967, 10.41427231], [-1.440103054, 10.41934299], [-1.442338943, 10.42071056], [-1.447932005, 10.42313385], [-1.450168014, 10.42450333], [-1.456544995, 10.42958641], [-1.460834026, 10.43241882], [-1.465294957, 10.43423462], [-1.475229025, 10.43592167], [-1.478669047, 10.43677044], [-1.485682011, 10.43910789], [-1.493384957, 10.44206047], [-1.49012804, 10.44892883], [-1.487769008, 10.45304966], [-1.485780001, 10.45577526], [-1.479423046, 10.46309566], [-1.477668047, 10.46549129], [-1.476451039, 10.46798325], [-1.476035953, 10.47078609], [-1.47646904, 10.47359371], [-1.480232, 10.48118305], [-1.481044054, 10.48414612], [-1.481662989, 10.49048424], [-1.481953025, 10.5133419], [-1.482321978, 10.51647091], [-1.483096957, 10.51943874], [-1.489835978, 10.53183746], [-1.492468953, 10.53558159], [-1.493999958, 10.53706074], [-1.495720983, 10.53827763], [-1.501183987, 10.54080486], [-1.503427029, 10.54215908], [-1.509863019, 10.54713917], [-1.514114022, 10.55001545], [-1.521178961, 10.55352974], [-1.528766036, 10.55809498], [-1.533738971, 10.56045628], [-1.537873983, 10.56287861], [-1.540305972, 10.56472301], [-1.544878006, 10.56884766], [-1.548753977, 10.57279778], [-1.552212, 10.57694626], [-1.553599954, 10.57916069], [-1.55608201, 10.58470154], [-1.557641029, 10.58715153], [-1.565312028, 10.59635258], [-1.566879988, 10.59879589], [-1.569288969, 10.604352], [-1.573403001, 10.61192131], [-1.574236989, 10.61485004], [-1.575327039, 10.6209507], [-1.57615602, 10.62388229], [-1.580047011, 10.6315403], [-1.580891967, 10.63446712], [-1.582030058, 10.64054489], [-1.582887053, 10.64346695], [-1.586804986, 10.65111637], [-1.587586045, 10.65406704], [-1.587980986, 10.65717983], [-1.588238001, 10.66362095], [-1.58851397, 10.70617962], [-1.58802402, 10.71250629], [-1.587210059, 10.7154398], [-1.585991025, 10.71771431], [-1.582641006, 10.72188663], [-1.576787949, 10.72775364], [-1.572692037, 10.73139095], [-1.568318009, 10.73436642], [-1.56270504, 10.73676586], [-1.560454965, 10.73810768], [-1.551823974, 10.74476528], [-1.542629957, 10.74998856], [-1.540734053, 10.75136089], [-1.538967967, 10.75298786], [-1.53657496, 10.75588131], [-1.534826994, 10.75881195], [-1.531854987, 10.76567936], [-1.521425009, 10.78103256], [-1.517984033, 10.78685379], [-1.514389992, 10.79394722], [-1.512362957, 10.79672337], [-1.510843039, 10.7982111], [-1.509140968, 10.79944611], [-1.50375104, 10.80207634], [-1.501286983, 10.80361271], [-1.491871953, 10.81094742], [-1.489403009, 10.81247425], [-1.484040976, 10.81510639], [-1.482375026, 10.81634808], [-1.480911016, 10.81784439], [-1.479056001, 10.8206377], [-1.477717996, 10.82377434], [-1.475396037, 10.83271313], [-1.471752048, 10.84047318], [-1.471030951, 10.84344292], [-1.470675945, 10.84656143], [-1.470188022, 10.85940075], [-1.469812036, 10.86250782], [-1.469063997, 10.86545658], [-1.465399981, 10.87317371], [-1.46460402, 10.87635803], [-1.464064002, 10.88315392], [-1.464197993, 10.90426636], [-1.46399796, 10.91120434], [-1.463610053, 10.91455364], [-1.462805986, 10.91773319], [-1.459113955, 10.92543697], [-1.458305001, 10.92866039], [-1.457770944, 10.93555164], [-1.457787037, 10.95333385], [-1.457257986, 10.96023273], [-1.456454039, 10.96345997], [-1.452744007, 10.97117233], [-1.451966047, 10.97412586], [-1.451563001, 10.97724247], [-1.451303005, 10.98373985], [-1.451086998, 11.0167284], [-1.451074958, 11.01833725], [-1.431779981, 11.01802921], [-1.423732042, 11.01153374], [-1.413365006, 11.00315762], [-1.397374034, 10.990242], [-1.377357006, 10.99053097], [-1.36224103, 10.99166203], [-1.362228036, 10.99075031], [-1.349653959, 10.99046135], [-1.34059, 10.99173927], [-1.322195053, 10.99131107], [-1.310111046, 10.99286079], [-1.30449903, 10.99132919], [-1.235808969, 10.99044037], [-1.194545031, 10.98641109], [-1.165438056, 10.98588181], [-1.151677012, 10.98398972], [-1.121863008, 10.98278046], [-1.119552016, 11.00098133], [-1.101521969, 11.00072956], [-1.085554004, 11.00050926], [-1.061344981, 11.00060081], [-1.028956056, 10.99872017], [-1.009631991, 10.99851131], [-0.998351991, 10.99061108], [-0.973910987, 10.99092102], [-0.965108991, 10.99425983], [-0.933526993, 10.99421024], [-0.932982028, 10.99421024], [-0.92424798, 10.98512077], [-0.921539009, 10.97365189], [-0.903356016, 10.97181129], [-0.903026998, 10.97150135], [-0.890628994, 10.95979023], [-0.878686011, 10.95909119], [-0.87834698, 10.95973969], [-0.873521984, 10.96897125], [-0.872883976, 10.97357178], [-0.864521027, 10.98445129], [-0.860749006, 10.98935986], [-0.853066027, 10.98945999], [-0.837029994, 10.99149132], [-0.832984984, 11.00280857], [-0.814127028, 11.00280857], [-0.808879018, 10.9927597], [-0.803062022, 10.99306107], [-0.791643977, 10.99228191], [-0.768360019, 10.99187088], [-0.765308022, 10.9900713], [-0.756926, 10.98971081], [-0.749961019, 10.99139977], [-0.732263029, 10.99092102], [-0.714805007, 10.99113083], [-0.702702999, 10.99084091], [-0.688956976, 10.99051094], [-0.687088013, 10.99073029], [-0.688825011, 10.98608017], [-0.68877703, 10.9812479], [-0.685011983, 10.97715092], [-0.681734979, 10.97534084], [-0.678946972, 10.97606087], [-0.674587011, 10.98229885], [-0.671567023, 10.98302174], [-0.667356014, 10.98076057], [-0.656415999, 10.9808588], [-0.656831026, 10.97556877], [-0.659349024, 10.97118092], [-0.665844977, 10.96905041], [-0.670450985, 10.96395016], [-0.673871994, 10.95679092], [-0.673144996, 10.95380974], [-0.66307801, 10.9479208], [-0.661273003, 10.95368862], [-0.657356977, 10.95785999], [-0.656319976, 10.95716], [-0.651966989, 10.95422935], [-0.650545001, 10.9514904], [-0.651178002, 10.94481182], [-0.649520993, 10.94207001], [-0.63973701, 10.94101048], [-0.633893013, 10.93854046], [-0.632685006, 10.93640041], [-0.628211021, 10.92846966], [-0.62115097, 10.90218067], [-0.620328009, 10.9023056], [-0.610400021, 10.90382195], [-0.608956993, 10.9046669], [-0.595607996, 10.91250134], [-0.596292019, 10.93089104], [-0.595045984, 10.94355202], [-0.587567985, 10.96065044], [-0.578863978, 10.97248077], [-0.569656014, 10.98132133], [-0.558485985, 10.98167038], [-0.55163002, 10.97277927], [-0.538083017, 10.988801], [-0.534390986, 10.99160004], [-0.527567029, 10.98524094], [-0.519406021, 10.98417854], [-0.514313996, 10.98677063], [-0.507404029, 10.99304962], [-0.501538992, 11.00944138], [-0.490898013, 11.01531029], [-0.482618004, 11.0241394], [-0.475647986, 11.02536106], [-0.456254989, 11.01937199], [-0.449773014, 11.02266026], [-0.43917799, 11.02873421], [-0.43751201, 11.02969074], [-0.439245999, 11.03886986], [-0.442918003, 11.0546999], [-0.440275997, 11.06806087], [-0.434179991, 11.08514118], [-0.432698011, 11.09827137], [-0.39963901, 11.12001133], [-0.392423987, 11.12053967], [-0.382362992, 11.1162796], [-0.379871994, 11.11616611], [-0.376659006, 11.11602116], [-0.379602998, 11.10978031], [-0.379101992, 11.10149956], [-0.379058987, 11.10081863], [-0.374336004, 11.0932703], [-0.37333101, 11.08477116], [-0.361799002, 11.070611], [-0.361523002, 11.06964874], [-0.361079007, 11.06809044], [-0.358298004, 11.06972027], [-0.357731014, 11.07404327], [-0.357423007, 11.07639122], [-0.354887992, 11.07963181], [-0.348841995, 11.08036995], [-0.344915003, 11.08409023], [-0.34148699, 11.09589958], [-0.340164989, 11.10044861], [-0.337401003, 11.10392094], [-0.328583002, 11.10766983], [-0.31694299, 11.10822964], [-0.31161201, 11.11102867], [-0.305290014, 11.11221027], [-0.288358003, 11.11536026], [-0.273975015, 11.121912], [-0.276165009, 11.13339043], [-0.280382991, 11.13657188], [-0.288792998, 11.13926983], [-0.291388988, 11.14361191], [-0.290273011, 11.14914131], [-0.289779991, 11.15064144], [-0.285077989, 11.1504612], [-0.283500999, 11.15304089], [-0.282400995, 11.15526962], [-0.279522002, 11.16932964], [-0.273274988, 11.17329979], [-0.264407009, 11.17177963], [-0.230057999, 11.16178131], [-0.213008001, 11.15759182], [-0.198532999, 11.15427971], [-0.192805007, 11.15270615], [-0.189656004, 11.15183926], [-0.160223007, 11.14385986], [-0.142005995, 11.13898087], [-0.145542994, 11.1205492], [-0.147322997, 11.11248112], [-0.145851001, 11.1049099], [-0.143020004, 11.10149097], [-0.127876997, 11.10095119], [-0.117559999, 11.09414959], [-0.114996001, 11.09393978], [-0.111695997, 11.09006786], [-0.09375, 11.08862972], [-0.083765, 11.09148979], [-0.073293999, 11.09251118], [-0.048946001, 11.10285187], [-0.034995999, 11.10528088], [-0.018739, 11.10610199], [-0.002192, 11.10513115], [0.0, 11.10458183], [0.007316, 11.10275078], [0.009871, 11.10144138], [0.017764, 11.09220791], [0.022753, 11.08191109], [0.023621, 11.06421089], [0.025818, 11.05366135], [0.026338, 11.03592873], [0.026539, 11.02910137], [0.027203999, 11.00630093], [0.03039, 10.98954868], [0.032067999, 10.98472881], [0.029811, 10.97735977], [0.026641, 10.9745388], [0.021710999, 10.97418976], [0.018000999, 10.97233009], [0.006674, 10.96144009], [0.0, 10.96047878], [-0.006812, 10.95950985], [-0.011678, 10.95648098], [-0.015691999, 10.93254089], [-0.014912, 10.92173958], [-0.014133, 10.91071129], [-0.019882999, 10.90147018], [-0.022314999, 10.89533043], [-0.031304002, 10.87265015], [-0.033206999, 10.85474014], [-0.033929002, 10.85033035], [-0.030567, 10.83633041], [-0.026299, 10.82555199], [-0.028104, 10.8179512], [-0.033008002, 10.80992126], [-0.034309998, 10.8077879], [-0.045648001, 10.79966068], [-0.048597999, 10.78975105], [-0.053447999, 10.78512192], [-0.056682002, 10.78483009], [-0.059027001, 10.78462124], [-0.062026002, 10.7813797], [-0.067746997, 10.76892185], [-0.073565997, 10.76933861], [-0.075392999, 10.76519108], [-0.073025003, 10.75969124], [-0.07739, 10.7525301], [-0.075347997, 10.74214745], [-0.078988191, 10.73995721], [-0.107798003, 10.72262287], [-0.125012994, 10.71226501], [-0.135988995, 10.70468903], [-0.138521001, 10.70319366], [-0.144163996, 10.70082569], [-0.151696995, 10.69640732], [-0.158693999, 10.69286537], [-0.170056999, 10.68494034], [-0.177040994, 10.68136883], [-0.184541002, 10.67691326], [-0.190154999, 10.67460155], [-0.197794005, 10.67064095], [-0.200773001, 10.66989326], [-0.203914002, 10.66953564], [-0.216888994, 10.66905022], [-0.220025003, 10.66867638], [-0.223002002, 10.66792202], [-0.230744004, 10.66419792], [-0.233996004, 10.66338634], [-0.240961, 10.66285324], [-0.258920997, 10.66282368], [-0.265881002, 10.66228294], [-0.269131005, 10.66146469], [-0.276859999, 10.65769958], [-0.279933989, 10.65690517], [-0.283174992, 10.65650558], [-0.289896995, 10.65625954], [-0.314188004, 10.65618896], [-0.337296009, 10.65548038], [-0.354346007, 10.64678288], [-0.360711992, 10.64424419], [-0.367877007, 10.64210796], [-0.375535011, 10.63795567], [-0.381170988, 10.63567448], [-0.388689995, 10.63140774], [-0.394311011, 10.6291151], [-0.401820004, 10.62484169], [-0.407445014, 10.62255573], [-0.415064007, 10.61853504], [-0.41800499, 10.61769867], [-0.424122006, 10.61658001], [-0.427064002, 10.61574554], [-0.434794992, 10.61197567], [-0.437770993, 10.61121464], [-0.44413501, 10.61065197], [-0.463955998, 10.61053753], [-0.470539004, 10.61069679], [-0.473773003, 10.61098194], [-0.476915985, 10.61158943], [-0.479162991, 10.61236095], [-0.483375013, 10.61462402], [-0.485983998, 10.61663246], [-0.495615989, 10.6254797], [-0.497994989, 10.62709141], [-0.500400007, 10.62785244], [-0.502107024, 10.62764263], [-0.503848016, 10.62698174], [-0.510242999, 10.62381172], [-0.514159024, 10.62140656], [-0.515847981, 10.61989117], [-0.517234027, 10.61810493], [-0.518324971, 10.61610126], [-0.519120991, 10.61393833], [-0.519716024, 10.61084557], [-0.519962013, 10.60762501], [-0.520133018, 10.59441757], [-0.520407975, 10.59115601], [-0.521040022, 10.58796787], [-0.523189008, 10.58252525], [-0.531490028, 10.56572056], [-0.54370302, 10.56279469], [-0.555926025, 10.55921173], [-0.558910012, 10.55877018], [-0.564961016, 10.55849361], [-0.583328009, 10.55849648], [-0.589617014, 10.55823421], [-0.594075024, 10.55759621], [-0.606459022, 10.55490589], [-0.624701977, 10.55295086], [-0.641296029, 10.55154228], [-0.644294977, 10.55076313], [-0.652050972, 10.54697514], [-0.655003011, 10.54615879], [-0.661134005, 10.54506683], [-0.664080977, 10.54422569], [-0.678690016, 10.53642273], [-0.683426023, 10.53304482], [-0.688723028, 10.52874374], [-0.691510022, 10.52695656], [-0.702041984, 10.52239513], [-0.704352975, 10.52200317], [-0.70658201, 10.52274799], [-0.70867902, 10.52437115], [-0.710527003, 10.52654266], [-0.713891029, 10.53129673], [-0.715910017, 10.53249264], [-0.717297971, 10.53248882], [-0.723923981, 10.53902531], [-0.723873973, 10.55340672], [-0.724179029, 10.55919647], [-0.724582016, 10.56190109], [-0.725305021, 10.5644331], [-0.729349971, 10.57218742], [-0.730039001, 10.57472801], [-0.731342018, 10.58825016], [-0.732030988, 10.59077263], [-0.736204028, 10.59832191], [-0.738469005, 10.60394192], [-0.742851973, 10.611413], [-0.745172024, 10.6170311], [-0.746550977, 10.61925983], [-0.748210013, 10.62137985], [-0.751953006, 10.62544823], [-0.756183028, 10.62958527], [-0.760959983, 10.63348007], [-0.765191972, 10.63567448], [-0.767431974, 10.63636971], [-0.769749999, 10.6367178], [-0.772083998, 10.6367569], [-0.774381995, 10.63651085], [-0.776584983, 10.63593197], [-0.784277976, 10.63196373], [-0.786822975, 10.63126373], [-0.789503992, 10.63088417], [-0.79776597, 10.63032341], [-0.800445974, 10.6299696], [-0.802991986, 10.62930202], [-0.810591996, 10.62521839], [-0.81626302, 10.62300205], [-0.823754013, 10.61852169], [-0.828561008, 10.61609364], [-0.830484986, 10.61484814], [-0.832211971, 10.61338234], [-0.833664, 10.6116457], [-0.834899008, 10.60972023], [-0.837368011, 10.60494328], [-0.838990986, 10.60249901], [-0.84088701, 10.60017872], [-0.845059991, 10.59571934], [-0.864811003, 10.57614994], [-0.871140003, 10.56952667], [-0.872991025, 10.56721592], [-0.874514997, 10.56476593], [-0.876848996, 10.55920506], [-0.878378987, 10.55676174], [-0.882275999, 10.55220985], [-0.89071101, 10.54336262], [-0.892566025, 10.54104042], [-0.894088984, 10.53858089], [-0.896404028, 10.5329771], [-0.897507012, 10.53111458], [-0.900820971, 10.52712154], [-0.903014004, 10.52504539], [-0.905402005, 10.52318954], [-0.909639001, 10.5209446], [-0.911930025, 10.52016068], [-0.921880007, 10.51835632], [-0.924984992, 10.51738739], [-0.931198001, 10.5147028], [-0.93778199, 10.51136589], [-0.963173985, 10.52832317], [-0.965690017, 10.52996063], [-0.968302011, 10.53127861], [-0.971275985, 10.53213596], [-0.97744298, 10.53322697], [-0.980401993, 10.53405666], [-0.988059998, 10.53811646], [-0.993707001, 10.54043388], [-1.001369953, 10.54452324], [-1.004358053, 10.54531384], [-1.007505059, 10.5457077], [-1.017274022, 10.54588795], [-1.023651004, 10.54531765], [-1.026636004, 10.54454803], [-1.034373999, 10.54071236], [-1.043439984, 10.53839588], [-1.045652986, 10.53758526], [-1.049839973, 10.53537178], [-1.057880998, 10.52914333], [-1.060659051, 10.52736092], [-1.066277027, 10.52485085], [-1.069097042, 10.52312374], [-1.07446599, 10.51924706], [-1.077142, 10.51783371], [-1.078858018, 10.51745796], [-1.08049202, 10.51769733], [-1.082648039, 10.51940918], [-1.08446002, 10.5221529], [-1.086475015, 10.52647686], [-1.109630942, 10.51762867], [-1.115430951, 10.5150404], [-1.11807096, 10.51347923]]]}}, {"type": "Feature", "properties": {"region": "Oti", "constituency_count": 9, "winner_party": "NDC", "winner_votes": 182470, "winner_pct": 66.85, "total_valid_votes": 272970, "party_votes": {"NPP": 86489, "GCPP": 532, "GFP": 0, "GUM": 380, "LPG": 282, "NDP": 111, "CPP": 970, "NDC": 182470, "APC": 499, "IND": 1237}}, "geometry": {"type": "Polygon", "coordinates": [[[0.6332817518110909, 7.2077281909], [0.46677645344499097, 7.2077281909], [0.46676299, 7.207180023], [0.466428012, 7.204060078], [0.465687007, 7.201104164], [0.461833, 7.193466187], [0.461088002, 7.190515041], [0.460020989, 7.17791605], [0.459282994, 7.174960136], [0.455220997, 7.167408943], [0.453000993, 7.161801815], [0.448700994, 7.154346943], [0.446406007, 7.148769855], [0.44480601, 7.146235943], [0.442858994, 7.143843174], [0.438506007, 7.139243126], [0.415793985, 7.116762161], [0.41110599, 7.11287117], [0.407014996, 7.110435009], [0.402074009, 7.108091831], [0.39705801, 7.105128765], [0.394475013, 7.103870869], [0.39151901, 7.103066921], [0.385351986, 7.1020751], [0.382393986, 7.101284027], [0.374706, 7.097430229], [0.371751994, 7.096628189], [0.365581006, 7.095621109], [0.362617999, 7.094813824], [0.354900986, 7.090717793], [0.343998998, 7.087080956], [0.326626003, 7.080686092], [0.320470005, 7.078327179], [0.317405999, 7.077513218], [0.313802987, 7.076985836], [0.310270011, 7.076862812], [0.306894988, 7.077123165], [0.303748012, 7.077858925], [0.295762002, 7.081693172], [0.292769015, 7.082527161], [0.28659901, 7.083654881], [0.283641011, 7.084503174], [0.275869012, 7.088297844], [0.272877008, 7.089041233], [0.269726992, 7.089400768], [0.256687999, 7.089834213], [0.253515005, 7.090194225], [0.25049299, 7.090967178], [0.247840002, 7.092247963], [0.242642, 7.095499992], [0.238562003, 7.097731113], [0.221092001, 7.106291771], [0.223261997, 7.121881008], [0.223508, 7.130049229], [0.223361999, 7.1432271], [0.222852007, 7.14837122], [0.217504993, 7.174184799], [0.216750994, 7.186200142], [0.216419995, 7.201648235], [0.216379002, 7.21612978], [0.216923997, 7.223042965], [0.217735007, 7.226272106], [0.221417993, 7.233986855], [0.222179994, 7.236934185], [0.223499, 7.249427795], [0.224251002, 7.252379894], [0.227945998, 7.260083199], [0.230802, 7.271947861], [0.234530002, 7.279637814], [0.235319003, 7.282790184], [0.235698998, 7.286112785], [0.235907003, 7.292988777], [0.235801995, 7.317447186], [0.235549003, 7.324337006], [0.235149994, 7.327672958], [0.234331995, 7.330839157], [0.230259001, 7.338514805], [0.226926997, 7.34606123], [0.213846996, 7.368127823], [0.189541996, 7.370493889], [0.186307997, 7.370943069], [0.183272004, 7.371760845], [0.175558001, 7.375893116], [0.169889003, 7.378182888], [0.162349999, 7.382524967], [0.156691, 7.384792805], [0.149032995, 7.388841152], [0.146070004, 7.389651775], [0.139889002, 7.390673161], [0.136914998, 7.391472816], [0.129175007, 7.395442963], [0.123383999, 7.397611141], [0.119476996, 7.399716854], [0.115523003, 7.402266979], [0.113750003, 7.403720856], [0.112320997, 7.405293941], [0.111220002, 7.407069206], [0.110311002, 7.409911156], [0.109727003, 7.416205883], [0.109788999, 7.452284813], [0.109494999, 7.461983204], [0.109090999, 7.465091228], [0.108292997, 7.468036175], [0.104362004, 7.475679874], [0.103573002, 7.478627205], [0.103009999, 7.484942913], [0.102725998, 7.501191139], [0.102353998, 7.504311085], [0.101579003, 7.507266998], [0.097442999, 7.514826775], [0.095109001, 7.520412922], [0.090719, 7.527867794], [0.088414997, 7.53346777], [0.084062003, 7.540935993], [0.081661999, 7.546494961], [0.080100998, 7.548941135], [0.072435997, 7.558135033], [0.070877001, 7.560579777], [0.068392999, 7.566106796], [0.066702001, 7.568717003], [0.062445998, 7.573583126], [0.045859002, 7.589912891], [0.041328002, 7.594666958], [0.039299, 7.597139835], [0.037615001, 7.599755764], [0.035147, 7.605291843], [0.033588, 7.607741833], [0.031711999, 7.610066891], [0.023145, 7.619003773], [0.019083999, 7.62368679], [0.017436, 7.626254082], [0.014888, 7.63231802], [0.011861, 7.63801384], [0.010635, 7.640810013], [0.01009, 7.643297195], [0.010161, 7.644436836], [0.00375, 7.678812981], [0.003168, 7.685143948], [0.002934, 7.700891018], [0.002382, 7.70697403], [0.001632, 7.709819794], [-0.002261, 7.717496872], [-0.003081, 7.72044611], [-0.004109, 7.72662878], [-0.004909, 7.729621887], [-0.006876, 7.733543873], [-0.009424, 7.737452984], [-0.010901, 7.739195824], [-0.012501, 7.740595818], [-0.014306, 7.741671085], [-0.017184, 7.742561817], [-0.026611, 7.743715763], [-0.029611999, 7.744459152], [-0.037416, 7.748200893], [-0.040413, 7.748935223], [-0.053144999, 7.750049114], [-0.056134999, 7.750796795], [-0.058742002, 7.752029896], [-0.063801996, 7.754979134], [-0.068760999, 7.757349014], [-0.072876997, 7.759801865], [-0.075301997, 7.761663914], [-0.079885997, 7.765807152], [-0.087001003, 7.772818089], [-0.091521002, 7.777595043], [-0.093548998, 7.780075073], [-0.095236003, 7.782692909], [-0.097701997, 7.78823185], [-0.099261001, 7.790679932], [-0.106974997, 7.799855232], [-0.108548, 7.802296162], [-0.110953003, 7.807855129], [-0.113824002, 7.812846184], [-0.115061998, 7.815423965], [-0.115824997, 7.818385124], [-0.117023997, 7.830984116], [-0.117788002, 7.833941936], [-0.121687002, 7.841598034], [-0.122534998, 7.844523907], [-0.123649999, 7.850608826], [-0.124499999, 7.853536129], [-0.128410995, 7.861186981], [-0.129182994, 7.864140987], [-0.130450994, 7.876711845], [-0.131228, 7.879665852], [-0.135104999, 7.887331009], [-0.135882005, 7.890285015], [-0.137143999, 7.902859211], [-0.137915, 7.905815125], [-0.141804993, 7.913475037], [-0.142642006, 7.91640377], [-0.143730998, 7.922502041], [-0.144574001, 7.925430775], [-0.148725003, 7.932981968], [-0.151029006, 7.938581944], [-0.155417994, 7.946036816], [-0.157722995, 7.951636791], [-0.162093997, 7.959098816], [-0.164388999, 7.964701176], [-0.168753996, 7.972167015], [-0.171044007, 7.977772236], [-0.175391003, 7.985247135], [-0.177661002, 7.990867138], [-0.181977004, 7.998373032], [-0.184333995, 8.003968239], [-0.186807007, 8.007577896], [-0.190522, 8.011505127], [-0.194665, 8.014927864], [-0.196909994, 8.016280174], [-0.202548996, 8.018656731], [-0.204797998, 8.020010948], [-0.206934005, 8.021629333], [-0.211028993, 8.025286674], [-0.226264998, 8.040356636], [-0.232345998, 8.045953751], [-0.236708, 8.048941612], [-0.242308006, 8.051348686], [-0.244781002, 8.052883148], [-0.247125998, 8.054733276], [-0.256096989, 8.063120842], [-0.260710001, 8.067004204], [-0.263181001, 8.068552017], [-0.268770993, 8.070977211], [-0.271248996, 8.072507858], [-0.28057301, 8.080040932], [-0.283048004, 8.081569672], [-0.288641006, 8.083996773], [-0.291110992, 8.085542679], [-0.295724005, 8.089426041], [-0.304693013, 8.097816467], [-0.307036012, 8.099666595], [-0.309509009, 8.101204872], [-0.315106004, 8.103613853], [-0.317339987, 8.104981422], [-0.319462001, 8.106611252], [-0.323534012, 8.110292435], [-0.334407985, 8.120915413], [-0.339127988, 8.124828339], [-0.343234986, 8.127291679], [-0.348194987, 8.129669189], [-0.353258997, 8.132642746], [-0.355874985, 8.133900642], [-0.35868299, 8.134655952], [-0.367817998, 8.135684013], [-0.370931, 8.13624382], [-0.373980999, 8.137194633], [-0.380115986, 8.139921188], [-0.389674991, 8.144954681], [-0.384434998, 8.158653259], [-0.382651001, 8.165203094], [-0.382019013, 8.172434807], [-0.382182986, 8.193821907], [-0.381633997, 8.200377464], [-0.380741, 8.203229904], [-0.379664987, 8.205019951], [-0.378266007, 8.206609726], [-0.374605, 8.209400177], [-0.370646, 8.211663246], [-0.368622005, 8.21252346], [-0.365572989, 8.213242531], [-0.359140992, 8.213590622], [-0.352753013, 8.212989807], [-0.349748999, 8.21216011], [-0.341933995, 8.208275795], [-0.338975012, 8.207539558], [-0.335911989, 8.20730114], [-0.332850993, 8.20748806], [-0.329910994, 8.208181381], [-0.32732901, 8.209383965], [-0.322306007, 8.212230682], [-0.316695005, 8.214614868], [-0.309073001, 8.218716621], [-0.306097001, 8.219508171], [-0.302956015, 8.219910622], [-0.293146998, 8.220205307], [-0.283335, 8.219906807], [-0.280191988, 8.219500542], [-0.27721101, 8.218712807], [-0.269555002, 8.214621544], [-0.263933003, 8.212253571], [-0.258884013, 8.209402084], [-0.256282002, 8.208168983], [-0.253300995, 8.207381248], [-0.246925995, 8.206786156], [-0.230407, 8.206677437], [-0.223887995, 8.207055092], [-0.220744997, 8.20763588], [-0.218500003, 8.208378792], [-0.214295, 8.210561752], [-0.209549993, 8.214370728], [-0.202584997, 8.221162796], [-0.195877999, 8.228364944], [-0.193965003, 8.23089695], [-0.192466006, 8.233597755], [-0.190105006, 8.242510796], [-0.189256996, 8.244617462], [-0.188146994, 8.246570587], [-0.186754003, 8.248309135], [-0.185063004, 8.24977684], [-0.183148995, 8.251024246], [-0.176327005, 8.25451088], [-0.172405005, 8.256911278], [-0.168725997, 8.259679794], [-0.167318001, 8.261245728], [-0.166233003, 8.263005257], [-0.165335, 8.265825272], [-0.164933994, 8.268892288], [-0.164799005, 8.2753582], [-0.165020004, 8.288532257], [-0.164548993, 8.294883728], [-0.163739994, 8.297821045], [-0.162765995, 8.29972744], [-0.159340993, 8.304032326], [-0.154333994, 8.308491707], [-0.151562005, 8.310247421], [-0.145964995, 8.312718391], [-0.143175006, 8.314448357], [-0.137849003, 8.318589211], [-0.133044004, 8.321749687], [-0.128692999, 8.323563576], [-0.119640999, 8.325880051], [-0.111902997, 8.329649925], [-0.108781002, 8.330424309], [-0.105486996, 8.330798149], [-0.098673001, 8.331007957], [-0.053704999, 8.330981255], [-0.046888001, 8.330763817], [-0.043590002, 8.330389977], [-0.040456999, 8.329612732], [-0.032678001, 8.325842857], [-0.023602, 8.323526382], [-0.021384999, 8.322713852], [-0.017193001, 8.320478439], [-0.014586, 8.31853199], [-0.004845, 8.309681892], [-0.002343, 8.307676315], [0.000294, 8.30600071], [0.005849, 8.303496361], [0.008615, 8.301732063], [0.013778, 8.297310829], [0.025183, 8.28627491], [0.029916, 8.2824049], [0.034023002, 8.279961586], [0.038966998, 8.277568817], [0.046558999, 8.273031235], [0.05359, 8.269487381], [0.058029, 8.266352654], [0.062601, 8.262224197], [0.078094997, 8.246962547], [0.082858004, 8.243151665], [0.087053999, 8.240924835], [0.089273997, 8.240118027], [0.098362997, 8.237803459], [0.106158003, 8.234007835], [0.10915, 8.233242035], [0.112296, 8.232850075], [0.118786998, 8.232628822], [0.125275001, 8.232884407], [0.128417999, 8.233295441], [0.131402001, 8.234083176], [0.139177993, 8.237916946], [0.142177001, 8.238704681], [0.145364001, 8.239096642], [0.152408004, 8.239256859], [0.176216006, 8.238583565], [0.179602996, 8.241808891], [0.182367995, 8.245471954], [0.183488995, 8.248487473], [0.183910996, 8.251688957], [0.183782995, 8.25488472], [0.183091998, 8.257929802], [0.179297999, 8.265829086], [0.178477004, 8.269049644], [0.178068995, 8.272424698], [0.177790999, 8.279374123], [0.177477002, 8.307625771], [0.177668005, 8.314528465], [0.178108007, 8.317510605], [0.179067001, 8.320132256], [0.180221006, 8.321626663], [0.181744993, 8.322759628], [0.184406996, 8.323698997], [0.187432006, 8.324133873], [0.200370997, 8.324911118], [0.203409001, 8.325614929], [0.211351007, 8.329173088], [0.214383006, 8.329916], [0.223682001, 8.331231117], [0.226322994, 8.332201958], [0.227816001, 8.333334923], [0.228909999, 8.334807396], [0.229682997, 8.337350845], [0.229727998, 8.340165138], [0.229123995, 8.343016624], [0.225345001, 8.350774765], [0.224518001, 8.353767395], [0.223046005, 8.366426468], [0.222277999, 8.36941433], [0.218468994, 8.377164841], [0.216628, 8.382840157], [0.215462998, 8.385409355], [0.214248002, 8.386926651], [0.212716997, 8.388130188], [0.210124999, 8.38928318], [0.204395995, 8.391119957], [0.196571007, 8.394926071], [0.193561003, 8.395673752], [0.187198997, 8.396121025], [0.180858999, 8.395616531], [0.177874997, 8.394842148], [0.170117006, 8.391023636], [0.158142999, 8.388095856], [0.150409997, 8.384327888], [0.147255003, 8.383532524], [0.140506998, 8.382976532], [0.101986997, 8.38287735], [0.095124997, 8.383340836], [0.091885999, 8.384098053], [0.087903999, 8.385993958], [0.083971001, 8.388512611], [0.082222, 8.389983177], [0.080813996, 8.391571045], [0.079724997, 8.393358231], [0.078804001, 8.396204948], [0.078364, 8.399292946], [0.078126997, 8.406435966], [0.078153998, 8.420965195], [0.077862002, 8.428145409], [0.077443004, 8.431632042], [0.076645002, 8.434954643], [0.074276999, 8.440933228], [0.073826, 8.442915916], [0.073863, 8.444801331], [0.074497998, 8.446451187], [0.075623997, 8.447943687], [0.077197, 8.449344635], [0.082947001, 8.452802658], [0.084982, 8.453645706], [0.08805, 8.454408646], [0.094440997, 8.455377579], [0.097526997, 8.456148148], [0.099584997, 8.457000732], [0.103619002, 8.459227562], [0.107326999, 8.46198082], [0.108723998, 8.46354866], [0.109764002, 8.465304375], [0.1105, 8.468066216], [0.110513002, 8.470980644], [0.109823003, 8.473840714], [0.108257003, 8.47665596], [0.106146999, 8.479297638], [0.098637, 8.486698151], [0.093255997, 8.491071701], [0.090409003, 8.492821693], [0.084913999, 8.495404243], [0.083228, 8.496621132], [0.081780002, 8.498090744], [0.080569997, 8.49985981], [0.079699002, 8.501788139], [0.079233997, 8.503805161], [0.079398997, 8.506551743], [0.080324002, 8.509062767], [0.082755998, 8.514151573], [0.08354, 8.517118454], [0.083961003, 8.52023983], [0.084486, 8.536499023], [0.085486002, 8.551001549], [0.086450003, 8.573502541], [0.089817002, 8.574959755], [0.095059, 8.578193665], [0.102240004, 8.584334373], [0.104723997, 8.586146355], [0.107311003, 8.587432861], [0.110221997, 8.587962151], [0.113164, 8.587724686], [0.120131001, 8.585497856], [0.123016998, 8.58439827], [0.130772993, 8.580187798], [0.133799002, 8.579354286], [0.136989996, 8.578919411], [0.143552005, 8.578679085], [0.146780998, 8.578821182], [0.149839997, 8.57925415], [0.152540997, 8.580212593], [0.154085994, 8.581377983], [0.155255005, 8.582912445], [0.156214997, 8.58559227], [0.156647995, 8.588627815], [0.156789005, 8.591828346], [0.156559005, 8.598332405], [0.156137004, 8.601495743], [0.155321002, 8.604488373], [0.151123002, 8.612122536], [0.148635998, 8.617679596], [0.147025004, 8.620112419], [0.143002003, 8.624643326], [0.134352997, 8.633460999], [0.132505, 8.635793686], [0.131063998, 8.638303757], [0.130180001, 8.641231537], [0.129747003, 8.644346237], [0.129493997, 8.650805473], [0.129694998, 8.657273293], [0.130070999, 8.660402298], [0.130839005, 8.663367271], [0.134909004, 8.670954704], [0.137301996, 8.67650032], [0.139029995, 8.67914772], [0.143384993, 8.68406868], [0.157592997, 8.69835186], [0.159596995, 8.700886726], [0.161151007, 8.703598976], [0.162042007, 8.70649147], [0.163120002, 8.712567329], [0.163925007, 8.715497971], [0.167685002, 8.723172188], [0.168417007, 8.726133347], [0.168881997, 8.732463837], [0.168748006, 8.75214386], [0.168978006, 8.755344391], [0.169559002, 8.758414268], [0.17035, 8.760557175], [0.171436995, 8.762535095], [0.172820002, 8.764289856], [0.174516007, 8.765775681], [0.176428005, 8.767036438], [0.181245998, 8.769504547], [0.188823998, 8.773962975], [0.194506004, 8.776267052], [0.202157006, 8.780314445], [0.205116004, 8.78101635], [0.208193004, 8.781218529], [0.211272001, 8.78099823], [0.214230001, 8.780276299], [0.21683, 8.779043198], [0.221885994, 8.776152611], [0.227540001, 8.773804665], [0.235183999, 8.769668579], [0.238135993, 8.768817902], [0.244277999, 8.76770401], [0.247232005, 8.766862869], [0.254992008, 8.763007164], [0.257982999, 8.762231827], [0.264362007, 8.761667252], [0.270891994, 8.761679649], [0.277258992, 8.762274742], [0.280234009, 8.763072968], [0.287948996, 8.766961098], [0.290921003, 8.767753601], [0.297289014, 8.768350601], [0.303856999, 8.768451691], [0.310427994, 8.768343925], [0.316805005, 8.76774025], [0.319790006, 8.766946793], [0.327551007, 8.763027191], [0.330249012, 8.762276649], [0.33602199, 8.761675835], [0.342000991, 8.761734962], [0.344999999, 8.762020111], [0.348892987, 8.760905266], [0.35126099, 8.763763428], [0.355026007, 8.763973236], [0.386482, 8.755626678], [0.385172009, 8.75214386], [0.381673992, 8.749468803], [0.385650992, 8.740016937], [0.387109011, 8.738018036], [0.391487002, 8.732024193], [0.401098996, 8.714189529], [0.410452008, 8.699568748], [0.422639012, 8.676933289], [0.430096, 8.668265343], [0.434300989, 8.661870003], [0.438068002, 8.652714729], [0.466131002, 8.60655117], [0.470037997, 8.604050636], [0.475607991, 8.598109245], [0.491753012, 8.599572182], [0.496385008, 8.596381187], [0.500618994, 8.581710815], [0.503868997, 8.578053474], [0.508726001, 8.575784683], [0.512917995, 8.568688393], [0.519616008, 8.567344666], [0.527427018, 8.573813438], [0.532504022, 8.573611259], [0.535742998, 8.566796303], [0.538119972, 8.55871582], [0.541363001, 8.556436539], [0.549212992, 8.555098534], [0.558930993, 8.549865723], [0.579123974, 8.526321411], [0.586993992, 8.521308899], [0.588039994, 8.521044731], [0.616329014, 8.513876915], [0.624889016, 8.508865356], [0.627929986, 8.500617027], [0.633132994, 8.497754097], [0.643656015, 8.491967201], [0.649466991, 8.482582092], [0.651253998, 8.477003098], [0.655560017, 8.46355629], [0.659183025, 8.429598808], [0.663839996, 8.420436859], [0.685334027, 8.410207748], [0.696346998, 8.399742126], [0.698074996, 8.398098946], [0.70152998, 8.39880085], [0.707764983, 8.396992683], [0.708266973, 8.388273239], [0.714278996, 8.384399414], [0.713454008, 8.363736153], [0.71509999, 8.357086182], [0.718568981, 8.354346275], [0.722052991, 8.353905678], [0.719982028, 8.342088699], [0.723931015, 8.337526321], [0.729728997, 8.332744598], [0.730368018, 8.307272911], [0.727952003, 8.289813042], [0.725228012, 8.284054756], [0.712807, 8.280299187], [0.701732993, 8.281830788], [0.693898976, 8.281317711], [0.685409009, 8.275979996], [0.674899995, 8.262825012], [0.666167021, 8.259552002], [0.643355012, 8.258702278], [0.640832007, 8.257077217], [0.637902975, 8.247879028], [0.631525993, 8.237504005], [0.630604982, 8.23749733], [0.62580502, 8.231953621], [0.624041021, 8.220926285], [0.602460027, 8.210213661], [0.594891012, 8.205571175], [0.591727972, 8.197055817], [0.593629003, 8.18949604], [0.607802987, 8.17353344], [0.609462023, 8.16711998], [0.609773993, 8.156106949], [0.607333004, 8.143466949], [0.595413029, 8.135581017], [0.591381013, 8.120174408], [0.591381013, 8.089196205], [0.59195298, 8.0742836], [0.598378003, 8.046565056], [0.597055972, 8.038523674], [0.603884995, 8.018153191], [0.607217014, 8.003722191], [0.601078987, 8.0], [0.597653985, 7.977095127], [0.597387016, 7.975300789], [0.60671097, 7.934470177], [0.609134018, 7.923853874], [0.61351198, 7.920638084], [0.615157008, 7.896640778], [0.615356028, 7.893764973], [0.620419979, 7.864823818], [0.622493982, 7.860690117], [0.621330976, 7.855933189], [0.615579009, 7.832439899], [0.615809023, 7.823938847], [0.613995016, 7.81264782], [0.613041997, 7.806713104], [0.613731027, 7.789946079], [0.620182991, 7.78902483], [0.62340802, 7.784887791], [0.624328971, 7.7642169], [0.622255027, 7.762148857], [0.613958001, 7.761003017], [0.609351993, 7.754800797], [0.608199, 7.74630022], [0.612115026, 7.726314068], [0.614417017, 7.722867966], [0.617411017, 7.705177784], [0.61707902, 7.704185963], [0.616258025, 7.701734066], [0.609578013, 7.705867767], [0.600133002, 7.708169937], [0.589765012, 7.70702219], [0.579627991, 7.676239967], [0.574558973, 7.649363995], [0.574558973, 7.632820129], [0.57801199, 7.622021198], [0.57801199, 7.616965771], [0.575192988, 7.615677834], [0.561426997, 7.609389782], [0.54944998, 7.606863022], [0.545764029, 7.600889206], [0.538623989, 7.599970818], [0.518583, 7.587567806], [0.517717004, 7.572752953], [0.516972005, 7.559997082], [0.50948298, 7.52724123], [0.508634984, 7.522302151], [0.509537995, 7.516333103], [0.514006972, 7.496729851], [0.516972005, 7.483720779], [0.514913976, 7.476593971], [0.508244991, 7.472216129], [0.507555008, 7.471302032], [0.501814008, 7.463700771], [0.512017012, 7.455510139], [0.513522029, 7.448554039], [0.519968987, 7.451309204], [0.524574995, 7.446712017], [0.528720975, 7.432926178], [0.529641986, 7.418447018], [0.532405972, 7.415918827], [0.534938991, 7.409945011], [0.545762002, 7.398911953], [0.551289022, 7.397762775], [0.56004101, 7.390863895], [0.571555018, 7.387646198], [0.582839012, 7.38833189], [0.595497012, 7.392854214], [0.598267019, 7.393846035], [0.615116, 7.402727127], [0.627974987, 7.40096283], [0.640179992, 7.395442963], [0.64616698, 7.390155792], [0.65099901, 7.371078968], [0.650940001, 7.368865967], [0.650536001, 7.353844166], [0.652836025, 7.332929134], [0.655809999, 7.321173191], [0.658361018, 7.311095238], [0.656746984, 7.303741932], [0.643849015, 7.280301094], [0.643616974, 7.270419121], [0.640784025, 7.253227234], [0.640146017, 7.249363899], [0.6332817518110909, 7.2077281909]]]}}, {"type": "Feature", "properties": {"region": "Eastern", "constituency_count": 33, "winner_party": "NPP", "winner_votes": 558569, "winner_pct": 50.92, "total_valid_votes": 1096987, "party_votes": {"NPP": 558569, "GCPP": 1589, "GFP": 0, "GUM": 1744, "LPG": 383, "NDP": 394, "CPP": 1694, "NDC": 520570, "APC": 1255, "IND": 10789}}, "geometry": {"type": "Polygon", "coordinates": [[[-0.436066985, 5.787749767], [-0.442313999, 5.785041809], [-0.445327014, 5.784255981], [-0.451487005, 5.783143997], [-0.454439014, 5.782310009], [-0.462206006, 5.77862215], [-0.465187013, 5.777876854], [-0.47784999, 5.776611805], [-0.480847001, 5.77587986], [-0.488696009, 5.772241116], [-0.497756004, 5.76992321], [-0.499879986, 5.769061089], [-0.501842976, 5.767941952], [-0.503562987, 5.766547203], [-0.504971981, 5.764842033], [-0.506079018, 5.762900829], [-0.506891012, 5.760776997], [-0.50751102, 5.757718086], [-0.507781982, 5.754512787], [-0.507852972, 5.747903824], [-0.507538021, 5.737740993], [-0.505571008, 5.712804794], [-0.525577009, 5.724865913], [-0.531708002, 5.72880888], [-0.534348011, 5.730122089], [-0.537333012, 5.730980873], [-0.54350698, 5.732098103], [-0.546465993, 5.732936859], [-0.554127991, 5.736985207], [-0.559767008, 5.739299774], [-0.56742698, 5.743337154], [-0.570640981, 5.744150162], [-0.577524006, 5.744688034], [-0.602432013, 5.744643211], [-0.609561026, 5.744473934], [-0.621514976, 5.743703842], [-0.641753972, 5.743210793], [-0.649325013, 5.739340782], [-0.657393992, 5.733602047], [-0.659373999, 5.732561111], [-0.661572993, 5.73195219], [-0.666258991, 5.731546879], [-0.685782015, 5.731432915], [-0.702901006, 5.729756832], [-0.719438016, 5.72616291], [-0.727066994, 5.725295067], [-0.763426006, 5.725008011], [-0.770523012, 5.725228786], [-0.773953021, 5.725621223], [-0.777207971, 5.726446152], [-0.779816985, 5.727652073], [-0.784879029, 5.730447769], [-0.790506005, 5.732790947], [-0.798161983, 5.736830235], [-0.810154974, 5.739726067], [-0.81795001, 5.743434906], [-0.821215987, 5.744236946], [-0.824654996, 5.744624138], [-0.849929988, 5.744914055], [-0.857226014, 5.745725155], [-0.864982009, 5.748020172], [-0.878780007, 5.753025055], [-0.895973027, 5.757205009], [-0.90288198, 5.757900238], [-0.909556985, 5.757798195], [-0.912738979, 5.757402897], [-0.915740013, 5.756606102], [-0.923403025, 5.752491951], [-0.929023027, 5.750095844], [-0.934058011, 5.747248173], [-0.936644971, 5.746046066], [-0.939586997, 5.745341778], [-0.942646027, 5.745132923], [-0.94570601, 5.745344162], [-0.948662996, 5.746039867], [-0.956453025, 5.749793053], [-0.968482018, 5.752721786], [-0.976144016, 5.756779194], [-0.981784999, 5.759099007], [-0.989467978, 5.763082981], [-0.992447019, 5.763855934], [-1.005079985, 5.765195847], [-1.008061051, 5.765964031], [-1.015858054, 5.769662857], [-1.019067049, 5.770466805], [-1.022444963, 5.770862103], [-1.029430985, 5.77109623], [-1.096788049, 5.770929813], [-1.107372046, 5.771321774], [-1.110792994, 5.771933079], [-1.115321994, 5.773663044], [-1.117486954, 5.774858952], [-1.125040054, 5.780087948], [-1.128419995, 5.782054901], [-1.140030026, 5.787392139], [-1.140750051, 5.821306229], [-1.141340971, 5.826798916], [-1.142060995, 5.829356194], [-1.146247983, 5.836911201], [-1.148563027, 5.842508793], [-1.152951002, 5.849977016], [-1.155236959, 5.855601788], [-1.163504958, 5.869784832], [-1.164988995, 5.871510983], [-1.166738987, 5.872973919], [-1.168678999, 5.87422514], [-1.173516989, 5.876667976], [-1.178537965, 5.879708767], [-1.181089044, 5.881101131], [-1.186784029, 5.883331776], [-1.194355965, 5.887635231], [-1.200052977, 5.889894009], [-1.207823038, 5.89408493], [-1.212751031, 5.895288944], [-1.234063029, 5.898624897], [-1.223263979, 5.917907238], [-1.221578002, 5.921563148], [-1.22082603, 5.924657822], [-1.220471978, 5.927862167], [-1.220340014, 5.9376688], [-1.220793962, 5.944150925], [-1.22141099, 5.947299004], [-1.22288096, 5.951439857], [-1.235427976, 5.977527142], [-1.236624002, 5.978464127], [-1.238356948, 5.980811119], [-1.239037991, 5.982377052], [-1.239753962, 5.985641003], [-1.239817977, 5.988975048], [-1.239230037, 5.99214077], [-1.235417008, 6.000135899], [-1.234639049, 6.003138065], [-1.233665943, 6.009327888], [-1.232856989, 6.012271881], [-1.228746057, 6.019823074], [-1.226531982, 6.025438786], [-1.222211003, 6.032885075], [-1.219889045, 6.038449764], [-1.218343973, 6.040888786], [-1.210634947, 6.05002594], [-1.209082961, 6.052466869], [-1.206761003, 6.058049202], [-1.203933001, 6.063061237], [-1.202720046, 6.065653801], [-1.202000022, 6.06863308], [-1.201220036, 6.077929974], [-1.200685024, 6.080653191], [-1.199524999, 6.082758904], [-1.197450995, 6.083962917], [-1.192268014, 6.085361958], [-1.190168977, 6.086537838], [-1.189015985, 6.088610172], [-1.188573003, 6.091299057], [-1.188616991, 6.094285011], [-1.189120054, 6.09735918], [-1.190289974, 6.101185799], [-1.191573024, 6.10749197], [-1.192973971, 6.121732235], [-1.189744949, 6.127176762], [-1.184676051, 6.134486198], [-1.183280945, 6.136872768], [-1.180874944, 6.142756939], [-1.177484989, 6.148446083], [-1.176553011, 6.150402069], [-1.175866961, 6.152946949], [-1.175402045, 6.158376217], [-1.175587058, 6.163920879], [-1.175958037, 6.166637897], [-1.176676035, 6.169242859], [-1.180881023, 6.1773839], [-1.181460023, 6.179552078], [-1.181818008, 6.184228897], [-1.181612968, 6.187415123], [-1.181017995, 6.191410065], [-1.17187202, 6.203931808], [-1.167510033, 6.20932579], [-1.16367197, 6.212947845], [-1.155303001, 6.217868805], [-1.153591037, 6.219345093], [-1.152202964, 6.221107006], [-1.151119947, 6.223092079], [-1.150341034, 6.2252388], [-1.149785042, 6.228318214], [-1.149371982, 6.241261959], [-1.149055958, 6.244394779], [-1.148332953, 6.247363091], [-1.14448595, 6.25500679], [-1.14368403, 6.25793314], [-1.142671943, 6.264037132], [-1.141857982, 6.266963005], [-1.137724042, 6.274487019], [-1.135472059, 6.280079842], [-1.13261199, 6.285052776], [-1.131376028, 6.287617207], [-1.130635977, 6.290571213], [-1.129587054, 6.303178787], [-1.128855944, 6.306137085], [-1.125020027, 6.313780785], [-1.124223948, 6.316711903], [-1.123234987, 6.322826862], [-1.122437, 6.32575798], [-1.118350983, 6.333300114], [-1.116026044, 6.338862896], [-1.114475965, 6.341300011], [-1.106786966, 6.350433826], [-1.105240941, 6.352872849], [-1.102923989, 6.358442783], [-1.098629951, 6.365898132], [-1.09642303, 6.371511936], [-1.092129946, 6.378966808], [-1.089913964, 6.384575844], [-1.085613966, 6.392028809], [-1.083397985, 6.397637844], [-1.079108953, 6.405099869], [-1.076912045, 6.410717964], [-1.072651982, 6.418194771], [-1.070374966, 6.423790932], [-1.06901896, 6.426008224], [-1.065582037, 6.430144787], [-1.061741948, 6.434099197], [-1.057749033, 6.43790102], [-1.053575993, 6.441300869], [-1.05134201, 6.442653179], [-1.045737982, 6.445012093], [-1.043105006, 6.446663857], [-1.04062295, 6.448668003], [-1.030995965, 6.457551956], [-1.028421044, 6.459538937], [-1.024297953, 6.461936951], [-1.017318964, 6.465272903], [-1.011361957, 6.468969822], [-1.007789969, 6.471887112], [-1.004884005, 6.475451946], [-1.002395034, 6.479475021], [-1.000321031, 6.483348846], [-0.99812901, 6.489041805], [-0.995730996, 6.492680073], [-0.992079973, 6.496624947], [-0.987980008, 6.50005722], [-0.985746026, 6.501410961], [-0.980100989, 6.503746986], [-0.977849007, 6.505090237], [-0.973636985, 6.508502007], [-0.969582975, 6.512366772], [-0.965610027, 6.516479015], [-0.961893022, 6.520917892], [-0.960319996, 6.523365974], [-0.956453025, 6.530934811], [-0.954055011, 6.534214973], [-0.939943016, 6.56101799], [-0.93482101, 6.56887579], [-0.93186301, 6.572441101], [-0.928270996, 6.575365067], [-0.922297001, 6.579092979], [-0.913033009, 6.583433151], [-0.906831026, 6.586693764], [-0.900924027, 6.589290142], [-0.897288978, 6.591934204], [-0.891430974, 6.597264767], [-0.898720026, 6.61891222], [-0.902323008, 6.632627964], [-0.906500995, 6.640240192], [-0.908878028, 6.645825863], [-0.910023987, 6.647667885], [-0.913423002, 6.651608944], [-0.918048978, 6.655515194], [-0.922190011, 6.657928944], [-0.927204013, 6.660257816], [-0.934826016, 6.664800167], [-0.93967402, 6.667239189], [-0.943368018, 6.669939995], [-0.946137011, 6.673565865], [-0.948648989, 6.678328991], [-0.953190982, 6.685795784], [-0.955501974, 6.691415787], [-0.95965302, 6.699007988], [-0.960449994, 6.701982021], [-0.96085602, 6.705135822], [-0.962940991, 6.737140179], [-0.950893998, 6.743402958], [-0.941119015, 6.749478817], [-0.935338974, 6.751850128], [-0.927776992, 6.756206989], [-0.922136009, 6.758491039], [-0.914520979, 6.762534142], [-0.911541998, 6.763281822], [-0.908394992, 6.763632774], [-0.891999006, 6.763825893], [-0.885631025, 6.764350891], [-0.882659018, 6.765111923], [-0.874951005, 6.768927097], [-0.871978998, 6.769688129], [-0.86560899, 6.770209789], [-0.849214971, 6.770405769], [-0.846069992, 6.770757198], [-0.843092978, 6.771506786], [-0.835483015, 6.775547981], [-0.829859972, 6.77782917], [-0.822363973, 6.782129765], [-0.816731989, 6.784401894], [-0.809222996, 6.788839817], [-0.802217007, 6.792369843], [-0.798013985, 6.795259953], [-0.791643977, 6.800247192], [-0.789403021, 6.801593781], [-0.783810019, 6.804009914], [-0.781585991, 6.805373192], [-0.777486026, 6.808797836], [-0.773819029, 6.812729836], [-0.772494018, 6.81448698], [-0.771377981, 6.816338062], [-0.769055009, 6.821935177], [-0.764788985, 6.829494953], [-0.762528002, 6.835234165], [-0.758149981, 6.843241215], [-0.752902985, 6.859100819], [-0.735881984, 6.882141113], [-0.73161602, 6.88705492], [-0.722738981, 6.896347046], [-0.720782995, 6.898756027], [-0.719169974, 6.901303768], [-0.716791987, 6.906847], [-0.715263009, 6.909292221], [-0.70768702, 6.918472767], [-0.706157982, 6.920917988], [-0.703769028, 6.926455975], [-0.702225983, 6.928894997], [-0.700362027, 6.931203842], [-0.691913009, 6.940025806], [-0.688006997, 6.944571018], [-0.686464012, 6.94701004], [-0.684074998, 6.952548027], [-0.68254602, 6.954992771], [-0.674965978, 6.964173794], [-0.673439026, 6.966619015], [-0.671050012, 6.972157955], [-0.669505, 6.974598885], [-0.665601015, 6.979141235], [-0.657149971, 6.987966061], [-0.655285001, 6.990273952], [-0.653742015, 6.992712975], [-0.651354015, 6.998250961], [-0.649824977, 7.000697136], [-0.642248988, 7.009880066], [-0.640718997, 7.01232481], [-0.638338029, 7.017868042], [-0.636798978, 7.020310879], [-0.632906973, 7.024868965], [-0.624471009, 7.033767223], [-0.622573018, 7.036098957], [-0.62094599, 7.038556099], [-0.618454993, 7.043344021], [-0.617208004, 7.045262814], [-0.615740001, 7.046967983], [-0.613982975, 7.048360825], [-0.611998022, 7.049455166], [-0.609844029, 7.050251961], [-0.606751025, 7.050836086], [-0.603525996, 7.051076889], [-0.557247996, 7.050874233], [-0.547455013, 7.051093102], [-0.544317007, 7.051466942], [-0.54135102, 7.052244186], [-0.533693016, 7.056172848], [-0.530727983, 7.056951046], [-0.527589977, 7.057326794], [-0.51779902, 7.057545185], [-0.468264014, 7.057291985], [-0.461742997, 7.057598114], [-0.458600014, 7.058148861], [-0.456357986, 7.058886051], [-0.452165991, 7.061087132], [-0.44975701, 7.062914848], [-0.445248991, 7.06708622], [-0.423435986, 7.089011192], [-0.418725014, 7.092844963], [-0.416682988, 7.094052792], [-0.412315995, 7.095839024], [-0.406158, 7.097147942], [-0.403201997, 7.097986221], [-0.395498008, 7.101821899], [-0.392511994, 7.102553844], [-0.379790008, 7.103627205], [-0.376809001, 7.10436821], [-0.369206011, 7.108428955], [-0.363563001, 7.110668182], [-0.356058002, 7.114973068], [-0.350392014, 7.117189884], [-0.336165011, 7.125316143], [-0.33444199, 7.126780987], [-0.332987994, 7.128512859], [-0.331746012, 7.130432129], [-0.329257011, 7.135192871], [-0.327582002, 7.137698174], [-0.323529989, 7.14238596], [-0.287728995, 7.17829895], [-0.28321901, 7.182465076], [-0.280804992, 7.184295177], [-0.276607007, 7.186505795], [-0.274356991, 7.187249184], [-0.271198988, 7.187807083], [-0.267933011, 7.188044071], [-0.250768006, 7.188416004], [-0.244366005, 7.189186096], [-0.234396994, 7.190869808], [-0.215957001, 7.188501835], [-0.204825997, 7.187932968], [-0.143493952, 7.187917361], [-0.032427002, 7.187889099], [-0.021544, 7.187629223], [-0.01805, 7.18722105], [-0.014732, 7.186385155], [-0.00694, 7.182674885], [-0.003726, 7.181859016], [0.003136, 7.181276798], [0.024455, 7.181321144], [0.031475, 7.181119919], [0.034867, 7.180737019], [0.038082, 7.179927826], [0.045768, 7.175955772], [0.05139, 7.173598766], [0.058940999, 7.169295788], [0.064571001, 7.166954994], [0.072254002, 7.162937164], [0.084280998, 7.159993172], [0.092083998, 7.156278133], [0.095043004, 7.155584812], [0.098100998, 7.155371189], [0.101158001, 7.155572891], [0.104098, 7.156266212], [0.111741997, 7.160233974], [0.117357999, 7.162607193], [0.124876, 7.166919231], [0.130478993, 7.169280052], [0.137992993, 7.173573971], [0.143597007, 7.175928116], [0.151254997, 7.179927826], [0.154231995, 7.180709839], [0.157370001, 7.181110859], [0.163854003, 7.181332111], [0.170344993, 7.181058884], [0.173494995, 7.18063879], [0.176496997, 7.179848194], [0.184394002, 7.176054001], [0.187710002, 7.175188065], [0.191245005, 7.174743176], [0.198772997, 7.174424171], [0.217504993, 7.174184799], [0.222852007, 7.14837122], [0.223361999, 7.1432271], [0.223508, 7.130049229], [0.223261997, 7.121881008], [0.221092001, 7.106291771], [0.217204005, 7.095878124], [0.214469001, 7.089635849], [0.212871999, 7.086806774], [0.206392005, 7.078359127], [0.205081999, 7.076211929], [0.202731997, 7.070615768], [0.199845999, 7.065639019], [0.198599994, 7.06306982], [0.197844997, 7.060112], [0.197496995, 7.05698204], [0.197355002, 7.043957233], [0.197622001, 7.03748703], [0.198018, 7.034364223], [0.198820993, 7.031413078], [0.200111002, 7.028851032], [0.203078002, 7.023889065], [0.205441996, 7.018311977], [0.208405003, 7.013354778], [0.209687993, 7.010794163], [0.210483, 7.007843971], [0.211036995, 7.001520157], [0.211182997, 6.975347996], [0.210705996, 6.969018936], [0.209953994, 6.966067791], [0.205850005, 6.958530903], [0.203611001, 6.952930927], [0.199304, 6.94547987], [0.197004005, 6.93990612], [0.1954, 6.937370777], [0.193452999, 6.934979916], [0.186835006, 6.928122044], [0.148011997, 6.889805794], [0.143663004, 6.885206223], [0.141773999, 6.882788181], [0.140333995, 6.880189896], [0.139533997, 6.87725687], [0.138462007, 6.864638805], [0.137710005, 6.861679077], [0.133785993, 6.854015827], [0.133001998, 6.851058006], [0.132530004, 6.844748974], [0.132639006, 6.841563225], [0.133027002, 6.83845377], [0.133890003, 6.83552599], [0.135325998, 6.83301878], [0.137162998, 6.830670834], [0.143075004, 6.823820114], [0.144655004, 6.821379185], [0.147128001, 6.815841198], [0.148784995, 6.813279152], [0.150781006, 6.810855865], [0.157532007, 6.80389595], [0.173206002, 6.788646221], [0.177405998, 6.78523922], [0.179653004, 6.783889771], [0.185301006, 6.781541824], [0.187556997, 6.780195236], [0.189705998, 6.778579235], [0.197826996, 6.771053791], [0.201546997, 6.76701498], [0.203143999, 6.764883995], [0.204382002, 6.762607098], [0.205204993, 6.75966692], [0.206371993, 6.747037888], [0.207137004, 6.744074821], [0.211085007, 6.736422062], [0.211879998, 6.733460903], [0.212451994, 6.72708416], [0.212628007, 6.716991901], [0.213017002, 6.709936142], [0.214036003, 6.703168869], [0.215498999, 6.69593811], [0.194391996, 6.684791088], [0.185855001, 6.679206848], [0.180895001, 6.676814079], [0.176788002, 6.674386024], [0.168280005, 6.667719841], [0.166051, 6.666372776], [0.160457999, 6.66401577], [0.158235997, 6.66265583], [0.154090002, 6.659235001], [0.147801995, 6.653144836], [0.134071007, 6.639373779], [0.129950002, 6.634605885], [0.128326997, 6.632043839], [0.125945002, 6.626503944], [0.124404997, 6.624063015], [0.118623003, 6.617214203], [0.116830997, 6.614878178], [0.115427002, 6.612381935], [0.114556998, 6.609478951], [0.113537997, 6.603380203], [0.112737998, 6.600449085], [0.108856, 6.592824936], [0.108111002, 6.58987093], [0.107773997, 6.586749077], [0.107666999, 6.567186832], [0.107240997, 6.560685158], [0.103128999, 6.532753944], [0.106923997, 6.527172089], [0.109052002, 6.524983883], [0.111133002, 6.523546219], [0.114230998, 6.522404194], [0.117531002, 6.521851063], [0.124282002, 6.521509171], [0.144390002, 6.521658897], [0.150948003, 6.521496773], [0.154079005, 6.521102905], [0.156966999, 6.520218849], [0.158768997, 6.519137859], [0.160368994, 6.517727852], [0.163160995, 6.514049053], [0.165441006, 6.510101795], [0.166307002, 6.508090973], [0.167026997, 6.505060196], [0.168114007, 6.492321968], [0.168856993, 6.489347935], [0.172679007, 6.481650829], [0.173497006, 6.478713036], [0.174594, 6.472617149], [0.175501004, 6.469717979], [0.177082002, 6.466999054], [0.179114997, 6.464466095], [0.193469003, 6.450162888], [0.197861001, 6.445230961], [0.199597999, 6.442573071], [0.202006996, 6.437005043], [0.206423998, 6.429526806], [0.208766997, 6.423921108], [0.211591005, 6.418963909], [0.212692007, 6.416459084], [0.213101998, 6.413660049], [0.212714002, 6.410859108], [0.209053993, 6.403307915], [0.208213001, 6.400382042], [0.207117006, 6.394282818], [0.206285, 6.391352177], [0.202324003, 6.383708], [0.200445995, 6.376635075], [0.198575005, 6.370690823], [0.188327998, 6.344830036], [0.188219994, 6.336380959], [0.190560997, 6.314032078], [0.184138998, 6.308403015], [0.178581998, 6.303135872], [0.175389007, 6.299552917], [0.169578999, 6.292004108], [0.166431993, 6.288855076], [0.164645001, 6.287734985], [0.161844, 6.28668499], [0.155993998, 6.284965992], [0.148369998, 6.280764103], [0.141360998, 6.277239799], [0.136956006, 6.274085999], [0.127853006, 6.265869141], [0.125455007, 6.264005184], [0.121377997, 6.261544228], [0.108758003, 6.255043983], [0.105765998, 6.254248142], [0.099491, 6.25326395], [0.096453004, 6.252492905], [0.094435997, 6.251638889], [0.088685997, 6.248150826], [0.087098002, 6.246747017], [0.085957997, 6.245247841], [0.085317999, 6.243593216], [0.085291997, 6.241696835], [0.085757002, 6.239706993], [0.088175997, 6.233717918], [0.088930003, 6.230704784], [0.090448, 6.218052864], [0.091273002, 6.215093136], [0.095201999, 6.207385063], [0.096006997, 6.204431057], [0.096533, 6.198163033], [0.096083999, 6.191891193], [0.095314004, 6.188934803], [0.091435, 6.181220055], [0.090631999, 6.178238869], [0.090033002, 6.171786785], [0.089725003, 6.157585144], [0.089102998, 6.145460129], [0.066344, 6.142255783], [0.064359002, 6.141635895], [0.062430002, 6.140610218], [0.058770001, 6.13815403], [0.056848999, 6.137145996], [0.054880001, 6.136550903], [0.050631002, 6.135981083], [0.026412999, 6.133966923], [0.016272999, 6.135440826], [0.008985, 6.136082172], [-0.035493001, 6.136435032], [-0.031417999, 6.114439011], [-0.029510001, 6.10671711], [-0.027395001, 6.091487885], [-0.026458001, 6.087912083], [-0.023017, 6.08000803], [-0.0221, 6.076358795], [-0.021606, 6.072529793], [-0.021237001, 6.064600945], [-0.021516999, 6.052494049], [-0.022027001, 6.048501015], [-0.023057999, 6.044624805], [-0.024373, 6.041761875], [-0.029820001, 6.032159805], [-0.033803999, 6.0235219], [-0.030091001, 6.009086132], [-0.027942, 6.002647877], [-0.026590001, 5.999719143], [-0.023457, 5.994578838], [-0.022301, 5.992033958], [-0.0219, 5.989221096], [-0.022372, 5.986437798], [-0.023627, 5.983994961], [-0.025373001, 5.981675148], [-0.03121, 5.974825859], [-0.032791998, 5.972386837], [-0.035296999, 5.966874123], [-0.036865, 5.964436054], [-0.044541001, 5.955283165], [-0.046096999, 5.952847958], [-0.048470002, 5.947302818], [-0.051307999, 5.942320824], [-0.052526999, 5.939745903], [-0.053261001, 5.936787128], [-0.053587001, 5.933662891], [-0.053624999, 5.917362213], [-0.054051999, 5.910994053], [-0.05477, 5.908009052], [-0.058591999, 5.900296211], [-0.060290001, 5.894556999], [-0.061386, 5.891967773], [-0.062588997, 5.890470982], [-0.064145997, 5.889342785], [-0.06684, 5.888431072], [-0.069889002, 5.888041019], [-0.083058, 5.887948036], [-0.089504004, 5.887535095], [-0.092505001, 5.886807919], [-0.095108002, 5.885583878], [-0.100111, 5.882629871], [-0.104319997, 5.880540848], [-0.106876999, 5.87881279], [-0.111749999, 5.874512196], [-0.127232, 5.85885191], [-0.131896152, 5.844619622], [-0.136581004, 5.830324173], [-0.140120998, 5.81675005], [-0.144024998, 5.809082985], [-0.144842997, 5.806139946], [-0.146388993, 5.796815872], [-0.147492006, 5.793024063], [-0.148779005, 5.785963058], [-0.150255993, 5.769649029], [-0.164995, 5.765116215], [-0.17148, 5.762513161], [-0.176910996, 5.759811878], [-0.181490004, 5.758178234], [-0.184685007, 5.757610798], [-0.187943995, 5.757343769], [-0.197740003, 5.757441998], [-0.200890005, 5.75783205], [-0.203875005, 5.758619785], [-0.211530998, 5.762732029], [-0.217171997, 5.765069962], [-0.224703997, 5.769457817], [-0.230350003, 5.77180481], [-0.238022998, 5.775939941], [-0.241014004, 5.776728153], [-0.244160995, 5.777103901], [-0.250595003, 5.777132034], [-0.25374499, 5.776778221], [-0.256736994, 5.776006222], [-0.259344995, 5.77475214], [-0.269125015, 5.769217968], [-0.271025002, 5.767932892], [-0.272735, 5.766439915], [-0.274186999, 5.76469183], [-0.277958006, 5.757996082], [-0.280510992, 5.754378796], [-0.282288998, 5.752347946], [-0.286172003, 5.748597145], [-0.290466011, 5.745570183], [-0.296038985, 5.743120193], [-0.298278987, 5.741765976], [-0.306919008, 5.735134125], [-0.311206996, 5.732792854], [-0.313513011, 5.731879234], [-0.336784989, 5.725319862], [-0.347992003, 5.728861809], [-0.355210006, 5.73049593], [-0.358716995, 5.730885983], [-0.37558499, 5.731669903], [-0.378746003, 5.732275963], [-0.382104009, 5.733498096], [-0.385248989, 5.735218048], [-0.387890011, 5.737145901], [-0.400211006, 5.747964859], [-0.405048013, 5.751190186], [-0.407011986, 5.752809048], [-0.408232003, 5.755031109], [-0.408921987, 5.757710934], [-0.409265995, 5.762075901], [-0.408803999, 5.769270897], [-0.406031996, 5.793671131], [-0.422798008, 5.791034222], [-0.431513011, 5.78934288], [-0.436066985, 5.787749767]], [[-0.495292008, 6.077761173], [-0.467121989, 6.077638149], [-0.484254007, 6.077712968], [-0.495292008, 6.077761173]]]}}, {"type": "Feature", "properties": {"region": "Volta", "constituency_count": 18, "winner_party": "NDC", "winner_votes": 584234, "winner_pct": 90.11, "total_valid_votes": 648354, "party_votes": {"NPP": 56699, "GCPP": 366, "GFP": 0, "GUM": 372, "LPG": 370, "NDP": 929, "CPP": 1586, "NDC": 584234, "APC": 929, "IND": 2869}}, "geometry": {"type": "Polygon", "coordinates": [[[0.432769001, 5.998840809], [0.414983004, 5.998857021], [0.407974988, 5.998612881], [0.404590011, 5.998217106], [0.401380986, 5.997405052], [0.393637002, 5.993671894], [0.390662014, 5.992918015], [0.387526006, 5.992539883], [0.374550998, 5.992052078], [0.371407986, 5.991692066], [0.368427008, 5.990949154], [0.360776007, 5.986997128], [0.355143994, 5.984696865], [0.347586989, 5.980257034], [0.340521008, 5.976661205], [0.336057007, 5.973426819], [0.333775014, 5.971286774], [0.330182999, 5.967094898], [0.328898013, 5.965109825], [0.325836986, 5.959149837], [0.324640006, 5.957486153], [0.323309004, 5.956040859], [0.321337998, 5.954442024], [0.320179999, 5.953913212], [0.316376001, 5.955355167], [0.313694, 5.95685482], [0.311587989, 5.958798885], [0.310593992, 5.960793018], [0.310250014, 5.962984085], [0.310478002, 5.965209961], [0.311414987, 5.967814922], [0.313818991, 5.973031998], [0.314628005, 5.976016045], [0.315777004, 5.982153893], [0.316637993, 5.985088825], [0.320428997, 5.992807865], [0.321245015, 5.996077061], [0.321801007, 6.003065109], [0.321727991, 6.021073818], [0.321420014, 6.024590969], [0.320731997, 6.027966022], [0.319914013, 6.030110836], [0.318812996, 6.03211689], [0.317438006, 6.033939838], [0.315788001, 6.035551071], [0.304780006, 6.044140816], [0.298768014, 6.048295975], [0.294041008, 6.052255154], [0.265289009, 6.080639839], [0.260708004, 6.084775925], [0.258264989, 6.086585999], [0.254049003, 6.088785172], [0.251798987, 6.089537144], [0.248653993, 6.090134144], [0.238830999, 6.090577126], [0.229019001, 6.090254784], [0.225878999, 6.089839935], [0.222903997, 6.089045048], [0.215280995, 6.08496809], [0.209678993, 6.082588196], [0.204648003, 6.079739094], [0.20205, 6.078504086], [0.199074, 6.07770586], [0.192706004, 6.077105045], [0.186174005, 6.077095032], [0.179794997, 6.077676773], [0.176804006, 6.078457832], [0.169104993, 6.08246994], [0.163478002, 6.084831238], [0.160962, 6.086270809], [0.153413996, 6.091084957], [0.140194997, 6.100617886], [0.125483006, 6.113647938], [0.122997999, 6.115366936], [0.118346997, 6.11805582], [0.114951, 6.121551991], [0.110262997, 6.124285221], [0.106112003, 6.127390862], [0.099200003, 6.134263039], [0.089102998, 6.145460129], [0.089725003, 6.157585144], [0.090033002, 6.171786785], [0.090631999, 6.178238869], [0.091435, 6.181220055], [0.095314004, 6.188934803], [0.096083999, 6.191891193], [0.096533, 6.198163033], [0.096006997, 6.204431057], [0.095201999, 6.207385063], [0.091273002, 6.215093136], [0.090448, 6.218052864], [0.088930003, 6.230704784], [0.088175997, 6.233717918], [0.085757002, 6.239706993], [0.085291997, 6.241696835], [0.085317999, 6.243593216], [0.085957997, 6.245247841], [0.087098002, 6.246747017], [0.088685997, 6.248150826], [0.094435997, 6.251638889], [0.096453004, 6.252492905], [0.099491, 6.25326395], [0.105765998, 6.254248142], [0.108758003, 6.255043983], [0.121377997, 6.261544228], [0.125455007, 6.264005184], [0.127853006, 6.265869141], [0.136956006, 6.274085999], [0.141360998, 6.277239799], [0.148369998, 6.280764103], [0.155993998, 6.284965992], [0.161844, 6.28668499], [0.164645001, 6.287734985], [0.166431993, 6.288855076], [0.169578999, 6.292004108], [0.175389007, 6.299552917], [0.178581998, 6.303135872], [0.184138998, 6.308403015], [0.190560997, 6.314032078], [0.188219994, 6.336380959], [0.188327998, 6.344830036], [0.198575005, 6.370690823], [0.200445995, 6.376635075], [0.202324003, 6.383708], [0.206285, 6.391352177], [0.207117006, 6.394282818], [0.208213001, 6.400382042], [0.209053993, 6.403307915], [0.212714002, 6.410859108], [0.213101998, 6.413660049], [0.212692007, 6.416459084], [0.211591005, 6.418963909], [0.208766997, 6.423921108], [0.206423998, 6.429526806], [0.202006996, 6.437005043], [0.199597999, 6.442573071], [0.197861001, 6.445230961], [0.193469003, 6.450162888], [0.179114997, 6.464466095], [0.177082002, 6.466999054], [0.175501004, 6.469717979], [0.174594, 6.472617149], [0.173497006, 6.478713036], [0.172679007, 6.481650829], [0.168856993, 6.489347935], [0.168114007, 6.492321968], [0.167026997, 6.505060196], [0.166307002, 6.508090973], [0.165441006, 6.510101795], [0.163160995, 6.514049053], [0.160368994, 6.517727852], [0.158768997, 6.519137859], [0.156966999, 6.520218849], [0.154079005, 6.521102905], [0.150948003, 6.521496773], [0.144390002, 6.521658897], [0.124282002, 6.521509171], [0.117531002, 6.521851063], [0.114230998, 6.522404194], [0.111133002, 6.523546219], [0.109052002, 6.524983883], [0.106923997, 6.527172089], [0.103128999, 6.532753944], [0.107240997, 6.560685158], [0.107666999, 6.567186832], [0.107773997, 6.586749077], [0.108111002, 6.58987093], [0.108856, 6.592824936], [0.112737998, 6.600449085], [0.113537997, 6.603380203], [0.114556998, 6.609478951], [0.115427002, 6.612381935], [0.116830997, 6.614878178], [0.118623003, 6.617214203], [0.124404997, 6.624063015], [0.125945002, 6.626503944], [0.128326997, 6.632043839], [0.129950002, 6.634605885], [0.134071007, 6.639373779], [0.147801995, 6.653144836], [0.154090002, 6.659235001], [0.158235997, 6.66265583], [0.160457999, 6.66401577], [0.166051, 6.666372776], [0.168280005, 6.667719841], [0.176788002, 6.674386024], [0.180895001, 6.676814079], [0.185855001, 6.679206848], [0.194391996, 6.684791088], [0.215498999, 6.69593811], [0.214036003, 6.703168869], [0.213017002, 6.709936142], [0.212628007, 6.716991901], [0.212451994, 6.72708416], [0.211879998, 6.733460903], [0.211085007, 6.736422062], [0.207137004, 6.744074821], [0.206371993, 6.747037888], [0.205204993, 6.75966692], [0.204382002, 6.762607098], [0.203143999, 6.764883995], [0.201546997, 6.76701498], [0.197826996, 6.771053791], [0.189705998, 6.778579235], [0.187556997, 6.780195236], [0.185301006, 6.781541824], [0.179653004, 6.783889771], [0.177405998, 6.78523922], [0.173206002, 6.788646221], [0.157532007, 6.80389595], [0.150781006, 6.810855865], [0.148784995, 6.813279152], [0.147128001, 6.815841198], [0.144655004, 6.821379185], [0.143075004, 6.823820114], [0.137162998, 6.830670834], [0.135325998, 6.83301878], [0.133890003, 6.83552599], [0.133027002, 6.83845377], [0.132639006, 6.841563225], [0.132530004, 6.844748974], [0.133001998, 6.851058006], [0.133785993, 6.854015827], [0.137710005, 6.861679077], [0.138462007, 6.864638805], [0.139533997, 6.87725687], [0.140333995, 6.880189896], [0.141773999, 6.882788181], [0.143663004, 6.885206223], [0.148011997, 6.889805794], [0.186835006, 6.928122044], [0.193452999, 6.934979916], [0.1954, 6.937370777], [0.197004005, 6.93990612], [0.199304, 6.94547987], [0.203611001, 6.952930927], [0.205850005, 6.958530903], [0.209953994, 6.966067791], [0.210705996, 6.969018936], [0.211182997, 6.975347996], [0.211036995, 7.001520157], [0.210483, 7.007843971], [0.209687993, 7.010794163], [0.208405003, 7.013354778], [0.205441996, 7.018311977], [0.203078002, 7.023889065], [0.200111002, 7.028851032], [0.198820993, 7.031413078], [0.198018, 7.034364223], [0.197622001, 7.03748703], [0.197355002, 7.043957233], [0.197496995, 7.05698204], [0.197844997, 7.060112], [0.198599994, 7.06306982], [0.199845999, 7.065639019], [0.202731997, 7.070615768], [0.205081999, 7.076211929], [0.206392005, 7.078359127], [0.212871999, 7.086806774], [0.214469001, 7.089635849], [0.217204005, 7.095878124], [0.221092001, 7.106291771], [0.238562003, 7.097731113], [0.242642, 7.095499992], [0.247840002, 7.092247963], [0.25049299, 7.090967178], [0.253515005, 7.090194225], [0.256687999, 7.089834213], [0.269726992, 7.089400768], [0.272877008, 7.089041233], [0.275869012, 7.088297844], [0.283641011, 7.084503174], [0.28659901, 7.083654881], [0.292769015, 7.082527161], [0.295762002, 7.081693172], [0.303748012, 7.077858925], [0.306894988, 7.077123165], [0.310270011, 7.076862812], [0.313802987, 7.076985836], [0.317405999, 7.077513218], [0.320470005, 7.078327179], [0.326626003, 7.080686092], [0.343998998, 7.087080956], [0.354900986, 7.090717793], [0.362617999, 7.094813824], [0.365581006, 7.095621109], [0.371751994, 7.096628189], [0.374706, 7.097430229], [0.382393986, 7.101284027], [0.385351986, 7.1020751], [0.39151901, 7.103066921], [0.394475013, 7.103870869], [0.39705801, 7.105128765], [0.402074009, 7.108091831], [0.407014996, 7.110435009], [0.41110599, 7.11287117], [0.415793985, 7.116762161], [0.438506007, 7.139243126], [0.442858994, 7.143843174], [0.44480601, 7.146235943], [0.446406007, 7.148769855], [0.448700994, 7.154346943], [0.453000993, 7.161801815], [0.455220997, 7.167408943], [0.459282994, 7.174960136], [0.460020989, 7.17791605], [0.461088002, 7.190515041], [0.461833, 7.193466187], [0.465687007, 7.201104164], [0.466428012, 7.204060078], [0.46676299, 7.207180023], [0.46677645344499097, 7.2077281909], [0.6332817518110909, 7.2077281909], [0.632098019, 7.200548172], [0.631765008, 7.199615002], [0.621964991, 7.172049046], [0.606537998, 7.149755001], [0.599048018, 7.132309914], [0.598939002, 7.13205719], [0.599169016, 7.122172832], [0.602392018, 7.112515926], [0.612057984, 7.09757185], [0.614359975, 7.091365814], [0.612187982, 7.085460186], [0.610216022, 7.080101967], [0.597323, 7.065853119], [0.595481992, 7.058034897], [0.599852979, 7.026539803], [0.599623024, 7.013436794], [0.595246971, 7.006309986], [0.58534801, 7.000796795], [0.557285011, 6.999587059], [0.556703985, 6.999031067], [0.539086998, 6.982183933], [0.522973001, 6.974137783], [0.520440996, 6.968848228], [0.516300023, 6.966550827], [0.515574992, 6.958284855], [0.514688015, 6.948157787], [0.521282017, 6.943552017], [0.526273012, 6.940066814], [0.542312026, 6.936418056], [0.547832012, 6.932289124], [0.555195987, 6.922862053], [0.557048023, 6.917596817], [0.558188021, 6.914353848], [0.557727993, 6.901707172], [0.55082202, 6.884925842], [0.54460901, 6.87319994], [0.53885603, 6.869750977], [0.53471297, 6.862625122], [0.528039992, 6.843080997], [0.530341983, 6.825837135], [0.536553979, 6.825835228], [0.539086998, 6.827213764], [0.544378996, 6.826065063], [0.547600985, 6.82790184], [0.554892004, 6.825408936], [0.556343973, 6.824912071], [0.568542004, 6.813182831], [0.571515977, 6.81136179], [0.58395803, 6.803751945], [0.58533901, 6.798464775], [0.583267987, 6.795935154], [0.572223008, 6.803294182], [0.569000006, 6.803294182], [0.566470027, 6.800076008], [0.570380986, 6.791567802], [0.567067981, 6.78621006], [0.569899976, 6.783668995], [0.571753025, 6.77815485], [0.571076989, 6.771026134], [0.572467029, 6.765277863], [0.576386988, 6.76160717], [0.588580012, 6.763008118], [0.597272992, 6.760213852], [0.607235014, 6.753380775], [0.62034899, 6.754785061], [0.623571992, 6.753870964], [0.628872991, 6.748820782], [0.639688015, 6.748149872], [0.644984007, 6.745858192], [0.64637202, 6.741950989], [0.641337991, 6.726765156], [0.645045996, 6.711825848], [0.64161402, 6.701931953], [0.643702984, 6.69204998], [0.639361978, 6.674794197], [0.639373004, 6.669045925], [0.635266006, 6.650412083], [0.636205018, 6.640526772], [0.63755703, 6.632187843], [0.643536985, 6.628048897], [0.645034015, 6.62405777], [0.646296978, 6.620687962], [0.651818991, 6.614246845], [0.653198004, 6.609878063], [0.658028007, 6.606657028], [0.671602011, 6.611251831], [0.67988503, 6.607338905], [0.686784029, 6.596986771], [0.688854992, 6.591466904], [0.681030989, 6.584340096], [0.69115299, 6.579048157], [0.701273978, 6.580193996], [0.714923978, 6.584150791], [0.715539992, 6.584329128], [0.727272987, 6.585241795], [0.737164021, 6.577189922], [0.740152001, 6.570289135], [0.740149975, 6.560170174], [0.738538027, 6.553040981], [0.729103029, 6.543153763], [0.723833025, 6.53613615], [0.723272979, 6.535388947], [0.717366993, 6.527521133], [0.718085672, 6.518877082], [0.71874398, 6.510959148], [0.723113, 6.497848988], [0.724720001, 6.487496853], [0.726360977, 6.486020088], [0.727020025, 6.485424995], [0.728168011, 6.478754044], [0.741044998, 6.462880135], [0.749091029, 6.441485882], [0.756910026, 6.432510853], [0.762430012, 6.431356907], [0.776636004, 6.422235966], [0.782804012, 6.416022778], [0.786294997, 6.404518127], [0.789175987, 6.399952888], [0.789372027, 6.399642944], [0.796463013, 6.39753294], [0.803532004, 6.396670818], [0.826821029, 6.393836021], [0.844299018, 6.386467934], [0.86591202, 6.370354176], [0.870034993, 6.365510941], [0.883153975, 6.350101948], [0.900937974, 6.325373173], [0.903838992, 6.321333885], [0.958576977, 6.324291229], [0.996294975, 6.32357502], [0.996469975, 6.323078156], [1.005900979, 6.29628706], [1.014785051, 6.271042824], [1.021931052, 6.251544952], [1.027166009, 6.241888046], [1.032423973, 6.237738132], [1.040434957, 6.233693123], [1.051306009, 6.228143215], [1.057471037, 6.221924782], [1.066128016, 6.207894802], [1.081755996, 6.180421829], [1.08187604, 6.179889202], [1.083102942, 6.174562931], [1.085880995, 6.162474155], [1.087298036, 6.161487103], [1.091168046, 6.158789158], [1.102303982, 6.157448769], [1.106572986, 6.156936169], [1.117570043, 6.15719986], [1.124968052, 6.157380104], [1.145889997, 6.154602051], [1.150949955, 6.15643692], [1.165897012, 6.156652927], [1.171182036, 6.154808998], [1.19164896, 6.155018806], [1.191766977, 6.109581947], [1.191769958, 6.109305859], [1.191249967, 6.109305859], [1.191249967, 6.109027863], [1.190693974, 6.109027863], [1.190693974, 6.108749866], [1.190140009, 6.108749866], [1.190137982, 6.10847187], [1.189028025, 6.10847187], [1.189028025, 6.108193874], [1.188472033, 6.108193874], [1.188472033, 6.107915878], [1.187917948, 6.107915878], [1.187917948, 6.107637882], [1.18708396, 6.107637882], [1.18708396, 6.107361794], [1.186527014, 6.107361794], [1.186527014, 6.107083797], [1.185971022, 6.107083797], [1.185971022, 6.106805801], [1.18541801, 6.106805801], [1.18541801, 6.106527805], [1.184304953, 6.106527805], [1.184304953, 6.106249809], [1.183472991, 6.106249809], [1.183470964, 6.105971813], [1.182639003, 6.105971813], [1.182639003, 6.105693817], [1.182083011, 6.105693817], [1.182083011, 6.105415821], [1.181527019, 6.105415821], [1.181527019, 6.105137825], [1.180973053, 6.105137825], [1.180973053, 6.104862213], [1.180416942, 6.104862213], [1.180416942, 6.104584217], [1.17986095, 6.104584217], [1.17986095, 6.104306221], [1.179582953, 6.104306221], [1.179582953, 6.104028225], [1.179026961, 6.104028225], [1.179026961, 6.103750229], [1.178195, 6.103750229], [1.178195, 6.103472233], [1.177361012, 6.103472233], [1.177361012, 6.103194237], [1.17652905, 6.103194237], [1.17652905, 6.102915764], [1.176251054, 6.102915764], [1.176251054, 6.102637768], [1.175694942, 6.102637768], [1.175694942, 6.102362156], [1.17513895, 6.102362156], [1.17513895, 6.10208416], [1.174582958, 6.10208416], [1.174582958, 6.101806164], [1.173473001, 6.101806164], [1.173473001, 6.101528168], [1.172359943, 6.101528168], [1.172359943, 6.101250172], [1.171807051, 6.101250172], [1.171807051, 6.100972176], [1.17097199, 6.100972176], [1.17097199, 6.10069418], [1.170415998, 6.10069418], [1.170415998, 6.100416183], [1.169860005, 6.100416183], [1.169860005, 6.100140095], [1.169028044, 6.100138187], [1.169028044, 6.099862099], [1.168472052, 6.099862099], [1.168472052, 6.099584103], [1.167916059, 6.099584103], [1.167916059, 6.099306107], [1.167637944, 6.099306107], [1.167637944, 6.099028111], [1.167083979, 6.099028111], [1.167083979, 6.098750114], [1.165693998, 6.098750114], [1.165693998, 6.098471165], [1.165138006, 6.098471165], [1.165138006, 6.09819603], [1.164584041, 6.09819603], [1.164584041, 6.097918034], [1.163750052, 6.097918034], [1.163750052, 6.097640038], [1.163472056, 6.097640038], [1.163472056, 6.097362041], [1.163193941, 6.097362041], [1.163193941, 6.097083092], [1.162915945, 6.097083092], [1.162915945, 6.096805096], [1.162639976, 6.096805096], [1.162639976, 6.0965271], [1.162083983, 6.0965271], [1.162083983, 6.096249104], [1.161249995, 6.096249104], [1.161249995, 6.095971107], [1.160693049, 6.095971107], [1.160693049, 6.095695019], [1.159862041, 6.095695019], [1.159862041, 6.095417023], [1.158748984, 6.095417023], [1.158748984, 6.095139027], [1.157917023, 6.095139027], [1.157917023, 6.094861031], [1.157639027, 6.094861031], [1.157639027, 6.094583035], [1.157361031, 6.094583035], [1.157361031, 6.094305038], [1.157083035, 6.094305038], [1.157083035, 6.094027042], [1.156527042, 6.094027042], [1.156527042, 6.093749046], [1.15597105, 6.093749046], [1.15597105, 6.093472958], [1.155694962, 6.09347105], [1.155694962, 6.093194962], [1.155416965, 6.093194962], [1.155416965, 6.092916965], [1.155138969, 6.092916965], [1.155138969, 6.092638969], [1.154860973, 6.092638969], [1.154860973, 6.092360973], [1.154026985, 6.092360973], [1.154026985, 6.092082977], [1.15347302, 6.092082977], [1.15347302, 6.092360973], [1.152083039, 6.092360973], [1.152083039, 6.092082977], [1.151527047, 6.092082977], [1.151527047, 6.091804981], [1.150694966, 6.091804981], [1.150694966, 6.091526985], [1.149860978, 6.091526985], [1.149860978, 6.091248989], [1.149304986, 6.091248989], [1.149304986, 6.0909729], [1.14875102, 6.0909729], [1.14875102, 6.090694904], [1.148195028, 6.090694904], [1.148195028, 6.090416908], [1.147639036, 6.090416908], [1.147639036, 6.090138912], [1.146806955, 6.090138912], [1.146806955, 6.089860916], [1.146250963, 6.089860916], [1.146250963, 6.08958292], [1.145972967, 6.08958292], [1.145972967, 6.089304924], [1.145416021, 6.089304924], [1.145416021, 6.089028835], [1.144582033, 6.089028835], [1.144582033, 6.088750839], [1.144027948, 6.088750839], [1.144027948, 6.088472843], [1.143471956, 6.088472843], [1.143471956, 6.088194847], [1.142915964, 6.088194847], [1.142915964, 6.087916851], [1.142637968, 6.087916851], [1.142637968, 6.087638855], [1.142359972, 6.087638855], [1.142359972, 6.087360859], [1.142084002, 6.087360859], [1.142084002, 6.087082863], [1.141806006, 6.087082863], [1.141806006, 6.086806774], [1.14152801, 6.086804867], [1.14152801, 6.086528778], [1.140972018, 6.086528778], [1.140972018, 6.086250782], [1.140416026, 6.086250782], [1.140416026, 6.085972786], [1.139861941, 6.085972786], [1.139861941, 6.08569479], [1.139305949, 6.08569479], [1.139305949, 6.085416794], [1.138749957, 6.085416794], [1.138749957, 6.085138798], [1.138193965, 6.085138798], [1.138193965, 6.084859848], [1.137915969, 6.084859848], [1.137915969, 6.084581852], [1.137639999, 6.084581852], [1.137637973, 6.084307194], [1.137084007, 6.084307194], [1.137084007, 6.084029198], [1.136528015, 6.084029198], [1.136528015, 6.083751202], [1.135972023, 6.083751202], [1.135972023, 6.083471775], [1.135416031, 6.083471775], [1.135416031, 6.083193779], [1.134861946, 6.083193779], [1.134861946, 6.082915783], [1.134305954, 6.082915783], [1.134305954, 6.082637787], [1.134027958, 6.082637787], [1.134027958, 6.082359791], [1.133471012, 6.082359791], [1.133471012, 6.082081795], [1.132918, 6.082081795], [1.132918, 6.081806183], [1.132083058, 6.081806183], [1.132083058, 6.081528187], [1.131526947, 6.081528187], [1.131526947, 6.081250191], [1.131248951, 6.081250191], [1.131248951, 6.080972195], [1.130416989, 6.080972195], [1.130416989, 6.080694199], [1.129860997, 6.080694199], [1.129860997, 6.080416203], [1.129583001, 6.080416203], [1.129583001, 6.080138206], [1.129027009, 6.080138206], [1.129027009, 6.07986021], [1.128471017, 6.07986021], [1.128471017, 6.079584122], [1.128195047, 6.079584122], [1.128195047, 6.079306126], [1.127639055, 6.079306126], [1.127639055, 6.07902813], [1.127361059, 6.07902813], [1.127361059, 6.078750134], [1.126526952, 6.078750134], [1.126526952, 6.078472137], [1.125972986, 6.078472137], [1.125972986, 6.078194141], [1.12569499, 6.078194141], [1.12569499, 6.077916145], [1.125416994, 6.077916145], [1.125416994, 6.077362061], [1.125138998, 6.077362061], [1.125138998, 6.077084064], [1.124583006, 6.077084064], [1.124583006, 6.076806068], [1.124027014, 6.076806068], [1.124027014, 6.076528072], [1.123473048, 6.076528072], [1.123473048, 6.076250076], [1.122917056, 6.076250076], [1.122917056, 6.07597208], [1.122082949, 6.07597208], [1.122082949, 6.075694084], [1.121528983, 6.075694084], [1.121528983, 6.075416088], [1.121250987, 6.075416088], [1.121250987, 6.075139999], [1.120972991, 6.075139999], [1.120972991, 6.074862003], [1.120139003, 6.074862003], [1.120139003, 6.074584007], [1.119582057, 6.074584007], [1.119582057, 6.074306011], [1.119029045, 6.074306011], [1.119029045, 6.074028015], [1.118751049, 6.074028015], [1.118751049, 6.073750019], [1.11847198, 6.073750019], [1.11847198, 6.073472023], [1.118193984, 6.073472023], [1.118193984, 6.073194027], [1.117915988, 6.073194027], [1.117915988, 6.072916031], [1.117637992, 6.072916031], [1.117637992, 6.072639942], [1.11708498, 6.072639942], [1.11708498, 6.072361946], [1.11680603, 6.072361946], [1.11680603, 6.07208395], [1.116528034, 6.07208395], [1.116528034, 6.071805954], [1.116250038, 6.071805954], [1.116250038, 6.071527958], [1.115694046, 6.071527958], [1.115694046, 6.071249008], [1.115138054, 6.071249008], [1.115138054, 6.070971012], [1.114583969, 6.070971012], [1.114581943, 6.070693016], [1.114305973, 6.070693016], [1.114305973, 6.070417881], [1.113193989, 6.07041502], [1.113193989, 6.070139885], [1.112915993, 6.070139885], [1.112915993, 6.069860935], [1.112362027, 6.069860935], [1.112362027, 6.069582939], [1.111806035, 6.069582939], [1.111806035, 6.069304943], [1.110972047, 6.069304943], [1.110972047, 6.069026947], [1.110694051, 6.069026947], [1.110694051, 6.068748951], [1.110416055, 6.068748951], [1.110416055, 6.068194866], [1.110139966, 6.068194866], [1.110139966, 6.06791687], [1.10986197, 6.06791687], [1.10986197, 6.067360878], [1.109583974, 6.067360878], [1.109583974, 6.067082882], [1.109305978, 6.067082882], [1.109305978, 6.066804886], [1.109027982, 6.066804886], [1.109027982, 6.06652689], [1.10847199, 6.06652689], [1.10847199, 6.066248894], [1.108193994, 6.066248894], [1.108193994, 6.065972805], [1.107084036, 6.065972805], [1.107084036, 6.065694809], [1.10680604, 6.065694809], [1.10680604, 6.065416813], [1.106528044, 6.065416813], [1.106528044, 6.065138817], [1.106248975, 6.065138817], [1.106248975, 6.064860821], [1.105970979, 6.064860821], [1.105970979, 6.064582825], [1.105692983, 6.064582825], [1.105692983, 6.064304829], [1.105417967, 6.064304829], [1.105417967, 6.064026833], [1.105139971, 6.064026833], [1.105139971, 6.063748837], [1.104583025, 6.063748837], [1.104583025, 6.063473225], [1.104027033, 6.063473225], [1.104027033, 6.063195229], [1.103471041, 6.063195229], [1.103471041, 6.062917233], [1.10263896, 6.062917233], [1.10263896, 6.062639236], [1.102082968, 6.062639236], [1.102082968, 6.062360764], [1.101526976, 6.062360764], [1.101526976, 6.062082767], [1.10097301, 6.062082767], [1.10097301, 6.061804771], [1.100695014, 6.061804771], [1.100695014, 6.061526775], [1.100139022, 6.061526775], [1.100139022, 6.061251163], [1.09958303, 6.061251163], [1.09958303, 6.060973167], [1.099305034, 6.060973167], [1.099305034, 6.060695171], [1.098749042, 6.060695171], [1.098749042, 6.060417175], [1.098472953, 6.060417175], [1.098472953, 6.060139179], [1.098194957, 6.060139179], [1.098194957, 6.059861183], [1.097638965, 6.059861183], [1.097638965, 6.059583187], [1.097360969, 6.059583187], [1.097360969, 6.059305191], [1.097082973, 6.059305191], [1.097082973, 6.059029102], [1.096804976, 6.059029102], [1.096804976, 6.058751106], [1.096251011, 6.058751106], [1.096251011, 6.05847311], [1.095695019, 6.05847311], [1.095695019, 6.058195114], [1.095417023, 6.058195114], [1.095417023, 6.057917118], [1.095139027, 6.057917118], [1.095139027, 6.057638168], [1.094861031, 6.057638168], [1.094861031, 6.057082176], [1.094583035, 6.057082176], [1.094583035, 6.056807041], [1.09402895, 6.056807041], [1.09402895, 6.056529045], [1.093472958, 6.056529045], [1.093472958, 6.056250095], [1.093194962, 6.056250095], [1.093194962, 6.055972099], [1.092916965, 6.055972099], [1.092916965, 6.055694103], [1.09236002, 6.055694103], [1.09236002, 6.055416107], [1.091807008, 6.055416107], [1.091807008, 6.055138111], [1.091529012, 6.055138111], [1.091529012, 6.054860115], [1.091251016, 6.054860115], [1.091251016, 6.054584026], [1.090971947, 6.054584026], [1.090971947, 6.05430603], [1.090693951, 6.05430603], [1.090693951, 6.054028034], [1.090415955, 6.054028034], [1.090415955, 6.053750038], [1.090137959, 6.053750038], [1.090137959, 6.053472042], [1.089581966, 6.053472042], [1.089581966, 6.053194046], [1.089028001, 6.053194046], [1.089028001, 6.05291605], [1.088750005, 6.05291605], [1.088750005, 6.052638054], [1.088472009, 6.052638054], [1.088472009, 6.052360058], [1.088194013, 6.052360058], [1.088194013, 6.052083969], [1.087916017, 6.052083969], [1.087916017, 6.051805973], [1.087638021, 6.051805973], [1.087638021, 6.051527977], [1.087362051, 6.051527977], [1.087362051, 6.051249981], [1.087084055, 6.051249981], [1.087084055, 6.050971985], [1.086806059, 6.050971985], [1.086806059, 6.050693989], [1.086527944, 6.050693989], [1.086527944, 6.050415993], [1.086249948, 6.050415993], [1.086249948, 6.050137997], [1.085693955, 6.050137997], [1.085693955, 6.049861908], [1.08513999, 6.049861908], [1.08513999, 6.049583912], [1.084861994, 6.049583912], [1.084859967, 6.049305916], [1.084583998, 6.049305916], [1.084583998, 6.04902792], [1.084028006, 6.04902792], [1.084028006, 6.048749924], [1.08375001, 6.048749924], [1.08375001, 6.048471928], [1.083194017, 6.048471928], [1.083194017, 6.048193932], [1.082916021, 6.048193932], [1.082916021, 6.047639847], [1.082640052, 6.047639847], [1.082640052, 6.047361851], [1.082083941, 6.047361851], [1.082083941, 6.047083855], [1.081805944, 6.047083855], [1.081805944, 6.046805859], [1.081527948, 6.046805859], [1.081527948, 6.046249866], [1.081249952, 6.046249866], [1.081249952, 6.04597187], [1.08069396, 6.04597187], [1.08069396, 6.045693874], [1.080417991, 6.045693874], [1.080417991, 6.045417786], [1.080139995, 6.045417786], [1.080139995, 6.04513979], [1.079861999, 6.04513979], [1.079861999, 6.044861794], [1.079584002, 6.044861794], [1.079584002, 6.044305801], [1.079306006, 6.044305801], [1.079306006, 6.044026852], [1.079027057, 6.044026852], [1.079027057, 6.043748856], [1.078748941, 6.043748856], [1.078748941, 6.04347086], [1.078470945, 6.04347086], [1.078470945, 6.043192863], [1.078196049, 6.043192863], [1.078192949, 6.042918205], [1.077918053, 6.042918205], [1.077918053, 6.042638779], [1.077640057, 6.042638779], [1.077640057, 6.042360783], [1.077360988, 6.042360783], [1.077360988, 6.042082787], [1.077082992, 6.042082787], [1.077082992, 6.04180479], [1.076804996, 6.04180479], [1.076804996, 6.041526794], [1.076526999, 6.041526794], [1.076526999, 6.041248798], [1.076249003, 6.041248798], [1.076249003, 6.040692806], [1.075971007, 6.040692806], [1.075971007, 6.040417194], [1.075695038, 6.040417194], [1.075695038, 6.040139198], [1.075417042, 6.040139198], [1.075417042, 6.039861202], [1.075139046, 6.039861202], [1.075139046, 6.039583206], [1.074583054, 6.039583206], [1.074583054, 6.03930521], [1.074305058, 6.03930521], [1.074305058, 6.039027214], [1.074026942, 6.039027214], [1.074026942, 6.038751125], [1.073748946, 6.038751125], [1.073748946, 6.038195133], [1.073194981, 6.038195133], [1.073194981, 6.037917137], [1.072916985, 6.037917137], [1.072916985, 6.037639141], [1.072638988, 6.037639141], [1.072638988, 6.037083149], [1.072360992, 6.037083149], [1.072360992, 6.036805153], [1.072082996, 6.036805153], [1.072082996, 6.036527157], [1.071805, 6.036527157], [1.071805, 6.036251068], [1.071527004, 6.036251068], [1.071527004, 6.035973072], [1.071251035, 6.035973072], [1.071251035, 6.035695076], [1.070973039, 6.035695076], [1.070973039, 6.03541708], [1.070695043, 6.03541708], [1.070695043, 6.035139084], [1.070417047, 6.035139084], [1.070417047, 6.034861088], [1.07013905, 6.034861088], [1.07013905, 6.034583092], [1.069861054, 6.034583092], [1.069861054, 6.034305096], [1.069583058, 6.034305096], [1.069583058, 6.0340271], [1.069304943, 6.0340271], [1.069304943, 6.033751011], [1.069026947, 6.033751011], [1.069026947, 6.033473015], [1.068750978, 6.033473015], [1.068750978, 6.033195019], [1.068472981, 6.033195019], [1.068472981, 6.032639027], [1.068194985, 6.032639027], [1.068194985, 6.032361031], [1.067916989, 6.032361031], [1.067916989, 6.031804085], [1.067638993, 6.031804085], [1.067638993, 6.03152895], [1.067360997, 6.03152895], [1.067360997, 6.030972958], [1.067083001, 6.030972958], [1.067083001, 6.030694962], [1.066804051, 6.030694962], [1.066804051, 6.030416012], [1.066529036, 6.030416012], [1.066529036, 6.02986002], [1.06625104, 6.02986002], [1.06625104, 6.029582024], [1.065695047, 6.029582024], [1.065695047, 6.029306889], [1.065415978, 6.029306889], [1.065415978, 6.029027939], [1.065137982, 6.029027939], [1.065137982, 6.028749943], [1.064859986, 6.028749943], [1.064859986, 6.028193951], [1.06458199, 6.028193951], [1.06458199, 6.027915955], [1.064306974, 6.027915955], [1.064306974, 6.027637959], [1.064028978, 6.027637959], [1.064028978, 6.027359962], [1.063750029, 6.027359962], [1.063750029, 6.027083874], [1.063472033, 6.027083874], [1.063472033, 6.026805878], [1.063194036, 6.026805878], [1.063194036, 6.026527882], [1.06291604, 6.026527882], [1.06291604, 6.025693893], [1.062638044, 6.025693893], [1.062638044, 6.025415897], [1.062360048, 6.025415897], [1.062360048, 6.025137901], [1.06208396, 6.025137901], [1.06208396, 6.024861813], [1.061805964, 6.024861813], [1.061805964, 6.024583817], [1.061527967, 6.024583817], [1.061527967, 6.023749828], [1.061249971, 6.023749828], [1.061249971, 6.023471832], [1.060971975, 6.023471832], [1.060971975, 6.023193836], [1.060693979, 6.023193836], [1.060693979, 6.022637844], [1.060415983, 6.022637844], [1.060415983, 6.022084236], [1.059306026, 6.022084236], [1.059306026, 6.021805763], [1.059028029, 6.021805763], [1.059028029, 6.021527767], [1.058750033, 6.021527767], [1.058750033, 6.020971775], [1.058472037, 6.020971775], [1.058472037, 6.020140171], [1.057638049, 6.020140171], [1.057638049, 6.019862175], [1.05736196, 6.019862175], [1.05736196, 6.019584179], [1.057083964, 6.019584179], [1.057083964, 6.019028187], [1.056805968, 6.019028187], [1.056805968, 6.018472195], [1.056527972, 6.018472195], [1.056527972, 6.018196106], [1.056249976, 6.018196106], [1.056249976, 6.01791811], [1.05597198, 6.01791811], [1.05597198, 6.017640114], [1.055693984, 6.017640114], [1.055693984, 6.017084122], [1.055418015, 6.017084122], [1.055415988, 6.016527176], [1.055140018, 6.016527176], [1.055140018, 6.01624918], [1.054862022, 6.01624918], [1.054862022, 6.015971184], [1.054584026, 6.015971184], [1.054584026, 6.015696049], [1.05430603, 6.015696049], [1.05430603, 6.015139103], [1.054028034, 6.015139103], [1.054028034, 6.014861107], [1.053750038, 6.014861107], [1.053750038, 6.014583111], [1.053472042, 6.014583111], [1.053472042, 6.014027119], [1.053192973, 6.014027119], [1.053192973, 6.013749123], [1.052914977, 6.013749123], [1.052914977, 6.013471127], [1.052639961, 6.013471127], [1.052639961, 6.013195038], [1.052361965, 6.013195038], [1.052361965, 6.012639046], [1.052083969, 6.012639046], [1.052083969, 6.012083054], [1.051805973, 6.012083054], [1.051805973, 6.011805058], [1.051527023, 6.011805058], [1.051527023, 6.011527061], [1.051249027, 6.011527061], [1.051249027, 6.011249065], [1.050696015, 6.011249065], [1.050696015, 6.010971069], [1.050418019, 6.010971069], [1.050418019, 6.010694981], [1.05013895, 6.010694981], [1.05013895, 6.010138988], [1.049860954, 6.010138988], [1.049860954, 6.009860992], [1.049582958, 6.009860992], [1.049582958, 6.009305], [1.049304962, 6.009305], [1.049304962, 6.008750916], [1.049026966, 6.008750916], [1.049026966, 6.008194923], [1.04874897, 6.008194923], [1.04874897, 6.007638931], [1.047639012, 6.007638931], [1.047639012, 6.007360935], [1.047361016, 6.007360935], [1.047361016, 6.007082939], [1.04708302, 6.007082939], [1.04708302, 6.006528854], [1.046805024, 6.006528854], [1.046805024, 6.006250858], [1.046527028, 6.006250858], [1.046527028, 6.004860878], [1.046249032, 6.004860878], [1.046249032, 6.004581928], [1.045972943, 6.004581928], [1.045972943, 6.004303932], [1.045694947, 6.004303932], [1.045694947, 6.004028797], [1.045416951, 6.004028797], [1.045416951, 6.003472805], [1.045138955, 6.003472805], [1.045138955, 6.003193855], [1.044860959, 6.003193855], [1.044860959, 6.002915859], [1.045138955, 6.002915859], [1.045138955, 6.002637863], [1.044860959, 6.002637863], [1.044860959, 6.001805782], [1.044582963, 6.001805782], [1.044582963, 6.000971794], [1.044304967, 6.000971794], [1.044304967, 6.000137806], [1.044304967, 5.999584198], [1.044026971, 5.999584198], [1.044026971, 5.999306202], [1.043751001, 5.999306202], [1.043751001, 5.99875021], [1.043473005, 5.99875021], [1.043473005, 5.998194218], [1.043195009, 5.998194218], [1.043195009, 5.997638226], [1.042917013, 5.997638226], [1.042917013, 5.997362137], [1.042639017, 5.997362137], [1.042639017, 5.997084141], [1.042361021, 5.997084141], [1.042361021, 5.997362137], [1.041805029, 5.997362137], [1.041805029, 5.996250153], [1.041529059, 5.996250153], [1.041529059, 5.99569416], [1.041250944, 5.99569416], [1.041250944, 5.995140076], [1.040972948, 5.995140076], [1.040972948, 5.99486208], [1.040694952, 5.99486208], [1.040694952, 5.994306087], [1.040416956, 5.994306087], [1.040416956, 5.994028091], [1.04013896, 5.994028091], [1.04013896, 5.993750095], [1.039860964, 5.993750095], [1.039860964, 5.993472099], [1.039582014, 5.993472099], [1.039582014, 5.993194103], [1.039304018, 5.993194103], [1.039304018, 5.992640018], [1.039029002, 5.992640018], [1.039029002, 5.992362022], [1.03847301, 5.992362022], [1.03847301, 5.992084026], [1.038195014, 5.992084026], [1.038195014, 5.99180603], [1.037915945, 5.99180603], [1.037915945, 5.991250038], [1.037637949, 5.991250038], [1.037637949, 5.990693092], [1.037359953, 5.990693092], [1.037359953, 5.990139961], [1.037081957, 5.990139961], [1.037081957, 5.989861965], [1.036806941, 5.989861965], [1.036806941, 5.989583015], [1.036527991, 5.989583015], [1.036527991, 5.989027023], [1.036249995, 5.989027023], [1.036249995, 5.988473892], [1.035971999, 5.988471031], [1.035971999, 5.987916946], [1.035694003, 5.987916946], [1.035694003, 5.987360954], [1.035416007, 5.987360954], [1.035416007, 5.987082958], [1.035138011, 5.987082958], [1.035138011, 5.986804962], [1.034860015, 5.986804962], [1.034860015, 5.98624897], [1.034306049, 5.98624897], [1.034306049, 5.985972881], [1.033471942, 5.985972881], [1.033471942, 5.985694885], [1.033193946, 5.985694885], [1.033193946, 5.985138893], [1.03291595, 5.985138893], [1.03291595, 5.984860897], [1.032637954, 5.984860897], [1.032637954, 5.984582901], [1.032361984, 5.984582901], [1.032359958, 5.984304905], [1.032083988, 5.984304905], [1.032083988, 5.982916832], [1.031805992, 5.982916832], [1.031805992, 5.98236084], [1.031527996, 5.98236084], [1.031527996, 5.982082844], [1.03125, 5.982082844], [1.03125, 5.981804848], [1.030972004, 5.981804848], [1.030972004, 5.981248856], [1.030694008, 5.981248856], [1.030694008, 5.980972767], [1.030416012, 5.980972767], [1.030416012, 5.980694771], [1.030138016, 5.980694771], [1.030138016, 5.980416775], [1.029862046, 5.980416775], [1.029862046, 5.980138779], [1.02958405, 5.980138779], [1.02958405, 5.979860783], [1.029306054, 5.979860783], [1.029306054, 5.979582787], [1.029028058, 5.979582787], [1.029028058, 5.979307175], [1.028749943, 5.979307175], [1.028749943, 5.979029179], [1.028471947, 5.979029179], [1.028471947, 5.978473186], [1.028193951, 5.978473186], [1.028193951, 5.97819519], [1.027915955, 5.97819519], [1.027915955, 5.977917194], [1.027639985, 5.977917194], [1.027639985, 5.977775097], [1.027639985, 5.977359772], [1.027361989, 5.977359772], [1.027361989, 5.976807117], [1.027083993, 5.976807117], [1.026472470777758, 5.974769409113622], [1.026805997, 5.974860191], [1.0262718606161205, 5.974100938053066], [1.026250005, 5.974028111], [1.026224045311801, 5.974032970560477], [0.998471022, 5.934583187], [0.994305015, 5.925694942], [0.992917001, 5.919305801], [0.992361009, 5.909862041], [0.994027019, 5.902360916], [0.993749022, 5.882083893], [0.993471026, 5.882083893], [0.993471026, 5.879860878], [0.993194997, 5.879860878], [0.993194997, 5.877638817], [0.992917001, 5.877638817], [0.992917001, 5.875973225], [0.992639005, 5.875973225], [0.992639005, 5.874026775], [0.992361009, 5.8740201], [0.992361009, 5.873124123], [0.992361009, 5.872367859], [0.992083013, 5.872361183], [0.992083013, 5.870695114], [0.991805017, 5.870695114], [0.991805017, 5.870139122], [0.991527021, 5.870139122], [0.991527021, 5.869582176], [0.991249025, 5.869582176], [0.991249025, 5.869029045], [0.990972996, 5.869029045], [0.990972996, 5.868194103], [0.990695, 5.868194103], [0.990695, 5.86680603], [0.990417004, 5.86680603], [0.990417004, 5.86541605], [0.990139008, 5.86541605], [0.990139008, 5.864583969], [0.989861012, 5.864583969], [0.989861012, 5.863749981], [0.989583015, 5.863749981], [0.989583015, 5.862915993], [0.989305019, 5.862915993], [0.989305019, 5.862360001], [0.98902899, 5.862360001], [0.98902899, 5.86152792], [0.988750994, 5.86152792], [0.988750994, 5.860415936], [0.988472998, 5.860415936], [0.988472998, 5.859583855], [0.988195002, 5.859583855], [0.988195002, 5.859027863], [0.987917006, 5.859027863], [0.987917006, 5.858749866], [0.98763901, 5.858749866], [0.98763901, 5.85763979], [0.987361014, 5.85763979], [0.987361014, 5.857083797], [0.987083018, 5.857083797], [0.987083018, 5.85597086], [0.986805022, 5.85597086], [0.986805022, 5.855140209], [0.986528993, 5.855140209], [0.986526012, 5.854582787], [0.986250997, 5.854582787], [0.986250997, 5.853470802], [0.985973001, 5.853470802], [0.985973001, 5.852917194], [0.985695004, 5.852917194], [0.985695004, 5.852639198], [0.985417008, 5.852639198], [0.985417008, 5.851249218], [0.985139012, 5.851249218], [0.985139012, 5.850417137], [0.984860003, 5.850417137], [0.984860003, 5.850139141], [0.984582007, 5.850139141], [0.984582007, 5.849305153], [0.984306991, 5.849305153], [0.984306991, 5.849027157], [0.984028995, 5.849027157], [0.984028995, 5.848751068], [0.983750999, 5.848751068], [0.983750999, 5.848195076], [0.98347199, 5.848195076], [0.98347199, 5.847361088], [0.983193994, 5.847361088], [0.983193994, 5.847083092], [0.982915998, 5.847083092], [0.982915998, 5.8465271], [0.982638001, 5.8465271], [0.982638001, 5.846251011], [0.982360005, 5.846251011], [0.982360005, 5.845695019], [0.982083976, 5.845695019], [0.982083976, 5.845139027], [0.98180598, 5.845139027], [0.98180598, 5.844583035], [0.981527984, 5.844583035], [0.981527984, 5.84402895], [0.981249988, 5.84402895], [0.981249988, 5.843750954], [0.980971992, 5.843750954], [0.980971992, 5.842916965], [0.980693996, 5.842916965], [0.980693996, 5.84236002], [0.980416, 5.84236002], [0.980416, 5.841804028], [0.980138004, 5.841804028], [0.980138004, 5.841250896], [0.979861975, 5.841250896], [0.979860008, 5.840693951], [0.979583979, 5.840693951], [0.979583979, 5.840415955], [0.979305983, 5.840415955], [0.979305983, 5.840137959], [0.979027987, 5.840137959], [0.979027987, 5.839583874], [0.97874999, 5.839583874], [0.97874999, 5.838193893], [0.978471994, 5.838193893], [0.978471994, 5.837915897], [0.978193998, 5.837915897], [0.978193998, 5.837361813], [0.977916002, 5.837361813], [0.977916002, 5.83680582], [0.977638006, 5.83680582], [0.977638006, 5.836249828], [0.977361977, 5.836249828], [0.977361977, 5.835971832], [0.977083981, 5.835971832], [0.977083981, 5.835693836], [0.976805985, 5.835693836], [0.976805985, 5.834862232], [0.976527989, 5.834862232], [0.976527989, 5.834584236], [0.975694001, 5.834584236], [0.975694001, 5.834305763], [0.975416005, 5.834305763], [0.975416005, 5.832637787], [0.974583983, 5.832637787], [0.974583983, 5.832362175], [0.974305987, 5.832362175], [0.974305987, 5.832084179], [0.974027991, 5.832084179], [0.974027991, 5.831806183], [0.973749995, 5.831806183], [0.973749995, 5.831250191], [0.973471999, 5.831250191], [0.973471999, 5.830972195], [0.972917974, 5.830972195], [0.972917974, 5.830694199], [0.972639978, 5.830694199], [0.972639978, 5.829862118], [0.972361982, 5.829862118], [0.972361982, 5.829584122], [0.972083986, 5.829584122], [0.972083986, 5.82902813], [0.97180599, 5.82902813], [0.97180599, 5.82874918], [0.971527994, 5.82874918], [0.971527994, 5.828471184], [0.971248984, 5.828471184], [0.971248984, 5.828196049], [0.970970988, 5.828196049], [0.970970988, 5.827918053], [0.970692992, 5.827918053], [0.970692992, 5.827640057], [0.970417976, 5.827640057], [0.970417976, 5.827361107], [0.97013998, 5.827361107], [0.97013998, 5.827083111], [0.969860971, 5.827083111], [0.969860971, 5.826805115], [0.969582975, 5.826805115], [0.969582975, 5.825417042], [0.969304979, 5.825417042], [0.969304979, 5.82486105], [0.969026983, 5.82486105], [0.969026983, 5.824583054], [0.968748987, 5.824583054], [0.968748987, 5.824305058], [0.968470991, 5.824305058], [0.968470991, 5.824027061], [0.968195021, 5.824027061], [0.968195021, 5.823749065], [0.967917025, 5.823749065], [0.967917025, 5.823471069], [0.967082977, 5.823471069], [0.967082977, 5.823194981], [0.966804981, 5.823194981], [0.966804981, 5.822360992], [0.966526985, 5.822360992], [0.966526985, 5.822082996], [0.966248989, 5.822082996], [0.966248989, 5.821527004], [0.96597302, 5.821527004], [0.96597302, 5.821250916], [0.965695024, 5.821250916], [0.965695024, 5.820694923], [0.965417027, 5.820694923], [0.965417027, 5.820416927], [0.964860976, 5.820416927], [0.964860976, 5.820138931], [0.96458298, 5.820138931], [0.96458298, 5.819860935], [0.964304984, 5.819860935], [0.964304984, 5.819582939], [0.964026988, 5.819582939], [0.964026988, 5.819304943], [0.963748991, 5.819304943], [0.963748991, 5.819028854], [0.963473022, 5.819028854], [0.963473022, 5.818750858], [0.963195026, 5.818750858], [0.963195026, 5.818472862], [0.96291697, 5.818472862], [0.96291697, 5.818194866], [0.962638974, 5.818194866], [0.962638974, 5.81791687], [0.962360978, 5.81791687], [0.962360978, 5.817360878], [0.962082982, 5.817360878], [0.962082982, 5.817082882], [0.96152699, 5.817082882], [0.96152699, 5.816803932], [0.96125102, 5.816803932], [0.96125102, 5.816250801], [0.960973024, 5.816250801], [0.960973024, 5.815972805], [0.960695028, 5.815972805], [0.960695028, 5.815694809], [0.960138977, 5.815694809], [0.960138977, 5.815416813], [0.959860981, 5.815416813], [0.959860981, 5.814581871], [0.959582984, 5.814581871], [0.959582984, 5.814307213], [0.959307015, 5.814307213], [0.959307015, 5.814029217], [0.959029019, 5.814029217], [0.959029019, 5.81374979], [0.958751023, 5.81374979], [0.958751023, 5.813471794], [0.958473027, 5.813471794], [0.958473027, 5.813193798], [0.957916975, 5.813193798], [0.957916975, 5.812915802], [0.957638025, 5.812915802], [0.957638025, 5.81235981], [0.957360029, 5.81235981], [0.957360029, 5.812081814], [0.956807017, 5.812081814], [0.956807017, 5.811806202], [0.956529021, 5.811806202], [0.956529021, 5.811528206], [0.956250012, 5.811528206], [0.956250012, 5.81125021], [0.955972016, 5.81125021], [0.955972016, 5.810972214], [0.95569402, 5.810972214], [0.95569402, 5.810694218], [0.955416024, 5.810694218], [0.955416024, 5.810416222], [0.955138028, 5.810416222], [0.955138028, 5.810138226], [0.954859972, 5.810138226], [0.954859972, 5.809862137], [0.955138028, 5.809862137], [0.955138028, 5.809584141], [0.954584002, 5.809584141], [0.954584002, 5.809306145], [0.95402801, 5.809306145], [0.95402801, 5.809028149], [0.953750014, 5.809028149], [0.953750014, 5.808472157], [0.953472018, 5.808472157], [0.953472018, 5.80819416], [0.953194022, 5.80819416], [0.953194022, 5.807916164], [0.95263797, 5.807916164], [0.95263797, 5.807640076], [0.952362001, 5.807640076], [0.952362001, 5.80736208], [0.952084005, 5.80736208], [0.952084005, 5.807084084], [0.951806009, 5.807084084], [0.951806009, 5.806806087], [0.951528013, 5.806806087], [0.951528013, 5.806528091], [0.951250017, 5.806528091], [0.951250017, 5.806250095], [0.950972021, 5.806250095], [0.950972021, 5.805972099], [0.950694025, 5.805972099], [0.950694025, 5.805694103], [0.950416028, 5.805694103], [0.950416028, 5.805416107], [0.950137973, 5.805416107], [0.950137973, 5.805140018], [0.949862003, 5.805140018], [0.949862003, 5.804862022], [0.949584007, 5.804862022], [0.949584007, 5.804584026], [0.949306011, 5.804584026], [0.949306011, 5.80430603], [0.949028015, 5.80430603], [0.949028015, 5.804028034], [0.948750019, 5.804028034], [0.948750019, 5.803750038], [0.948472023, 5.803750038], [0.948472023, 5.803472042], [0.948194027, 5.803472042], [0.948194027, 5.803194046], [0.947915971, 5.803194046], [0.947915971, 5.802915096], [0.947640002, 5.802915096], [0.947640002, 5.802639961], [0.94708401, 5.802639961], [0.94708401, 5.802361965], [0.946806014, 5.802361965], [0.946806014, 5.802083969], [0.946528018, 5.802083969], [0.946528018, 5.801805973], [0.946250021, 5.801805973], [0.946250021, 5.801527023], [0.945694029, 5.801527023], [0.945694029, 5.801249027], [0.945418, 5.801249027], [0.945418, 5.800971031], [0.945140004, 5.800971031], [0.945140004, 5.800695896], [0.944862008, 5.800695896], [0.944862008, 5.8004179], [0.944584012, 5.8004179], [0.944584012, 5.80013895], [0.944306016, 5.80013895], [0.944306016, 5.799860954], [0.944584012, 5.799860954], [0.944584012, 5.799582958], [0.944306016, 5.799582958], [0.944306016, 5.799304962], [0.944027007, 5.799304962], [0.944027007, 5.799026966], [0.943195999, 5.799026966], [0.943193018, 5.79874897], [0.942918003, 5.79874897], [0.942918003, 5.798472881], [0.942638993, 5.798472881], [0.942638993, 5.797916889], [0.942360997, 5.797916889], [0.942360997, 5.797360897], [0.942083001, 5.797360897], [0.942083001, 5.797082901], [0.941527009, 5.797082901], [0.941527009, 5.796804905], [0.941249013, 5.796804905], [0.941249013, 5.796526909], [0.940694988, 5.796526909], [0.940694988, 5.796248913], [0.940416992, 5.796248913], [0.940416992, 5.795972824], [0.940138996, 5.795972824], [0.940138996, 5.795694828], [0.939861, 5.795694828], [0.939861, 5.795416832], [0.939583004, 5.795416832], [0.939583004, 5.795138836], [0.939027011, 5.795138836], [0.939027011, 5.79486084], [0.938749015, 5.79486084], [0.938749015, 5.794582844], [0.93819499, 5.794582844], [0.93819499, 5.794304848], [0.937916994, 5.794304848], [0.937916994, 5.794026852], [0.937361002, 5.794026852], [0.937361002, 5.793748856], [0.937083006, 5.793748856], [0.937083006, 5.793472767], [0.936527014, 5.793472767], [0.936527014, 5.793194771], [0.936250985, 5.793194771], [0.936250985, 5.792916775], [0.935972989, 5.792916775], [0.935972989, 5.792638779], [0.935694993, 5.792638779], [0.935694993, 5.792360783], [0.935416996, 5.792360783], [0.935416996, 5.792082787], [0.935139, 5.792082787], [0.935139, 5.79180479], [0.934583008, 5.79180479], [0.934583008, 5.791529179], [0.933472991, 5.791529179], [0.933472991, 5.791251183], [0.932083011, 5.791251183], [0.932083011, 5.790973186], [0.931804001, 5.790973186], [0.931804001, 5.79069519], [0.931528986, 5.79069519], [0.931528986, 5.790417194], [0.930972993, 5.790417194], [0.930972993, 5.790139198], [0.930137992, 5.790139198], [0.930137992, 5.789861202], [0.929306984, 5.789861202], [0.929306984, 5.789583206], [0.929027975, 5.789583206], [0.929027975, 5.789307117], [0.92791599, 5.789307117], [0.92791599, 5.789029121], [0.927359998, 5.789029121], [0.927359998, 5.788751125], [0.926805973, 5.788751125], [0.926805973, 5.788473129], [0.926249981, 5.788473129], [0.926249981, 5.788195133], [0.924583972, 5.788195133], [0.924583972, 5.787916183], [0.924305975, 5.787916183], [0.924305975, 5.787638187], [0.924027979, 5.787638187], [0.924027979, 5.787360191], [0.923749983, 5.787360191], [0.923749983, 5.78680706], [0.923193991, 5.78680706], [0.923193991, 5.786528111], [0.922915995, 5.786528111], [0.922915995, 5.786250114], [0.92236203, 5.786250114], [0.92236203, 5.786528111], [0.922083974, 5.786528111], [0.922083974, 5.78680706], [0.92097199, 5.78680706], [0.92097199, 5.786528111], [0.920140028, 5.786528111], [0.920140028, 5.786250114], [0.91930598, 5.786250114], [0.91930598, 5.785972118], [0.919027984, 5.785972118], [0.919027984, 5.785416126], [0.918192983, 5.785416126], [0.918192983, 5.785694122], [0.917361975, 5.785694122], [0.917361975, 5.785416126], [0.915970981, 5.785416126], [0.915970981, 5.78513813], [0.914861023, 5.78513813], [0.914861023, 5.784860134], [0.91374898, 5.784860134], [0.91374898, 5.784584045], [0.911248982, 5.784584045], [0.911248982, 5.784306049], [0.910695016, 5.784306049], [0.910695016, 5.784028053], [0.910139024, 5.784028053], [0.910139024, 5.783750057], [0.905417025, 5.783750057], [0.905417025, 5.783472061], [0.905139029, 5.783472061], [0.905139029, 5.783750057], [0.904860973, 5.783750057], [0.904860973, 5.784028053], [0.904029012, 5.784028053], [0.904029012, 5.783750057], [0.903751016, 5.783750057], [0.903751016, 5.783472061], [0.90347302, 5.783472061], [0.90347302, 5.783194065], [0.902916014, 5.783194065], [0.902916014, 5.782916069], [0.900694013, 5.782916069], [0.900694013, 5.782638073], [0.899583995, 5.782638073], [0.899583995, 5.782360077], [0.898194015, 5.782360077], [0.898194015, 5.782083988], [0.895972013, 5.782083988], [0.895972013, 5.781805992], [0.890971005, 5.781805992], [0.890971005, 5.781527996], [0.885416985, 5.781527996], [0.885416985, 5.78125], [0.882360995, 5.78125], [0.882360995, 5.780972004], [0.880416989, 5.780972004], [0.880416989, 5.780694008], [0.880138993, 5.780694008], [0.880138993, 5.780972004], [0.878472984, 5.780972004], [0.878472984, 5.780694008], [0.87708199, 5.780694008], [0.87708199, 5.780416012], [0.872915983, 5.780416012], [0.872915983, 5.780139923], [0.871249974, 5.780139923], [0.871249974, 5.779861927], [0.869306028, 5.779861927], [0.869306028, 5.779583931], [0.866805971, 5.779583931], [0.866805971, 5.779305935], [0.864027977, 5.779305935], [0.864027977, 5.779027939], [0.863749027, 5.779027939], [0.863749027, 5.778749943], [0.862918019, 5.778749943], [0.862918019, 5.779027939], [0.862640023, 5.779027939], [0.862640023, 5.779305935], [0.862361014, 5.779305935], [0.862361014, 5.779861927], [0.862640023, 5.779861927], [0.862640023, 5.780139923], [0.862361014, 5.780139923], [0.862361014, 5.780416012], [0.862083018, 5.780416012], [0.862083018, 5.780694008], [0.861805022, 5.780694008], [0.861805022, 5.780972004], [0.861527026, 5.780972004], [0.861527026, 5.78125], [0.860139012, 5.78125], [0.860139012, 5.781527996], [0.858748972, 5.781527996], [0.858748972, 5.781805992], [0.856251001, 5.781805992], [0.856251001, 5.781527996], [0.855973005, 5.781527996], [0.855973005, 5.78125], [0.855139017, 5.78125], [0.855139017, 5.780972004], [0.854583025, 5.780972004], [0.854583025, 5.780694008], [0.854305029, 5.780694008], [0.854305029, 5.780416012], [0.853751004, 5.780416012], [0.853751004, 5.780139923], [0.853473008, 5.780139923], [0.853473008, 5.779861927], [0.853195012, 5.779861927], [0.853195012, 5.779583931], [0.852083027, 5.779583931], [0.852083027, 5.779305935], [0.851804972, 5.779305935], [0.851804972, 5.779027939], [0.85097301, 5.779027939], [0.85097301, 5.778749943], [0.850417018, 5.778749943], [0.850417018, 5.778471947], [0.849582016, 5.778471947], [0.849582016, 5.778193951], [0.849029005, 5.778193951], [0.849029005, 5.777917862], [0.847638011, 5.777915955], [0.847638011, 5.777639866], [0.845972002, 5.777639866], [0.845972002, 5.777915955], [0.845138013, 5.777915955], [0.845138013, 5.777639866], [0.844583988, 5.777639866], [0.844583988, 5.77736187], [0.844027996, 5.77736187], [0.844027996, 5.777083874], [0.842916012, 5.777083874], [0.842916012, 5.776805878], [0.839861989, 5.776805878], [0.839861989, 5.776527882], [0.837361991, 5.776527882], [0.837361991, 5.776249886], [0.835138977, 5.776249886], [0.835138977, 5.775971889], [0.833471, 5.775971889], [0.833471, 5.77569294], [0.831804991, 5.77569294], [0.831804991, 5.775417805], [0.831248999, 5.775417805], [0.831248999, 5.775139809], [0.830973029, 5.775139809], [0.830973029, 5.774861813], [0.830138981, 5.774861813], [0.830138981, 5.774583817], [0.829582989, 5.774583817], [0.829582989, 5.774304867], [0.828194976, 5.774304867], [0.828194976, 5.774026871], [0.82625097, 5.774026871], [0.82625097, 5.773748875], [0.825972974, 5.773748875], [0.825972974, 5.774026871], [0.822637975, 5.774026871], [0.822637975, 5.773748875], [0.822359979, 5.773748875], [0.822359979, 5.773470879], [0.821807027, 5.773470879], [0.821807027, 5.773192883], [0.818472028, 5.773192883], [0.818472028, 5.772916794], [0.815140009, 5.772916794], [0.815140009, 5.772638798], [0.813750029, 5.772638798], [0.813750029, 5.772360802], [0.812915981, 5.772360802], [0.812915981, 5.772082806], [0.811528027, 5.772082806], [0.811528027, 5.77180481], [0.808196008, 5.77180481], [0.808196008, 5.771526814], [0.797639012, 5.771526814], [0.797639012, 5.77180481], [0.794860005, 5.77180481], [0.794860005, 5.772082806], [0.793749988, 5.772082806], [0.793749988, 5.772360802], [0.79124999, 5.772360802], [0.79124999, 5.772082806], [0.786527991, 5.772082806], [0.786527991, 5.772360802], [0.784027994, 5.772360802], [0.784027994, 5.772638798], [0.780695021, 5.772638798], [0.780695021, 5.772916794], [0.778748989, 5.772916794], [0.778748989, 5.772638798], [0.778195024, 5.772638798], [0.778195024, 5.772360802], [0.776804984, 5.772360802], [0.776804984, 5.772082806], [0.776248991, 5.772082806], [0.776248991, 5.77180481], [0.774860978, 5.77180481], [0.774860978, 5.771526814], [0.771529019, 5.771526814], [0.771529019, 5.77180481], [0.768751025, 5.77180481], [0.768751025, 5.772082806], [0.761806011, 5.772082806], [0.761806011, 5.77180481], [0.760137975, 5.77180481], [0.760137975, 5.771526814], [0.755418003, 5.771526814], [0.755418003, 5.77180481], [0.75069499, 5.77180481], [0.75069499, 5.772082806], [0.745416999, 5.772082806], [0.745416999, 5.772360802], [0.744861007, 5.772360802], [0.744861007, 5.772638798], [0.744028986, 5.772638798], [0.744028986, 5.772360802], [0.743750989, 5.772360802], [0.743750989, 5.772082806], [0.741806984, 5.772082806], [0.741806984, 5.772360802], [0.741528988, 5.772360802], [0.741528988, 5.772638798], [0.740971982, 5.772638798], [0.740971982, 5.772360802], [0.737360001, 5.772360802], [0.737360001, 5.772638798], [0.737083972, 5.772638798], [0.737083972, 5.772916794], [0.736805975, 5.772916794], [0.736805975, 5.773192883], [0.736527979, 5.773192883], [0.736527979, 5.773470879], [0.735971987, 5.773470879], [0.735971987, 5.773192883], [0.735693991, 5.773192883], [0.735693991, 5.772916794], [0.735415995, 5.772916794], [0.735415995, 5.772638798], [0.734305978, 5.772638798], [0.734305978, 5.772916794], [0.734027982, 5.772916794], [0.734027982, 5.773192883], [0.730971992, 5.773192883], [0.730971992, 5.773470879], [0.730418026, 5.773470879], [0.730414987, 5.773748875], [0.729861975, 5.773748875], [0.729861975, 5.773470879], [0.729026973, 5.773470879], [0.729026973, 5.773192883], [0.728748977, 5.773192883], [0.728748977, 5.773470879], [0.727361023, 5.773470879], [0.727361023, 5.773192883], [0.726804972, 5.773192883], [0.726804972, 5.773470879], [0.725417018, 5.773470879], [0.725417018, 5.773192883], [0.724304974, 5.773192883], [0.724304974, 5.772916794], [0.723748982, 5.772916794], [0.723748982, 5.772638798], [0.722361028, 5.772638798], [0.722361028, 5.772360802], [0.718195021, 5.772360802], [0.718195021, 5.772638798], [0.717639029, 5.772638798], [0.717639029, 5.772916794], [0.715695024, 5.772916794], [0.715695024, 5.773192883], [0.714860022, 5.773192883], [0.714860022, 5.773748875], [0.714582026, 5.773748875], [0.714582026, 5.774026871], [0.71430701, 5.774026871], [0.71430701, 5.774861813], [0.714582026, 5.774861813], [0.714582026, 5.775139809], [0.714860022, 5.775139809], [0.714860022, 5.775417805], [0.715138018, 5.775417805], [0.715138018, 5.776805878], [0.714860022, 5.776805878], [0.714860022, 5.780416012], [0.714582026, 5.780416012], [0.714582026, 5.780742168], [0.714582026, 5.78125], [0.714860022, 5.78125], [0.714860022, 5.781527996], [0.715138018, 5.781527996], [0.715138018, 5.781805992], [0.715516984, 5.781805992], [0.71597302, 5.781805992], [0.71597302, 5.782083988], [0.719860971, 5.782083988], [0.719860971, 5.782360077], [0.720417023, 5.782360077], [0.720417023, 5.782638073], [0.720695019, 5.782638073], [0.720695019, 5.782916069], [0.720973015, 5.782916069], [0.720973015, 5.783472061], [0.721251011, 5.783472061], [0.721251011, 5.783750057], [0.72152698, 5.783750057], [0.72152698, 5.784028053], [0.721804976, 5.784028053], [0.721804976, 5.784860134], [0.72152698, 5.784860134], [0.72152698, 5.785694122], [0.721251011, 5.785694122], [0.721251011, 5.786250114], [0.720973015, 5.786250114], [0.720973015, 5.78680706], [0.720695019, 5.78680706], [0.720695019, 5.787360191], [0.720417023, 5.787360191], [0.720417023, 5.787916183], [0.720139027, 5.787916183], [0.720139027, 5.788473129], [0.719860971, 5.788473129], [0.719860971, 5.789307117], [0.719582975, 5.789307117], [0.719582975, 5.79069519], [0.719860971, 5.79069519], [0.719860971, 5.791529179], [0.719582975, 5.791529179], [0.719582975, 5.792082787], [0.719304979, 5.792082787], [0.719304979, 5.792638779], [0.719029009, 5.792638779], [0.719029009, 5.792916775], [0.718751013, 5.792916775], [0.718751013, 5.793194771], [0.718473017, 5.793194771], [0.718473017, 5.793472767], [0.717917025, 5.793472767], [0.717917025, 5.793748856], [0.717639029, 5.793748856], [0.717639029, 5.794026852], [0.716251016, 5.794026852], [0.716251016, 5.794304848], [0.71597302, 5.794304848], [0.71597302, 5.794582844], [0.715138018, 5.794582844], [0.715138018, 5.794304848], [0.713472009, 5.794304848], [0.713472009, 5.794026852], [0.712916017, 5.794026852], [0.712916017, 5.793748856], [0.712638021, 5.793748856], [0.712638021, 5.794026852], [0.712360024, 5.794026852], [0.712360024, 5.794304848], [0.712083995, 5.794304848], [0.712083995, 5.794582844], [0.711805999, 5.794582844], [0.711805999, 5.798191071], [0.711805999, 5.799026966], [0.712083995, 5.799026966], [0.712083995, 5.803194046], [0.712360024, 5.803194046], [0.712360024, 5.804028034], [0.712638021, 5.804028034], [0.712638021, 5.804862022], [0.712916017, 5.804862022], [0.712916017, 5.805416107], [0.713194013, 5.805416107], [0.713194013, 5.805694103], [0.713472009, 5.805694103], [0.713472009, 5.805972099], [0.713750005, 5.805972099], [0.713750005, 5.806528091], [0.714028001, 5.806528091], [0.714028001, 5.806806087], [0.71430701, 5.806806087], [0.71430701, 5.807084084], [0.714582026, 5.807084084], [0.714582026, 5.80736208], [0.715138018, 5.80736208], [0.715138018, 5.807638168], [0.715416014, 5.807640076], [0.715416014, 5.807916164], [0.71597302, 5.807916164], [0.71597302, 5.80819416], [0.716251016, 5.80819416], [0.716251016, 5.808472157], [0.716529012, 5.808472157], [0.716529012, 5.808750153], [0.717082977, 5.808750153], [0.717082977, 5.809028149], [0.717639029, 5.809028149], [0.717639029, 5.809306145], [0.718195021, 5.809306145], [0.718195021, 5.809584141], [0.718473017, 5.809584141], [0.718473017, 5.809862137], [0.719029009, 5.809862137], [0.719029009, 5.810138226], [0.720695019, 5.810138226], [0.720695019, 5.809862137], [0.721251011, 5.809862137], [0.721251011, 5.809584141], [0.72152698, 5.809584141], [0.72152698, 5.809306145], [0.721804976, 5.809306145], [0.721804976, 5.809028149], [0.722361028, 5.809028149], [0.722361028, 5.808750153], [0.722639024, 5.808750153], [0.722639024, 5.808472157], [0.723195016, 5.808472157], [0.723195016, 5.80819416], [0.723470986, 5.80819416], [0.723473012, 5.807916164], [0.723748982, 5.807916164], [0.723748982, 5.807640076], [0.724026978, 5.807638168], [0.724026978, 5.80736208], [0.72458303, 5.80736208], [0.72458303, 5.807084084], [0.725139022, 5.807084084], [0.725127995, 5.806806087], [0.725417018, 5.806806087], [0.725417018, 5.806528091], [0.725695014, 5.806528091], [0.725695014, 5.806250095], [0.72597301, 5.806250095], [0.72597301, 5.805972099], [0.726526976, 5.805972099], [0.726526976, 5.805694103], [0.726804972, 5.805694103], [0.726804972, 5.805416107], [0.727361023, 5.805416107], [0.727361023, 5.805140018], [0.727918029, 5.805140018], [0.727918029, 5.804862022], [0.728192985, 5.804862022], [0.728192985, 5.804584026], [0.728748977, 5.804584026], [0.728748977, 5.80430603], [0.729026973, 5.80430603], [0.729026973, 5.804584026], [0.729305983, 5.804584026], [0.729305983, 5.804862022], [0.729026973, 5.804862022], [0.729026973, 5.805140018], [0.728748977, 5.805140018], [0.728748977, 5.805416107], [0.728192985, 5.805416107], [0.728192985, 5.805694103], [0.727918029, 5.805694103], [0.727918029, 5.805972099], [0.727361023, 5.805972099], [0.727361023, 5.806250095], [0.726804972, 5.806250095], [0.726804972, 5.807084084], [0.726526976, 5.807084084], [0.726526976, 5.80736208], [0.72624898, 5.80736208], [0.72624898, 5.808750153], [0.72597301, 5.808750153], [0.72597301, 5.809584141], [0.725695014, 5.809584141], [0.725695014, 5.809862137], [0.725417018, 5.809862137], [0.725417018, 5.810138226], [0.725139022, 5.810138226], [0.725139022, 5.810416222], [0.724988997, 5.810416222], [0.724304974, 5.810416222], [0.724304974, 5.810694218], [0.721804976, 5.810694218], [0.721804976, 5.810416222], [0.72152698, 5.810416222], [0.72152698, 5.810694218], [0.720695019, 5.810694218], [0.720695019, 5.810972214], [0.719029009, 5.810972214], [0.719029009, 5.810694218], [0.718473017, 5.810694218], [0.718473017, 5.810416222], [0.718195021, 5.810416222], [0.718195021, 5.810138226], [0.717639029, 5.810138226], [0.717639029, 5.809862137], [0.717082977, 5.809862137], [0.717082977, 5.809584141], [0.716807008, 5.809584141], [0.716807008, 5.809862137], [0.716251016, 5.809862137], [0.716251016, 5.809584141], [0.71597302, 5.809584141], [0.71597302, 5.809306145], [0.715695024, 5.809306145], [0.715695024, 5.809028149], [0.715416014, 5.809028149], [0.715416014, 5.808750153], [0.715138018, 5.808750153], [0.715138018, 5.808472157], [0.714860022, 5.808472157], [0.714860022, 5.80819416], [0.714582026, 5.80819416], [0.714582026, 5.807916164], [0.71430701, 5.807916164], [0.71430701, 5.807640076], [0.714028001, 5.807640076], [0.714028001, 5.80736208], [0.713750005, 5.80736208], [0.713750005, 5.807084084], [0.713472009, 5.807084084], [0.713472009, 5.806806087], [0.713194013, 5.806806087], [0.713194013, 5.806528091], [0.712916017, 5.806528091], [0.712916017, 5.806250095], [0.712638021, 5.806250095], [0.712638021, 5.805972099], [0.712360024, 5.805972099], [0.712360024, 5.805416107], [0.712083995, 5.805416107], [0.712083995, 5.805140018], [0.711805999, 5.805140018], [0.711805999, 5.804028034], [0.711528003, 5.804028034], [0.711528003, 5.803194046], [0.711250007, 5.803194046], [0.711250007, 5.799026966], [0.710972011, 5.799026966], [0.710972011, 5.798482895], [0.708925009, 5.799198151], [0.702902019, 5.801568031], [0.700105011, 5.802898884], [0.696829975, 5.804983139], [0.688166976, 5.811841011], [0.68395102, 5.81405592], [0.681724012, 5.8148489], [0.672603011, 5.817046165], [0.664847016, 5.820886135], [0.655717015, 5.823077202], [0.651327014, 5.824865818], [0.647031009, 5.827630043], [0.640599012, 5.83261919], [0.638360977, 5.833981991], [0.632905006, 5.836516857], [0.631188989, 5.837738037], [0.629661977, 5.839223862], [0.627049983, 5.842985153], [0.624608994, 5.847812176], [0.621616006, 5.852821827], [0.620342016, 5.8554039], [0.619506001, 5.858344078], [0.618427992, 5.864460945], [0.617597997, 5.86739397], [0.613741994, 5.875071049], [0.612976015, 5.878030777], [0.611726999, 5.890610218], [0.610958993, 5.893568039], [0.607087016, 5.901235104], [0.606249988, 5.904163837], [0.605149984, 5.910257816], [0.604305983, 5.91318512], [0.600166976, 5.920742035], [0.597863019, 5.926343918], [0.593499005, 5.933813095], [0.591216981, 5.939428806], [0.586905003, 5.946936131], [0.584538996, 5.952525139], [0.583401978, 5.954372883], [0.580026984, 5.958332062], [0.575416028, 5.962269783], [0.571273029, 5.964719772], [0.566228986, 5.967132092], [0.557449996, 5.972829819], [0.54005301, 5.982916832], [0.516555011, 5.985293865], [0.503123999, 5.985636234], [0.49673301, 5.986235142], [0.493750006, 5.987017155], [0.48596701, 5.990781784], [0.482982993, 5.99154377], [0.476617992, 5.992102146], [0.463497013, 5.992266178], [0.457136005, 5.99283123], [0.454156995, 5.993601799], [0.446379989, 5.997362137], [0.443167001, 5.998185158], [0.439779997, 5.998588085], [0.432769001, 5.998840809]], [[0.449942379, 6.371705233], [0.452151224, 6.385400069], [0.457080762, 6.415963208], [0.449942379, 6.371705233]], [[0.538460864, 6.266388396], [0.569629014, 6.266373158], [0.522816002, 6.266396046], [0.538460864, 6.266388396]], [[0.887629986, 6.171162128], [0.887783735, 6.152755465], [0.888086021, 6.116566181], [0.887629986, 6.171162128]], [[0.9475954613491955, 6.018904135651175], [0.935233451, 6.023780445], [0.944275403, 6.019973307], [0.9475954613491955, 6.018904135651175]], [[0.984306991, 6.009305], [0.95976145, 6.01511006], [0.9475954747507233, 6.018904131335429], [0.958314223, 6.015452331], [0.984306991, 6.009305]], [[1.004305959, 5.996528149], [1.000694036, 5.999584198], [1.0041542315995562, 5.996123889357314], [1.004305959, 5.996528149]], [[1.007359982, 5.988471031], [1.005694032, 5.992362022], [1.0045830015, 5.9933340545], [1.005416036, 5.992362022], [1.007359982, 5.988471031]], [[1.0105718860929034, 5.985042287512962], [1.0100113284894907, 5.985556187881418], [1.010138035, 5.985416889], [1.0105718860929034, 5.985042287512962]], [[1.024768140746988, 5.974305510670604], [1.0222319496450871, 5.974780276543945], [1.023748994, 5.974028111], [1.024768140746988, 5.974305510670604]]]}}, {"type": "Feature", "properties": {"region": "Central", "constituency_count": 23, "winner_party": "NDC", "winner_votes": 617100, "winner_pct": 58.18, "total_valid_votes": 1060721, "party_votes": {"NPP": 421691, "GCPP": 1493, "GFP": 0, "GUM": 2396, "LPG": 504, "NDP": 299, "CPP": 2261, "NDC": 617100, "APC": 1383, "IND": 13594}}, "geometry": {"type": "MultiPolygon", "coordinates": [[[[-0.6454259762604059, 5.334889562693075], [-0.6454255978689165, 5.334806649822635], [-0.6454235938483738, 5.334367530285585], [-0.643751025, 5.336655868809851], [-0.6428293608724102, 5.337916851], [-0.6426834661127713, 5.337916851], [-0.643751025, 5.336429379751383], [-0.643751025, 5.336300880103422], [-0.6454219523836144, 5.334007853710475], [-0.6454210161720366, 5.333802711704278], [-0.6453173736923428, 5.3339229786457], [-0.645420975999318, 5.333793909087129], [-0.6454208480143133, 5.333765865105129], [-0.645420755570049, 5.333745608784534], [-0.6444950940779551, 5.334877153560348], [-0.643473029, 5.33606315992784], [-0.643473029, 5.335963095689994], [-0.6445782535137649, 5.334582806], [-0.644582987, 5.334582806], [-0.644582987, 5.3345768944569905], [-0.6447189625021915, 5.3344070777532995], [-0.6448050503377002, 5.33430481], [-0.644860983, 5.33430481], [-0.644860983, 5.334238364982819], [-0.645419973826581, 5.333574313719227], [-0.6454197800008364, 5.333531842761766], [-0.644860983, 5.334229711592441], [-0.644860983, 5.334109958917674], [-0.6449770411774268, 5.333967649758052], [-0.644860983, 5.334095544435135], [-0.644860983, 5.333978208061879], [-0.6454187848147297, 5.333313778299265], [-0.6454183632791984, 5.333221411737461], [-0.6450471148995177, 5.333631731882818], [-0.6454182576467031, 5.333198265621214], [-0.6454177481843454, 5.333086632596547], [-0.644860983, 5.3336884180482365], [-0.644860983, 5.332081795], [-0.644582987, 5.332081795], [-0.644582987, 5.331807137], [-0.644303977, 5.331807137], [-0.644303977, 5.330694199], [-0.644582987, 5.330694199], [-0.644582987, 5.330416203], [-0.644860983, 5.330416203], [-0.644860983, 5.330138206], [-0.645138979, 5.330138206], [-0.645138979, 5.32986021], [-0.645416975, 5.32986021], [-0.645416975, 5.329582214], [-0.646251023, 5.329582214], [-0.646251023, 5.32986021], [-0.647638977, 5.32986021], [-0.647638977, 5.330416203], [-0.647360981, 5.330416203], [-0.647360981, 5.330694199], [-0.647082984, 5.330694199], [-0.647082984, 5.330973148], [-0.646529019, 5.330973148], [-0.646529019, 5.331251144], [-0.645973027, 5.331251144], [-0.645973027, 5.330973148], [-0.645694971, 5.330973148], [-0.645694971, 5.330694199], [-0.645416975, 5.330694199], [-0.645416975, 5.330973148], [-0.645138979, 5.330973148], [-0.645138979, 5.33152914], [-0.645416975, 5.33152914], [-0.645416975, 5.331807137], [-0.645694971, 5.331807137], [-0.645694971, 5.332361221], [-0.645416975, 5.332361221], [-0.645416975, 5.332917213], [-0.645574493304452, 5.332917213], [-0.6467067939962221, 5.331693353997312], [-0.6456589006936504, 5.332917213], [-0.6456935954111351, 5.332917213], [-0.6464993234707953, 5.33202668667678], [-0.645694971, 5.332984797079285], [-0.645694971, 5.333087332731002], [-0.6471141426350888, 5.331347161316756], [-0.6475919620031932, 5.330819054196817], [-0.6457743710083799, 5.333089002139086], [-0.6465224795253706, 5.332264595799747], [-0.646804988, 5.331928990811915], [-0.646804988, 5.331807137], [-0.6469075631576402, 5.331807137], [-0.647082984, 5.3315987464030705], [-0.647082984, 5.33152914], [-0.647141577881107, 5.33152914], [-0.647360981, 5.331268500806281], [-0.647360981, 5.331251144], [-0.6473755917627846, 5.331251144], [-0.647786283217077, 5.330763264474611], [-0.647430765608826, 5.331251144], [-0.6474421375711317, 5.331251144], [-0.6475631780524425, 5.331117758885617], [-0.647638977, 5.331012145268874], [-0.647638977, 5.330973148], [-0.6476669653601127, 5.330973148], [-0.6479987222530085, 5.330510898239714], [-0.6492361281508249, 5.329040926084631], [-0.6495141122964062, 5.328694608594151], [-0.6497086311265432, 5.328479617771227], [-0.6498490456040708, 5.328312812867113], [-0.6498048767232677, 5.328373242876683], [-0.6497147190198181, 5.328496592863898], [-0.6476887702712247, 5.330973148], [-0.6476944053732643, 5.330973148], [-0.647916973, 5.330727881226203], [-0.647916973, 5.330694199], [-0.6479475379763849, 5.330694199], [-0.648195028, 5.330421468052874], [-0.648195028, 5.330416203], [-0.648199805778517, 5.330416203], [-0.6487747404780632, 5.329782632067111], [-0.6483116573309027, 5.330416203], [-0.6483394088364467, 5.330416203], [-0.650336757292687, 5.328098475843192], [-0.6488857480932255, 5.330416203], [-0.649304986, 5.330416203], [-0.649304986, 5.32986021], [-0.649582982, 5.32986021], [-0.649582982, 5.329582214], [-0.6501875999873932, 5.329582214], [-0.650973022, 5.328472137], [-0.6502127757509946, 5.329582214], [-0.6503087243768705, 5.329582214], [-0.651248991, 5.328194141], [-0.6503199526584047, 5.329582214], [-0.6503753620460682, 5.329582214], [-0.650973022, 5.328750134], [-0.6503831115837506, 5.329582214], [-0.6504228345033648, 5.329582214], [-0.651526988, 5.327916145], [-0.6504528206752737, 5.329582214], [-0.6504863788469399, 5.329582214], [-0.65208298, 5.327082157], [-0.6506816647662103, 5.329298222864787], [-0.6504866298091461, 5.329582214], [-0.6504956214917879, 5.329582214], [-0.6505903180670598, 5.329442680226676], [-0.6505020847679985, 5.329582214], [-0.6505954711076929, 5.329582214], [-0.651526988, 5.328194141], [-0.6506054584934016, 5.329582214], [-0.6510031988342384, 5.329582214], [-0.65208298, 5.327916145], [-0.6510137013285585, 5.329582214], [-0.651248991, 5.329582214], [-0.651248991, 5.329306126], [-0.651526988, 5.329306126], [-0.651526988, 5.32902813], [-0.651804984, 5.32902813], [-0.651804984, 5.328750134], [-0.65208298, 5.328750134], [-0.65208298, 5.328472137], [-0.652360976, 5.328472137], [-0.652360976, 5.328194141], [-0.652917027, 5.328194141], [-0.652917027, 5.327916145], [-0.653195024, 5.327916145], [-0.653195024, 5.327638149], [-0.65347302, 5.327638149], [-0.65347302, 5.327360153], [-0.653748989, 5.327360153], [-0.653748989, 5.327084064], [-0.654582977, 5.327082157], [-0.654582977, 5.326806068], [-0.655139029, 5.326806068], [-0.655139029, 5.326528072], [-0.655417979, 5.326528072], [-0.655417979, 5.326250076], [-0.655695975, 5.326250076], [-0.655695975, 5.32597208], [-0.655970991, 5.32597208], [-0.655970991, 5.325694084], [-0.656526983, 5.325694084], [-0.656526983, 5.323897839], [-0.656526983, 5.323472023], [-0.657361984, 5.323472023], [-0.657361984, 5.323194027], [-0.658194005, 5.323194027], [-0.658194005, 5.322916031], [-0.660694003, 5.322916031], [-0.660694003, 5.322639942], [-0.662, 5.322639942], [-0.662916005, 5.322639942], [-0.662916005, 5.322361946], [-0.663749993, 5.322361946], [-0.663749993, 5.32208395], [-0.664583981, 5.32208395], [-0.664583981, 5.321805954], [-0.665416002, 5.321805954], [-0.665416002, 5.321527958], [-0.665971994, 5.321527958], [-0.665971994, 5.321249962], [-0.666527987, 5.321249962], [-0.666527987, 5.320971966], [-0.668193996, 5.320971966], [-0.668193996, 5.32069397], [-0.669028997, 5.32069397], [-0.669028997, 5.320417881], [-0.670973003, 5.320415974], [-0.670973003, 5.320139885], [-0.671528995, 5.320139885], [-0.671528995, 5.319861889], [-0.671805024, 5.319861889], [-0.671805024, 5.319583893], [-0.672361016, 5.319583893], [-0.672361016, 5.319305897], [-0.674027026, 5.319305897], [-0.674027026, 5.319027901], [-0.674583018, 5.319027901], [-0.674583018, 5.318749905], [-0.675972998, 5.318749905], [-0.675972998, 5.318470955], [-0.676527023, 5.318470955], [-0.676527023, 5.318192959], [-0.676805019, 5.318192959], [-0.676805019, 5.317917824], [-0.677639008, 5.317917824], [-0.677639008, 5.317639828], [-0.678195, 5.317639828], [-0.678195, 5.317361832], [-0.679305017, 5.317361832], [-0.679305017, 5.317082882], [-0.679583013, 5.317082882], [-0.679583013, 5.316804886], [-0.679861009, 5.316804886], [-0.679861009, 5.31652689], [-0.680417001, 5.31652689], [-0.680417001, 5.316248894], [-0.680971026, 5.316248894], [-0.680971026, 5.315970898], [-0.681805015, 5.315970898], [-0.681805015, 5.315692902], [-0.682361007, 5.315692902], [-0.682361007, 5.315416813], [-0.683193028, 5.315416813], [-0.683193028, 5.315138817], [-0.68374902, 5.315138817], [-0.68374902, 5.314860821], [-0.684306026, 5.314860821], [-0.684306026, 5.314582825], [-0.684862018, 5.314582825], [-0.684862018, 5.314304829], [-0.685971975, 5.314304829], [-0.685971975, 5.314026833], [-0.686806023, 5.314026833], [-0.686806023, 5.313748837], [-0.687915981, 5.313748837], [-0.687915981, 5.313473225], [-0.689028025, 5.313473225], [-0.689028025, 5.313195229], [-0.689584017, 5.313195229], [-0.689584017, 5.312917233], [-0.690971971, 5.312917233], [-0.690971971, 5.312639236], [-0.692084014, 5.312639236], [-0.692084014, 5.312360764], [-0.692915976, 5.312360764], [-0.692915976, 5.312082767], [-0.694584012, 5.312082767], [-0.694584012, 5.311804771], [-0.695415974, 5.311804771], [-0.695415974, 5.311526775], [-0.695694029, 5.311526775], [-0.695694029, 5.311251163], [-0.696250975, 5.311251163], [-0.696250975, 5.310973167], [-0.696803987, 5.310973167], [-0.696807027, 5.310695171], [-0.697081983, 5.310695171], [-0.697081983, 5.310417175], [-0.697359979, 5.310417175], [-0.697359979, 5.310139179], [-0.697638988, 5.310139179], [-0.697638988, 5.309861183], [-0.697916985, 5.309861183], [-0.697916985, 5.309583187], [-0.698472977, 5.309583187], [-0.698472977, 5.309305191], [-0.699582994, 5.309305191], [-0.699582994, 5.309027195], [-0.700138986, 5.309027195], [-0.700138986, 5.308751106], [-0.700416982, 5.308751106], [-0.700416982, 5.30847311], [-0.701804996, 5.30847311], [-0.701804996, 5.308195114], [-0.702638984, 5.308195114], [-0.702638984, 5.307917118], [-0.70291698, 5.307917118], [-0.70291698, 5.307639122], [-0.703472972, 5.307639122], [-0.703472972, 5.307361126], [-0.704026997, 5.307361126], [-0.704026997, 5.30708313], [-0.704304993, 5.30708313], [-0.704304993, 5.306805134], [-0.704860985, 5.306805134], [-0.704860985, 5.306527138], [-0.705694973, 5.306527138], [-0.705694973, 5.306251049], [-0.706526995, 5.306251049], [-0.706526995, 5.305973053], [-0.707638979, 5.305973053], [-0.707638979, 5.305695057], [-0.708194971, 5.305695057], [-0.708194971, 5.305417061], [-0.709861994, 5.305417061], [-0.709861994, 5.305139065], [-0.711528003, 5.305139065], [-0.711528003, 5.304860115], [-0.712083995, 5.304860115], [-0.712083995, 5.304582119], [-0.712639987, 5.304582119], [-0.712639987, 5.304306984], [-0.713472009, 5.304306984], [-0.713472009, 5.304028988], [-0.714028001, 5.304028988], [-0.714028001, 5.303750992], [-0.714583993, 5.303750992], [-0.714583993, 5.303472042], [-0.71569401, 5.303472042], [-0.71569401, 5.303194046], [-0.716805995, 5.303194046], [-0.716805995, 5.30291605], [-0.717361987, 5.30291605], [-0.717361987, 5.302638054], [-0.718194008, 5.302638054], [-0.718194008, 5.302360058], [-0.71875, 5.302360058], [-0.71875, 5.302084923], [-0.719583988, 5.302084923], [-0.719583988, 5.301805973], [-0.720416009, 5.301805973], [-0.720416009, 5.301527977], [-0.721249998, 5.301527977], [-0.721249998, 5.301249981], [-0.722084999, 5.301249981], [-0.722084999, 5.300971985], [-0.722360015, 5.300971985], [-0.722360015, 5.300693989], [-0.722916007, 5.300693989], [-0.722916007, 5.300415993], [-0.723194003, 5.300415993], [-0.723194003, 5.300137997], [-0.723473012, 5.300137997], [-0.723473012, 5.299860001], [-0.724029005, 5.299860001], [-0.724029005, 5.299583912], [-0.724582016, 5.299583912], [-0.724582016, 5.299305916], [-0.725139022, 5.299305916], [-0.725139022, 5.29902792], [-0.72597301, 5.29902792], [-0.72597301, 5.298749924], [-0.726251006, 5.298749924], [-0.726251006, 5.298471928], [-0.726526976, 5.298471928], [-0.726526976, 5.298193932], [-0.726804972, 5.298193932], [-0.726804972, 5.297915936], [-0.727083027, 5.297915936], [-0.727083027, 5.297637939], [-0.727361023, 5.297637939], [-0.727361023, 5.297361851], [-0.727639019, 5.297359943], [-0.727639019, 5.297083855], [-0.727917016, 5.297083855], [-0.727917016, 5.296805859], [-0.728195012, 5.296805859], [-0.728195012, 5.296527863], [-0.728473008, 5.296527863], [-0.728473008, 5.296249866], [-0.728751004, 5.296249866], [-0.728751004, 5.29597187], [-0.729026973, 5.29597187], [-0.729029, 5.295693874], [-0.729305029, 5.295693874], [-0.729305029, 5.295415878], [-0.729583025, 5.295415878], [-0.729583025, 5.295137882], [-0.730139017, 5.295137882], [-0.730139017, 5.294861794], [-0.730417013, 5.294861794], [-0.730417013, 5.294583797], [-0.730695009, 5.294583797], [-0.730695009, 5.294305801], [-0.730973005, 5.294305801], [-0.730973005, 5.294027805], [-0.731248975, 5.294027805], [-0.731248975, 5.293471813], [-0.731526971, 5.293471813], [-0.731526971, 5.291528225], [-0.731248975, 5.291528225], [-0.731248975, 5.291248798], [-0.730973005, 5.291248798], [-0.730973005, 5.290970802], [-0.730695009, 5.290970802], [-0.730695009, 5.290438175], [-0.730417013, 5.290418148], [-0.730417013, 5.290140152], [-0.730139017, 5.290140152], [-0.730139017, 5.289583206], [-0.729861021, 5.289583206], [-0.729861021, 5.28930521], [-0.729583025, 5.28930521], [-0.729583025, 5.288749218], [-0.729305029, 5.288749218], [-0.729305029, 5.288471222], [-0.729029, 5.288471222], [-0.729026973, 5.288195133], [-0.728751004, 5.288193226], [-0.728751004, 5.287917137], [-0.728473008, 5.287917137], [-0.728473008, 5.287639141], [-0.728195012, 5.287639141], [-0.728195012, 5.287361145], [-0.727917016, 5.287361145], [-0.727917016, 5.287083149], [-0.727639019, 5.287083149], [-0.727639019, 5.286249161], [-0.727361023, 5.286249161], [-0.727361023, 5.28541708], [-0.727083027, 5.28541708], [-0.727083027, 5.284861088], [-0.727639019, 5.284861088], [-0.727639019, 5.284583092], [-0.728473008, 5.284583092], [-0.728473008, 5.284305096], [-0.728751004, 5.284305096], [-0.728751004, 5.2840271], [-0.729026973, 5.2840271], [-0.729029, 5.283751011], [-0.729861021, 5.283751011], [-0.729861021, 5.283473015], [-0.730139017, 5.283473015], [-0.730139017, 5.283195019], [-0.730417013, 5.283195019], [-0.730417013, 5.282917023], [-0.730695009, 5.282917023], [-0.730695009, 5.282361031], [-0.730973005, 5.282361031], [-0.730973005, 5.282083035], [-0.731248975, 5.282083035], [-0.731248975, 5.281805038], [-0.731805027, 5.281805038], [-0.731805027, 5.28152895], [-0.732083023, 5.28152895], [-0.732083023, 5.281250954], [-0.732361019, 5.281250954], [-0.732361019, 5.280694962], [-0.732639015, 5.280694962], [-0.732639015, 5.280416965], [-0.732917011, 5.280416965], [-0.732917011, 5.280138969], [-0.733470976, 5.280138969], [-0.733470976, 5.279860973], [-0.73407501, 5.279860973], [-0.734305024, 5.279860973], [-0.734305024, 5.279582977], [-0.734861016, 5.279582977], [-0.734861016, 5.279304981], [-0.735139012, 5.279304981], [-0.735139012, 5.279028893], [-0.735696018, 5.279028893], [-0.735696018, 5.278750896], [-0.737640023, 5.278750896], [-0.737640023, 5.2784729], [-0.738192976, 5.2784729], [-0.738192976, 5.278194904], [-0.738471985, 5.278194904], [-0.738471985, 5.277916908], [-0.738749981, 5.277916908], [-0.738749981, 5.277637959], [-0.739027977, 5.277637959], [-0.739027977, 5.277359962], [-0.739305973, 5.277359962], [-0.739305973, 5.277081966], [-0.740140021, 5.277081966], [-0.740140021, 5.27680397], [-0.742084026, 5.27680397], [-0.742084026, 5.276528835], [-0.742637992, 5.276528835], [-0.742640018, 5.276249886], [-0.74347198, 5.276249886], [-0.74347198, 5.275971889], [-0.744306028, 5.275971889], [-0.744306028, 5.275693893], [-0.74513799, 5.275693893], [-0.74513799, 5.275415897], [-0.745693982, 5.275415897], [-0.745693982, 5.275137901], [-0.746249974, 5.275137901], [-0.746249974, 5.274859905], [-0.746528029, 5.274859905], [-0.746528029, 5.274583817], [-0.747084022, 5.274583817], [-0.747084022, 5.27430582], [-0.747637987, 5.27430582], [-0.747637987, 5.274027824], [-0.747915983, 5.274027824], [-0.747915983, 5.273749828], [-0.748193979, 5.273749828], [-0.748193979, 5.273471832], [-0.748471975, 5.273471832], [-0.748471975, 5.272637844], [-0.748749971, 5.272637844], [-0.748749971, 5.272525787], [-0.748749971, 5.272084236], [-0.749028027, 5.272084236], [-0.749028027, 5.271249771], [-0.749306977, 5.271249771], [-0.749306977, 5.270971775], [-0.749581993, 5.270971775], [-0.749581993, 5.270415783], [-0.749859989, 5.270415783], [-0.749859989, 5.269862175], [-0.750137985, 5.269862175], [-0.750137985, 5.269306183], [-0.75069499, 5.269306183], [-0.75069499, 5.268750191], [-0.750972986, 5.268750191], [-0.750972986, 5.268472195], [-0.751250982, 5.268472195], [-0.751250982, 5.268194199], [-0.751528978, 5.268194199], [-0.751528978, 5.267916203], [-0.751806974, 5.267916203], [-0.751806974, 5.267638206], [-0.752083004, 5.267638206], [-0.752083004, 5.267362118], [-0.752361, 5.267362118], [-0.752361, 5.267084122], [-0.752638996, 5.267084122], [-0.752638996, 5.266806126], [-0.752916992, 5.266806126], [-0.752916992, 5.26652813], [-0.753472984, 5.26652813], [-0.753472984, 5.266250134], [-0.75375098, 5.266250134], [-0.75375098, 5.265972137], [-0.754028976, 5.265972137], [-0.754028976, 5.265694141], [-0.754583001, 5.265694141], [-0.754583001, 5.265415192], [-0.755138993, 5.265415192], [-0.755138993, 5.265140057], [-0.755416989, 5.265140057], [-0.755416989, 5.264862061], [-0.755972981, 5.264862061], [-0.755972981, 5.264584064], [-0.756249011, 5.264584064], [-0.756249011, 5.26236105], [-0.755972981, 5.26236105], [-0.755972981, 5.261249065], [-0.755694985, 5.261249065], [-0.755694985, 5.260138988], [-0.755416989, 5.260138988], [-0.755416989, 5.258472919], [-0.755694985, 5.258472919], [-0.755694985, 5.258194923], [-0.755972981, 5.258194923], [-0.755972981, 5.257638931], [-0.756249011, 5.257638931], [-0.756249011, 5.257360935], [-0.756527007, 5.257360935], [-0.756527007, 5.257082939], [-0.756805003, 5.257082939], [-0.756805003, 5.256804943], [-0.757082999, 5.256804943], [-0.757082999, 5.256526947], [-0.757360995, 5.256526947], [-0.757360995, 5.256248951], [-0.757638991, 5.256248951], [-0.757638991, 5.255694866], [-0.757916987, 5.255694866], [-0.757916987, 5.25541687], [-0.758194983, 5.25541687], [-0.758194983, 5.255138874], [-0.758472979, 5.255138874], [-0.758472979, 5.254582882], [-0.758749008, 5.254582882], [-0.758749008, 5.254304886], [-0.759305, 5.254304886], [-0.759305, 5.254028797], [-0.759582996, 5.254028797], [-0.759582996, 5.253750801], [-0.759860992, 5.253750801], [-0.759860992, 5.253472805], [-0.760138988, 5.253472805], [-0.760138988, 5.253194809], [-0.760416985, 5.253194809], [-0.760416985, 5.252916813], [-0.76097101, 5.252916813], [-0.76097101, 5.252638817], [-0.762082994, 5.252638817], [-0.762082994, 5.252360821], [-0.762638986, 5.252360821], [-0.762638986, 5.252082825], [-0.762917995, 5.252082825], [-0.762917995, 5.251807213], [-0.764026999, 5.251807213], [-0.764026999, 5.251529217], [-0.765139997, 5.251529217], [-0.765139997, 5.251251221], [-0.766806006, 5.251251221], [-0.766806006, 5.250973225], [-0.767361999, 5.250973225], [-0.767361999, 5.250695229], [-0.767916024, 5.250695229], [-0.767916024, 5.250415802], [-0.769042015, 5.250443935], [-0.769028008, 5.250137806], [-0.769595027, 5.250137806], [-0.769861996, 5.250137806], [-0.769861996, 5.249992847], [-0.769861996, 5.24985981], [-0.770138025, 5.24985981], [-0.770138025, 5.249581814], [-0.770694017, 5.249581814], [-0.770694017, 5.249307156], [-0.770972013, 5.249307156], [-0.770972013, 5.24902916], [-0.771682978, 5.24902916], [-0.772083998, 5.24902916], [-0.772083998, 5.24875021], [-0.772638023, 5.24875021], [-0.772638023, 5.248472214], [-0.772916019, 5.248472214], [-0.772916019, 5.248335838], [-0.772916019, 5.248194218], [-0.773168981, 5.248194218], [-0.773472011, 5.248194218], [-0.773472011, 5.247998238], [-0.773472011, 5.247916222], [-0.774028003, 5.247916222], [-0.774060011, 5.247694969], [-0.774285972, 5.247642994], [-0.774305999, 5.247360229], [-0.774653018, 5.247360229], [-0.774860024, 5.247360229], [-0.774860024, 5.247243881], [-0.774860024, 5.247082233], [-0.775141001, 5.247087002], [-0.775138021, 5.246528149], [-0.775780976, 5.246528149], [-0.77680701, 5.246528149], [-0.77680701, 5.246250153], [-0.777082026, 5.246250153], [-0.777082026, 5.245972157], [-0.777360022, 5.245972157], [-0.777360022, 5.24569416], [-0.777638018, 5.24569416], [-0.777638018, 5.245416164], [-0.777917027, 5.245416164], [-0.777917027, 5.245138168], [-0.778195024, 5.245138168], [-0.778195024, 5.244306087], [-0.77847302, 5.244306087], [-0.77847302, 5.243472099], [-0.778751016, 5.243472099], [-0.778751016, 5.242640018], [-0.779029012, 5.242640018], [-0.779029012, 5.242084026], [-0.779304981, 5.242084026], [-0.779304981, 5.240972042], [-0.779582977, 5.240972042], [-0.779523015, 5.240421772], [-0.779860973, 5.24041605], [-0.779860973, 5.240139961], [-0.780139029, 5.240139961], [-0.780139029, 5.239305973], [-0.780417025, 5.239305973], [-0.780417025, 5.2388978], [-0.780417025, 5.238790989], [-0.780695021, 5.238749981], [-0.780695021, 5.238471985], [-0.780973017, 5.238471985], [-0.780973017, 5.238193035], [-0.781251013, 5.238193035], [-0.781251013, 5.237639904], [-0.781804979, 5.237639904], [-0.781768024, 5.236807823], [-0.782082975, 5.236804962], [-0.782082975, 5.236474991], [-0.782082975, 5.23624897], [-0.78242898, 5.23624897], [-0.782917023, 5.23624897], [-0.782917023, 5.235970974], [-0.783751011, 5.235970974], [-0.783751011, 5.235692978], [-0.785139024, 5.235692978], [-0.785139024, 5.235417843], [-0.785695016, 5.235417843], [-0.785695016, 5.235138893], [-0.785970986, 5.235138893], [-0.785970986, 5.234860897], [-0.786804974, 5.234860897], [-0.786804974, 5.234582901], [-0.787361026, 5.234582901], [-0.787361026, 5.234304905], [-0.787917018, 5.234304905], [-0.787917018, 5.234026909], [-0.788195014, 5.234026909], [-0.788195014, 5.233748913], [-0.788470984, 5.233748913], [-0.788470984, 5.233472824], [-0.78874898, 5.233472824], [-0.78874898, 5.233194828], [-0.789026976, 5.233194828], [-0.789026976, 5.232916832], [-0.789583027, 5.232916832], [-0.789583027, 5.232638836], [-0.789861023, 5.232638836], [-0.789861023, 5.23236084], [-0.790139973, 5.23236084], [-0.790139973, 5.231804848], [-0.790418029, 5.231804848], [-0.790418029, 5.231248856], [-0.790696025, 5.231248856], [-0.790696025, 5.22930479], [-0.790418029, 5.22930479], [-0.790418029, 5.228751183], [-0.790139973, 5.228748798], [-0.790139973, 5.228473186], [-0.789861023, 5.228473186], [-0.789861023, 5.22819519], [-0.789583027, 5.22819519], [-0.789583027, 5.227639198], [-0.789304972, 5.227639198], [-0.789304972, 5.226251125], [-0.790970981, 5.226251125], [-0.790970981, 5.225973129], [-0.791248977, 5.225973129], [-0.791248977, 5.226251125], [-0.791900992, 5.226251125], [-0.792083979, 5.226251125], [-0.792083979, 5.225973129], [-0.792361975, 5.225973129], [-0.792361975, 5.225695133], [-0.793193996, 5.225695133], [-0.793193996, 5.225417137], [-0.793471992, 5.225417137], [-0.793471992, 5.225139141], [-0.793749988, 5.225139141], [-0.793749988, 5.224582195], [-0.794027984, 5.224582195], [-0.794027984, 5.22430706], [-0.795140028, 5.22430706], [-0.795140028, 5.224029064], [-0.796527982, 5.224029064], [-0.796527982, 5.223751068], [-0.79736203, 5.223751068], [-0.79736203, 5.223473072], [-0.799027979, 5.223473072], [-0.799027979, 5.223195076], [-0.799860001, 5.223195076], [-0.799860001, 5.222916126], [-0.800415993, 5.222916126], [-0.800415993, 5.22263813], [-0.800971985, 5.22263813], [-0.800971985, 5.222360134], [-0.801527977, 5.222360134], [-0.801527977, 5.222084999], [-0.802082002, 5.222084999], [-0.802082002, 5.221807003], [-0.802359998, 5.221807003], [-0.802359998, 5.221528053], [-0.802637994, 5.221528053], [-0.802637994, 5.221250057], [-0.80291599, 5.221250057], [-0.80291599, 5.220416069], [-0.803155233, 5.220416069], [-0.803193986, 5.220416069], [-0.803193986, 5.220138073], [-0.804859996, 5.220138073], [-0.804859996, 5.219860077], [-0.805139005, 5.219860077], [-0.805139005, 5.217727184], [-0.805139005, 5.217638016], [-0.805417001, 5.217638016], [-0.805417001, 5.21736002], [-0.805694997, 5.21736002], [-0.805694997, 5.217083931], [-0.805972993, 5.217083931], [-0.805972993, 5.216805935], [-0.806528986, 5.216805935], [-0.806528986, 5.216527939], [-0.806805015, 5.216527939], [-0.806805015, 5.216249943], [-0.807083011, 5.216249943], [-0.807083011, 5.215971947], [-0.807916999, 5.215971947], [-0.807916999, 5.215693951], [-0.810139, 5.215693951], [-0.810139, 5.215415955], [-0.810972989, 5.215415955], [-0.810972989, 5.215139866], [-0.811249018, 5.215139866], [-0.811250985, 5.21486187], [-0.811527014, 5.21486187], [-0.811527014, 5.214583874], [-0.812083006, 5.214583874], [-0.812083006, 5.214305878], [-0.812638998, 5.214305878], [-0.812638998, 5.214027882], [-0.81319499, 5.214027882], [-0.81319499, 5.213749886], [-0.814027011, 5.213749886], [-0.814027011, 5.213471889], [-0.814583004, 5.213471889], [-0.814583004, 5.213193893], [-0.815971017, 5.213193893], [-0.815971017, 5.212917805], [-0.817640007, 5.212917805], [-0.817640007, 5.212639809], [-0.819306016, 5.212639809], [-0.819306016, 5.212361813], [-0.820140004, 5.212361813], [-0.820140004, 5.212083817], [-0.820418, 5.212083817], [-0.820418, 5.212361813], [-0.821250021, 5.212361813], [-0.821250021, 5.212083817], [-0.822915971, 5.212083817], [-0.822915971, 5.21180582], [-0.823194027, 5.21180582], [-0.823194027, 5.211527824], [-0.826250017, 5.211527824], [-0.826250017, 5.211249828], [-0.827362001, 5.211249828], [-0.827362001, 5.210970879], [-0.829859972, 5.210970879], [-0.829859972, 5.210692883], [-0.831251025, 5.210692883], [-0.831251025, 5.210418224], [-0.833751023, 5.210418224], [-0.833751023, 5.210140228], [-0.836804986, 5.210140228], [-0.836804986, 5.209862232], [-0.840138972, 5.209862232], [-0.840138972, 5.209584236], [-0.842082977, 5.209584236], [-0.842082977, 5.20930481], [-0.84680599, 5.20930481], [-0.84680599, 5.209026814], [-0.848471999, 5.209026814], [-0.848471999, 5.20930481], [-0.849583983, 5.20930481], [-0.849583983, 5.209026814], [-0.849861979, 5.209026814], [-0.849861979, 5.208748817], [-0.852083981, 5.208748817], [-0.852083981, 5.208470821], [-0.853471994, 5.208470821], [-0.853471994, 5.208748817], [-0.854582012, 5.208748817], [-0.854583979, 5.208470821], [-0.858195007, 5.208470821], [-0.858195007, 5.208748817], [-0.858473003, 5.208748817], [-0.858473003, 5.210418224], [-0.859304011, 5.210418224], [-0.859304011, 5.210692883], [-0.859861016, 5.210692883], [-0.859861016, 5.211527824], [-0.85958302, 5.211527824], [-0.85958302, 5.212083817], [-0.860417008, 5.212083817], [-0.860417008, 5.212361813], [-0.860973001, 5.212361813], [-0.860973001, 5.212639809], [-0.861527026, 5.212639809], [-0.861527026, 5.212917805], [-0.861805022, 5.212917805], [-0.861805022, 5.213193893], [-0.862361014, 5.213193893], [-0.862361014, 5.213471889], [-0.863195002, 5.213471889], [-0.863195002, 5.212917805], [-0.862917006, 5.212917805], [-0.862917006, 5.212639809], [-0.862083018, 5.212639809], [-0.862083018, 5.212361813], [-0.861805022, 5.212361813], [-0.861805022, 5.212083817], [-0.861527026, 5.212083817], [-0.861527026, 5.211527824], [-0.860973001, 5.211527824], [-0.860973001, 5.211249828], [-0.860695004, 5.211249828], [-0.860695004, 5.210970879], [-0.860417008, 5.210970879], [-0.860417008, 5.210418224], [-0.860139012, 5.210418224], [-0.860139012, 5.210140228], [-0.85958302, 5.210140228], [-0.85958302, 5.209862232], [-0.859304011, 5.209862232], [-0.859304011, 5.209584236], [-0.859028995, 5.209584236], [-0.859028995, 5.208192825], [-0.863472998, 5.208192825], [-0.863472998, 5.207917213], [-0.865139008, 5.207917213], [-0.865139008, 5.208192825], [-0.865695, 5.208192825], [-0.865695, 5.207917213], [-0.872362018, 5.207917213], [-0.872362018, 5.207639217], [-0.874584019, 5.207639217], [-0.874584019, 5.207361221], [-0.876250029, 5.207361221], [-0.876250029, 5.207083225], [-0.881806016, 5.207083225], [-0.881806016, 5.206805229], [-0.88875097, 5.206805229], [-0.88875097, 5.206527233], [-0.89041698, 5.206527233], [-0.89041698, 5.206249237], [-0.892916977, 5.206249237], [-0.892916977, 5.205970764], [-0.895971, 5.205970764], [-0.895971, 5.205695152], [-0.897360981, 5.205695152], [-0.897360981, 5.205970764], [-0.899028003, 5.205970764], [-0.899028003, 5.205695152], [-0.900139987, 5.205695152], [-0.900139987, 5.205970764], [-0.904305995, 5.205970764], [-0.904305995, 5.205695152], [-0.906527996, 5.205695152], [-0.906527996, 5.205417156], [-0.90930599, 5.205417156], [-0.90930599, 5.20513916], [-0.910416007, 5.20513916], [-0.910416007, 5.205417156], [-0.91347301, 5.205417156], [-0.91347301, 5.20513916], [-0.920973003, 5.20513916], [-0.920973003, 5.204861164], [-0.927084029, 5.204861164], [-0.927084029, 5.204583168], [-0.929584026, 5.204583168], [-0.929584026, 5.204305172], [-0.934584022, 5.204305172], [-0.934584022, 5.204583168], [-0.935137987, 5.204583168], [-0.935137987, 5.204305172], [-0.937081993, 5.204305172], [-0.937081993, 5.204027176], [-0.938193977, 5.204027176], [-0.938193977, 5.203751087], [-0.940138996, 5.203751087], [-0.940138996, 5.203473091], [-0.942638993, 5.203473091], [-0.942638993, 5.203751087], [-0.944582999, 5.203751087], [-0.944582999, 5.203473091], [-0.947360992, 5.203473091], [-0.947360992, 5.203195095], [-0.947638988, 5.203195095], [-0.947638988, 5.203473091], [-0.94986099, 5.203473091], [-0.94986099, 5.203195095], [-0.955972016, 5.203195095], [-0.955972016, 5.202917099], [-0.957916021, 5.202917099], [-0.957916021, 5.202639103], [-0.962638021, 5.202639103], [-0.962638021, 5.202361107], [-0.963472009, 5.202361107], [-0.963472009, 5.202639103], [-0.96430701, 5.202639103], [-0.96430701, 5.202361107], [-0.969026983, 5.202361107], [-0.969029009, 5.202083111], [-0.977083027, 5.202083111], [-0.977083027, 5.201805115], [-0.983193994, 5.201805115], [-0.983193994, 5.201527119], [-0.984305978, 5.201527119], [-0.984305978, 5.201805115], [-0.989859998, 5.201805115], [-0.989859998, 5.201682091], [-0.989859998, 5.201527119], [-0.999875009, 5.201527119], [-1.000416994, 5.201527119], [-1.000416994, 5.201971054], [-1.000416994, 5.202083111], [-0.999861002, 5.202083111], [-0.999027014, 5.202083111], [-0.999027014, 5.202361107], [-0.997916996, 5.202361107], [-0.997916996, 5.202639103], [-0.997639, 5.202639103], [-0.997639, 5.202361107], [-0.996250987, 5.202361107], [-0.996250987, 5.202917099], [-0.997083008, 5.202917099], [-0.997083008, 5.203195095], [-0.997916996, 5.203195095], [-0.997916996, 5.203473091], [-0.998472989, 5.203473091], [-0.998472989, 5.203195095], [-0.999861002, 5.203195095], [-1.004027009, 5.203195095], [-1.004027009, 5.203473091], [-1.004305005, 5.203473091], [-1.004305005, 5.203751087], [-1.004860997, 5.203751087], [-1.004860997, 5.204027176], [-1.005417943, 5.204027176], [-1.005417943, 5.204305172], [-1.005692959, 5.204305172], [-1.005692959, 5.204583168], [-1.006806016, 5.204583168], [-1.006806016, 5.204305172], [-1.006806016, 5.203751087], [-1.006526947, 5.203751087], [-1.006526947, 5.203473091], [-1.006248951, 5.203473091], [-1.006248951, 5.202639103], [-1.006806016, 5.202639103], [-1.006806016, 5.202361107], [-1.007362008, 5.202361107], [-1.007362008, 5.202639103], [-1.007918, 5.202639103], [-1.007918, 5.202083111], [-1.007640004, 5.202083111], [-1.007640004, 5.201805115], [-1.006955981, 5.201805115], [-1.006526947, 5.201805115], [-1.006526947, 5.202083111], [-1.004462957, 5.202083111], [-1.003749013, 5.202083111], [-1.003749013, 5.201805115], [-1.003471017, 5.201805115], [-1.003471017, 5.200973034], [-1.006806016, 5.200973034], [-1.006806016, 5.200695038], [-1.007640004, 5.200695038], [-1.007640004, 5.200973034], [-1.008241057, 5.200973034], [-1.019860029, 5.200973034], [-1.019860029, 5.200695038], [-1.022917032, 5.200695038], [-1.022917032, 5.200417042], [-1.023473024, 5.200417042], [-1.023473024, 5.200695038], [-1.026805043, 5.200695038], [-1.026805043, 5.200417042], [-1.028195024, 5.200417042], [-1.028195024, 5.200139046], [-1.028470993, 5.200139046], [-1.028470993, 5.200417042], [-1.032361031, 5.200417042], [-1.032361031, 5.200139046], [-1.035418034, 5.200139046], [-1.035418034, 5.19986105], [-1.035971999, 5.19986105], [-1.035971999, 5.200139046], [-1.037915945, 5.200139046], [-1.037915945, 5.19986105], [-1.042637944, 5.19986105], [-1.042637944, 5.199583054], [-1.044582009, 5.199583054], [-1.044582009, 5.199305058], [-1.049860954, 5.199305058], [-1.049860954, 5.199028969], [-1.061249971, 5.199028969], [-1.061249971, 5.198750973], [-1.063472033, 5.198750973], [-1.063472033, 5.198472977], [-1.067361951, 5.198472977], [-1.067361951, 5.198194981], [-1.069306016, 5.198194981], [-1.069306016, 5.197916985], [-1.069859982, 5.197916985], [-1.069859982, 5.197638988], [-1.070415974, 5.197638988], [-1.070415974, 5.197916985], [-1.071805954, 5.197916985], [-1.071805954, 5.197638988], [-1.075139046, 5.197638988], [-1.075139046, 5.197360039], [-1.07625103, 5.197360039], [-1.07625103, 5.197082043], [-1.076529026, 5.197082043], [-1.076529026, 5.196804047], [-1.079583049, 5.196804047], [-1.079583049, 5.196528912], [-1.080417037, 5.196528912], [-1.080417037, 5.196250916], [-1.081526995, 5.196250916], [-1.081526995, 5.195972919], [-1.082360983, 5.195972919], [-1.082360983, 5.19569397], [-1.083194971, 5.19569397], [-1.083194971, 5.195415974], [-1.083470941, 5.195415974], [-1.083470941, 5.19569397], [-1.085695982, 5.19569397], [-1.085695982, 5.195415974], [-1.087362051, 5.195415974], [-1.087362051, 5.195137978], [-1.088750005, 5.195137978], [-1.088750005, 5.194859982], [-1.089583993, 5.194859982], [-1.089583993, 5.194584846], [-1.090971947, 5.194584846], [-1.090971947, 5.194305897], [-1.091528058, 5.194305897], [-1.091528058, 5.194027901], [-1.091806054, 5.194027901], [-1.091806054, 5.192725182], [-1.091806054, 5.192083836], [-1.09208405, 5.192083836], [-1.09208405, 5.19180584], [-1.092640042, 5.19180584], [-1.092640042, 5.191527843], [-1.093194008, 5.191527843], [-1.093194008, 5.191249847], [-1.093472004, 5.191249847], [-1.093472004, 5.190971851], [-1.09375, 5.190971851], [-1.09375, 5.190693855], [-1.094305992, 5.190693855], [-1.094305992, 5.190415859], [-1.094583988, 5.190415859], [-1.094583988, 5.190137863], [-1.094859958, 5.190137863], [-1.094859958, 5.189861774], [-1.095137954, 5.189861774], [-1.095137954, 5.189583778], [-1.09541595, 5.189583778], [-1.09541595, 5.18874979], [-1.095693946, 5.18874979], [-1.095693946, 5.187915802], [-1.095971942, 5.187915802], [-1.095971942, 5.187637806], [-1.097084045, 5.187637806], [-1.097084045, 5.187362194], [-1.097638011, 5.187362194], [-1.097638011, 5.187084198], [-1.098222017, 5.187113762], [-1.098194003, 5.186806202], [-1.098507047, 5.186841965], [-1.098471999, 5.186528206], [-1.098834991, 5.186528206], [-1.099027991, 5.186528206], [-1.099027991, 5.186343193], [-1.099027991, 5.18625021], [-1.099306941, 5.18625021], [-1.099306941, 5.186026096], [-1.100137949, 5.185972214], [-1.100137949, 5.185694218], [-1.100695014, 5.185694218], [-1.100695014, 5.185418129], [-1.102082968, 5.185418129], [-1.102082968, 5.185140133], [-1.102360964, 5.185140133], [-1.102360964, 5.184862137], [-1.102916956, 5.184862137], [-1.102916956, 5.184584141], [-1.103194952, 5.184584141], [-1.103194952, 5.184306145], [-1.103472948, 5.184306145], [-1.103472948, 5.183749199], [-1.103750944, 5.183749199], [-1.103750944, 5.183471203], [-1.104027033, 5.183471203], [-1.104027033, 5.183196068], [-1.104305029, 5.183196068], [-1.104305029, 5.182918072], [-1.104583025, 5.182918072], [-1.104583025, 5.182640076], [-1.105139017, 5.182640076], [-1.105139017, 5.18236208], [-1.105417013, 5.18236208], [-1.105417013, 5.18208313], [-1.105973005, 5.18208313], [-1.105973005, 5.181805134], [-1.106251001, 5.181805134], [-1.106251001, 5.181249142], [-1.106011987, 5.181249142], [-1.105973005, 5.180971146], [-1.106251001, 5.180971146], [-1.106251001, 5.180695057], [-1.106526971, 5.180695057], [-1.106526971, 5.180417061], [-1.106804967, 5.180417061], [-1.106804967, 5.180139065], [-1.107638955, 5.180139065], [-1.107638955, 5.179861069], [-1.108472943, 5.179861069], [-1.108472943, 5.179583073], [-1.109027028, 5.179583073], [-1.109027028, 5.179861069], [-1.110695004, 5.179861069], [-1.110695004, 5.179583073], [-1.11124897, 5.179583073], [-1.11124897, 5.179305077], [-1.112360954, 5.179305077], [-1.112360954, 5.179027081], [-1.113196015, 5.179027081], [-1.113196015, 5.178749084], [-1.113749027, 5.178749084], [-1.113749027, 5.178471088], [-1.114583969, 5.178471088], [-1.114583969, 5.178195], [-1.114861965, 5.178195], [-1.114861965, 5.177917004], [-1.115417957, 5.177917004], [-1.115417957, 5.177639008], [-1.115694046, 5.177639008], [-1.115694046, 5.177361012], [-1.115972042, 5.177361012], [-1.115972042, 5.177083015], [-1.116250038, 5.177083015], [-1.116250038, 5.176527023], [-1.116528034, 5.176527023], [-1.116528034, 5.176249027], [-1.117084026, 5.176249027], [-1.117084026, 5.175972939], [-1.117362022, 5.175972939], [-1.117362022, 5.175694942], [-1.117640018, 5.175694942], [-1.117640018, 5.17513895], [-1.117915988, 5.17513895], [-1.117915988, 5.174860954], [-1.118193984, 5.174860954], [-1.118193984, 5.174028873], [-1.11847198, 5.174028873], [-1.118505955, 5.17380619], [-1.118708968, 5.173683167], [-1.118749976, 5.173472881], [-1.119035006, 5.173483849], [-1.119027972, 5.173194885], [-1.119305968, 5.173194885], [-1.119305968, 5.172916889], [-1.119977951, 5.172916889], [-1.120416045, 5.172916889], [-1.120416045, 5.172638893], [-1.120972037, 5.172638893], [-1.120972037, 5.172360897], [-1.121806026, 5.172360897], [-1.121806026, 5.172082901], [-1.124582052, 5.172082901], [-1.124582052, 5.171804905], [-1.124860048, 5.171804905], [-1.124860048, 5.171528816], [-1.126250029, 5.171528816], [-1.126250029, 5.17125082], [-1.12708199, 5.17125082], [-1.12708199, 5.170972824], [-1.129029036, 5.170972824], [-1.129029036, 5.170694828], [-1.129583001, 5.170694828], [-1.129583001, 5.170416832], [-1.131250978, 5.170416832], [-1.131250978, 5.170138836], [-1.131526947, 5.170138836], [-1.131526947, 5.169859886], [-1.13263905, 5.169859886], [-1.13263905, 5.169029236], [-1.132917047, 5.169029236], [-1.132917047, 5.168471813], [-1.133749008, 5.168471813], [-1.133749008, 5.168750763], [-1.134582996, 5.168750763], [-1.134582996, 5.168471813], [-1.135138988, 5.168471813], [-1.135138988, 5.168193817], [-1.136248946, 5.168193817], [-1.136248946, 5.167915821], [-1.137083054, 5.167915821], [-1.137083054, 5.167637825], [-1.138471007, 5.167637825], [-1.138471007, 5.167359829], [-1.139304996, 5.167359829], [-1.139304996, 5.167081833], [-1.140692949, 5.167081833], [-1.140692949, 5.166806221], [-1.141248941, 5.166806221], [-1.141248941, 5.166528225], [-1.14152801, 5.166528225], [-1.14152801, 5.166250229], [-1.141806006, 5.166250229], [-1.141806006, 5.165972233], [-1.144027948, 5.165972233], [-1.144027948, 5.165694237], [-1.145140052, 5.165694237], [-1.145140052, 5.165415764], [-1.145416021, 5.165415764], [-1.145416021, 5.165137768], [-1.145972013, 5.165137768], [-1.145972013, 5.164862156], [-1.14625001, 5.164862156], [-1.14625001, 5.16458416], [-1.146806002, 5.16458416], [-1.146806002, 5.164306164], [-1.147915959, 5.164306164], [-1.147915959, 5.164028168], [-1.148193955, 5.164028168], [-1.148193955, 5.163750172], [-1.148471951, 5.163750172], [-1.148471951, 5.163472176], [-1.148749948, 5.163472176], [-1.148749948, 5.162916183], [-1.149027944, 5.162916183], [-1.149027944, 5.162640095], [-1.149306059, 5.162638187], [-1.149306059, 5.162084103], [-1.149584055, 5.162084103], [-1.149584055, 5.161746979], [-1.149584055, 5.161528111], [-1.149881005, 5.161558151], [-1.149860024, 5.160972118], [-1.150138021, 5.160972118], [-1.150138021, 5.160416126], [-1.150416017, 5.160416126], [-1.150416017, 5.159862041], [-1.150694013, 5.159862041], [-1.150694013, 5.159584045], [-1.150972009, 5.159584045], [-1.150972009, 5.159306049], [-1.151250005, 5.159306049], [-1.151250005, 5.159028053], [-1.152083993, 5.159028053], [-1.152083993, 5.158750057], [-1.152359962, 5.158750057], [-1.152359962, 5.158472061], [-1.152915955, 5.158472061], [-1.152915955, 5.158194065], [-1.153471947, 5.158194065], [-1.153471947, 5.157915115], [-1.154310942, 5.157919884], [-1.154304028, 5.15763998], [-1.154508948, 5.15763998], [-1.15486002, 5.15763998], [-1.15486002, 5.157361984], [-1.155416965, 5.157361984], [-1.155416965, 5.157083988], [-1.155694962, 5.157083988], [-1.155694962, 5.156527996], [-1.156250954, 5.156527996], [-1.156250954, 5.156249046], [-1.157361031, 5.156249046], [-1.157361031, 5.15597105], [-1.157917023, 5.15597105], [-1.157917023, 5.155695915], [-1.158473015, 5.155695915], [-1.158473015, 5.155417919], [-1.158751011, 5.155417919], [-1.158751011, 5.155139923], [-1.15902698, 5.155139923], [-1.15902698, 5.153782845], [-1.15902698, 5.1534729], [-1.159304976, 5.1534729], [-1.159304976, 5.151804924], [-1.159582973, 5.151804924], [-1.159582973, 5.150694847], [-1.160138965, 5.150694847], [-1.160138965, 5.150416851], [-1.160416961, 5.150416851], [-1.160416961, 5.150138855], [-1.160694957, 5.150138855], [-1.160694957, 5.149860859], [-1.160972953, 5.149860859], [-1.160972953, 5.149304867], [-1.161249042, 5.149304867], [-1.161249042, 5.149026871], [-1.161527038, 5.149026871], [-1.161527038, 5.148748875], [-1.161805034, 5.148748875], [-1.161805034, 5.14819479], [-1.16208303, 5.14819479], [-1.16208303, 5.147916794], [-1.162639022, 5.147916794], [-1.162639022, 5.147638798], [-1.162917018, 5.147638798], [-1.162917018, 5.147360802], [-1.163195014, 5.147360802], [-1.163195014, 5.147082806], [-1.163470984, 5.147082806], [-1.16347301, 5.14680481], [-1.16374898, 5.14680481], [-1.16374898, 5.146526814], [-1.164582968, 5.146526814], [-1.164582968, 5.146251202], [-1.164860964, 5.146251202], [-1.164860964, 5.145973206], [-1.16513896, 5.145973206], [-1.16513896, 5.14569521], [-1.165694952, 5.14569521], [-1.165694952, 5.145417213], [-1.166249037, 5.145417213], [-1.166249037, 5.145139217], [-1.166527033, 5.145139217], [-1.166527033, 5.144861221], [-1.167106032, 5.144917965], [-1.167083025, 5.144583225], [-1.167667031, 5.144579887], [-1.167639971, 5.144307137], [-1.168192983, 5.144307137], [-1.168192983, 5.14402914], [-1.168750048, 5.14402914], [-1.168750048, 5.143751144], [-1.16930604, 5.143751144], [-1.16930604, 5.143473148], [-1.169862032, 5.143473148], [-1.169862032, 5.143195152], [-1.170415998, 5.143195152], [-1.170415998, 5.142917156], [-1.17097199, 5.142917156], [-1.17097199, 5.142638206], [-1.172377944, 5.142674923], [-1.17236197, 5.14236021], [-1.172948003, 5.142433167], [-1.172916055, 5.142082214], [-1.173769951, 5.142082214], [-1.174028039, 5.142082214], [-1.174028039, 5.141973019], [-1.174028039, 5.141807079], [-1.174584031, 5.141807079], [-1.174584031, 5.141529083], [-1.175227046, 5.141529083], [-1.175971985, 5.141529083], [-1.175971985, 5.141250134], [-1.178472042, 5.141250134], [-1.178472042, 5.140972137], [-1.180693984, 5.140972137], [-1.180693984, 5.140694141], [-1.180973053, 5.140694141], [-1.180973053, 5.140416145], [-1.181807041, 5.140416145], [-1.181807041, 5.140138149], [-1.184860945, 5.140138149], [-1.184860945, 5.139860153], [-1.185417056, 5.139860153], [-1.185417056, 5.14236021], [-1.185973048, 5.14236021], [-1.185973048, 5.142082214], [-1.186249018, 5.142082214], [-1.186249018, 5.141529083], [-1.186527014, 5.141529083], [-1.186527014, 5.141250134], [-1.187083006, 5.141250134], [-1.187083006, 5.140138149], [-1.187361002, 5.140138149], [-1.187361002, 5.139860153], [-1.187638998, 5.139860153], [-1.187638998, 5.139584064], [-1.188472986, 5.139582157], [-1.188472986, 5.139306068], [-1.189582944, 5.139306068], [-1.189582944, 5.139028072], [-1.190417051, 5.139028072], [-1.190417051, 5.138750076], [-1.191805005, 5.138750076], [-1.191805005, 5.13847208], [-1.192638993, 5.13847208], [-1.192638993, 5.138194084], [-1.193470955, 5.138194084], [-1.193470955, 5.137916088], [-1.193748951, 5.137916088], [-1.193748951, 5.137638092], [-1.194304943, 5.137638092], [-1.194304943, 5.137360096], [-1.194584012, 5.137360096], [-1.194584012, 5.137084007], [-1.195140004, 5.137084007], [-1.195140004, 5.136806011], [-1.195418, 5.136806011], [-1.195418, 5.136614799], [-1.195418, 5.136528015], [-1.195958018, 5.136470795], [-1.195971966, 5.135972023], [-1.196249962, 5.135972023], [-1.196249962, 5.135694027], [-1.196540952, 5.135703087], [-1.196527958, 5.134861946], [-1.196805954, 5.134861946], [-1.196805954, 5.13458395], [-1.197136045, 5.134613991], [-1.19708395, 5.134027958], [-1.197435021, 5.134067059], [-1.197361946, 5.13319397], [-1.197639942, 5.13319397], [-1.197639942, 5.132639885], [-1.197916031, 5.132639885], [-1.197916031, 5.131527901], [-1.197639942, 5.131527901], [-1.197639942, 5.130971909], [-1.197361946, 5.130971909], [-1.197361946, 5.130417824], [-1.19708395, 5.130417824], [-1.19708395, 5.129583836], [-1.197361946, 5.129583836], [-1.197361946, 5.12902689], [-1.197639942, 5.12902689], [-1.197639942, 5.128470898], [-1.197916031, 5.128470898], [-1.197916031, 5.128192902], [-1.198194027, 5.128192902], [-1.198194027, 5.127917767], [-1.198472023, 5.127917767], [-1.198472023, 5.127638817], [-1.199584007, 5.127638817], [-1.199584007, 5.127360821], [-1.201549053, 5.127358913], [-1.201527953, 5.127082825], [-1.202384949, 5.127149105], [-1.202361941, 5.126804829], [-1.20263803, 5.126804829], [-1.20263803, 5.126248837], [-1.203472018, 5.126248837], [-1.203472018, 5.12597084], [-1.203750014, 5.12597084], [-1.203750014, 5.126248837], [-1.204584002, 5.126248837], [-1.204584002, 5.12597084], [-1.205137968, 5.12597084], [-1.205137968, 5.125695229], [-1.20569396, 5.125695229], [-1.20569396, 5.125417233], [-1.206249952, 5.125417233], [-1.206249952, 5.125139236], [-1.206527948, 5.125139236], [-1.206527948, 5.124860764], [-1.206807017, 5.124860764], [-1.206807017, 5.124582767], [-1.207082033, 5.124582767], [-1.207082033, 5.124304771], [-1.207360029, 5.124304771], [-1.207360029, 5.124026775], [-1.207638025, 5.124026775], [-1.207638025, 5.123751163], [-1.208194971, 5.123751163], [-1.208194971, 5.123473167], [-1.208472967, 5.123473167], [-1.208472967, 5.122917175], [-1.208750963, 5.122917175], [-1.208750963, 5.122361183], [-1.209028959, 5.122361183], [-1.209028959, 5.122083187], [-1.209303975, 5.122083187], [-1.209303975, 5.121805191], [-1.209583044, 5.121805191], [-1.209583044, 5.121251106], [-1.20986104, 5.121251106], [-1.20986104, 5.120695114], [-1.210139036, 5.120695114], [-1.210139036, 5.120417118], [-1.21125102, 5.120417118], [-1.21125102, 5.120139122], [-1.211529016, 5.120139122], [-1.211529016, 5.119861126], [-1.211804986, 5.119861126], [-1.211804986, 5.118751049], [-1.212360978, 5.118751049], [-1.212360978, 5.118473053], [-1.212638974, 5.118473053], [-1.212638974, 5.118195057], [-1.21291697, 5.118195057], [-1.21291697, 5.117917061], [-1.213194966, 5.117917061], [-1.213194966, 5.117361069], [-1.213750958, 5.117361069], [-1.213750958, 5.117083073], [-1.215695024, 5.117083073], [-1.215695024, 5.116804123], [-1.218083978, 5.116804123], [-1.219305038, 5.116804123], [-1.219305038, 5.116528988], [-1.219861031, 5.116528988], [-1.219861031, 5.116044998], [-1.219861031, 5.115695], [-1.220692992, 5.115695], [-1.220692992, 5.115972996], [-1.22152698, 5.115972996], [-1.22152698, 5.115695], [-1.222084045, 5.115695], [-1.222084045, 5.11541605], [-1.222362041, 5.11541605], [-1.222362041, 5.115138054], [-1.222640038, 5.115138054], [-1.222640038, 5.114860058], [-1.222918034, 5.114860058], [-1.222918034, 5.114739895], [-1.222918034, 5.114584923], [-1.22328198, 5.114584923], [-1.224305987, 5.114584923], [-1.224305987, 5.114306927], [-1.224583983, 5.114306927], [-1.224583983, 5.114027977], [-1.224861979, 5.114027977], [-1.224861979, 5.113907814], [-1.224861979, 5.113749981], [-1.225231051, 5.113749981], [-1.225972056, 5.113749981], [-1.225972056, 5.113471985], [-1.226088047, 5.113471985], [-1.227084041, 5.113471985], [-1.227638006, 5.113471985], [-1.227638006, 5.113193989], [-1.228193998, 5.113193989], [-1.228193998, 5.112481117], [-1.228193998, 5.112360001], [-1.228471994, 5.112361908], [-1.228471994, 5.112083912], [-1.22874999, 5.112083912], [-1.22874999, 5.11152792], [-1.229027987, 5.11152792], [-1.229027987, 5.111249924], [-1.229583979, 5.111249924], [-1.229583979, 5.110971928], [-1.229859948, 5.110971928], [-1.229859948, 5.110693932], [-1.230137944, 5.110693932], [-1.230137944, 5.110415936], [-1.230416059, 5.110415936], [-1.230416059, 5.110137939], [-1.230972052, 5.110137939], [-1.230972052, 5.109861851], [-1.231528044, 5.109859943], [-1.231528044, 5.109583855], [-1.232638001, 5.109583855], [-1.232638001, 5.109305859], [-1.233193994, 5.109305859], [-1.233193994, 5.109027863], [-1.23347199, 5.109027863], [-1.23347199, 5.108749866], [-1.233749986, 5.108749866], [-1.233749986, 5.10847187], [-1.234029055, 5.10847187], [-1.234029055, 5.108193874], [-1.234307051, 5.108193874], [-1.234307051, 5.107915878], [-1.234581947, 5.107915878], [-1.234581947, 5.108193874], [-1.235245943, 5.108193874], [-1.235973001, 5.108193874], [-1.235973001, 5.107915878], [-1.236528993, 5.107915878], [-1.236528993, 5.107637882], [-1.236804962, 5.107637882], [-1.236804962, 5.107361794], [-1.237082958, 5.107361794], [-1.23705101, 5.107086182], [-1.237360954, 5.107083797], [-1.237360954, 5.106805801], [-1.237916946, 5.106805801], [-1.237916946, 5.106527805], [-1.239027023, 5.106527805], [-1.23902905, 5.106249809], [-1.239305019, 5.106249809], [-1.239305019, 5.105547905], [-1.239305019, 5.105418205], [-1.239583015, 5.105418205], [-1.239583015, 5.105140209], [-1.239904046, 5.105206013], [-1.239861012, 5.103750229], [-1.240139008, 5.103750229], [-1.240139008, 5.103472233], [-1.240695, 5.103472233], [-1.240695, 5.103192806], [-1.240972996, 5.103192806], [-1.240972996, 5.102918148], [-1.241250992, 5.102918148], [-1.241250992, 5.102640152], [-1.241526961, 5.102640152], [-1.241526961, 5.102918148], [-1.24236095, 5.102918148], [-1.24236095, 5.102640152], [-1.243195057, 5.102640152], [-1.243195057, 5.102918148], [-1.243379951, 5.102918148], [-1.244305015, 5.102918148], [-1.244305015, 5.102640152], [-1.24624896, 5.102640152], [-1.24624896, 5.102362156], [-1.247082949, 5.102362156], [-1.247082949, 5.10208416], [-1.251250029, 5.10208416], [-1.251250029, 5.10180521], [-1.252362013, 5.10180521], [-1.252362013, 5.10208416], [-1.252915978, 5.10208416], [-1.252915978, 5.10180521], [-1.255694032, 5.10180521], [-1.255694032, 5.101527214], [-1.259305954, 5.101527214], [-1.259305954, 5.101249218], [-1.262359977, 5.101249218], [-1.262359977, 5.100971222], [-1.267917037, 5.100971222], [-1.267917037, 5.100696087], [-1.268748999, 5.100696087], [-1.268751025, 5.100417137], [-1.273470998, 5.100417137], [-1.273470998, 5.100139141], [-1.27958405, 5.100139141], [-1.27958405, 5.099861145], [-1.283750057, 5.099861145], [-1.283750057, 5.099583149], [-1.284860015, 5.099583149], [-1.284860015, 5.099861145], [-1.286527991, 5.099861145], [-1.286527991, 5.099583149], [-1.28847301, 5.099583149], [-1.28847301, 5.099861145], [-1.289306998, 5.099861145], [-1.289306998, 5.099583149], [-1.292083025, 5.099583149], [-1.292083025, 5.099305153], [-1.296805024, 5.099305153], [-1.296805024, 5.099027157], [-1.300971031, 5.099027157], [-1.300971031, 5.098749161], [-1.304028034, 5.098749161], [-1.304028034, 5.099027157], [-1.30430603, 5.099027157], [-1.30430603, 5.098749161], [-1.306527972, 5.098749161], [-1.306527972, 5.098471165], [-1.307083964, 5.098471165], [-1.307083964, 5.098195076], [-1.307638049, 5.098195076], [-1.307638049, 5.09791708], [-1.308194041, 5.09791708], [-1.308194041, 5.098195076], [-1.314028025, 5.098195076], [-1.314028025, 5.09791708], [-1.315695047, 5.09791708], [-1.315695047, 5.097639084], [-1.317916989, 5.097639084], [-1.317916989, 5.097361088], [-1.319028974, 5.097361088], [-1.319028974, 5.097083092], [-1.319583058, 5.097083092], [-1.319583058, 5.096805096], [-1.319861054, 5.096805096], [-1.319861054, 5.0965271], [-1.32013905, 5.0965271], [-1.32013905, 5.097083092], [-1.320417047, 5.097083092], [-1.320417047, 5.097361088], [-1.320695043, 5.097361088], [-1.320695043, 5.097639084], [-1.320973039, 5.097639084], [-1.320973039, 5.09791708], [-1.321249008, 5.09791708], [-1.321249008, 5.098195076], [-1.321805, 5.098195076], [-1.321805, 5.09791708], [-1.322082996, 5.09791708], [-1.322082996, 5.097083092], [-1.321805, 5.097083092], [-1.321805, 5.096805096], [-1.321251035, 5.096805096], [-1.321249008, 5.0965271], [-1.320973039, 5.0965271], [-1.320973039, 5.096249104], [-1.321249008, 5.096249104], [-1.321251035, 5.095973015], [-1.322082996, 5.095973015], [-1.322082996, 5.095695019], [-1.322916985, 5.095695019], [-1.322916985, 5.095417023], [-1.324026942, 5.095417023], [-1.324026942, 5.095139027], [-1.32486105, 5.095139027], [-1.32486105, 5.094861031], [-1.326514006, 5.094861031], [-1.326804996, 5.094861031], [-1.326804996, 5.094583035], [-1.327918053, 5.094583035], [-1.327918053, 5.094305038], [-1.328248024, 5.094305038], [-1.329027057, 5.094305038], [-1.329027057, 5.09402895], [-1.33069396, 5.09402895], [-1.33069396, 5.093750954], [-1.332362056, 5.093750954], [-1.332362056, 5.093472958], [-1.333472013, 5.093472958], [-1.333472013, 5.093194962], [-1.334861994, 5.093194962], [-1.334861994, 5.092916965], [-1.336527944, 5.092916965], [-1.336527944, 5.092638969], [-1.338194013, 5.092638969], [-1.338194013, 5.092360973], [-1.339859962, 5.092360973], [-1.339859962, 5.092082977], [-1.341529012, 5.092082977], [-1.341529012, 5.091804981], [-1.34236002, 5.091804981], [-1.34236002, 5.091528893], [-1.343194962, 5.091528893], [-1.343194962, 5.091250896], [-1.343472958, 5.091250896], [-1.343472958, 5.090694904], [-1.343750954, 5.090694904], [-1.343750954, 5.090416908], [-1.344861031, 5.090416908], [-1.344861031, 5.090138912], [-1.345695019, 5.090138912], [-1.345695019, 5.089860916], [-1.345973015, 5.089860916], [-1.345973015, 5.089581966], [-1.346251011, 5.089581966], [-1.346251011, 5.08930397], [-1.346529007, 5.08930397], [-1.346529007, 5.089028835], [-1.347082973, 5.089028835], [-1.347082973, 5.088750839], [-1.347638965, 5.088750839], [-1.347638965, 5.088472843], [-1.348194957, 5.088472843], [-1.348194957, 5.088193893], [-1.348472953, 5.088193893], [-1.348472953, 5.087915897], [-1.348750949, 5.087915897], [-1.348750949, 5.085971832], [-1.349027038, 5.085971832], [-1.349027038, 5.085693836], [-1.349305034, 5.085693836], [-1.349305034, 5.084862232], [-1.349027038, 5.084862232], [-1.349027038, 5.084584236], [-1.348750949, 5.084584236], [-1.348750949, 5.084305763], [-1.348472953, 5.084305763], [-1.348472953, 5.084027767], [-1.348194957, 5.084027767], [-1.348194957, 5.083749771], [-1.347638965, 5.083749771], [-1.347638965, 5.083193779], [-1.347360969, 5.083193779], [-1.347360969, 5.082915783], [-1.346804976, 5.082915783], [-1.346804976, 5.082362175], [-1.346529007, 5.082362175], [-1.346529007, 5.082084179], [-1.346804976, 5.082084179], [-1.346804976, 5.081806183], [-1.347082973, 5.081806183], [-1.347082973, 5.081528187], [-1.348472953, 5.081528187], [-1.348472953, 5.081250191], [-1.351071, 5.081250191], [-1.352082968, 5.081250191], [-1.352082968, 5.080972195], [-1.353194952, 5.080972195], [-1.353194952, 5.080694199], [-1.353471041, 5.080694199], [-1.353471041, 5.080138206], [-1.353749037, 5.080138206], [-1.353749037, 5.079584122], [-1.354305029, 5.079584122], [-1.354305029, 5.079306126], [-1.35986197, 5.079306126], [-1.35986197, 5.07902813], [-1.360139966, 5.07902813], [-1.360139966, 5.079306126], [-1.361250043, 5.079306126], [-1.361250043, 5.07902813], [-1.361806035, 5.07902813], [-1.361806035, 5.078750134], [-1.362915993, 5.078750134], [-1.362915993, 5.078472137], [-1.364027977, 5.078472137], [-1.364027977, 5.078194141], [-1.366250038, 5.078194141], [-1.366250038, 5.077916145], [-1.367637992, 5.077916145], [-1.367637992, 5.077640057], [-1.369307041, 5.077640057], [-1.369307041, 5.077362061], [-1.370139003, 5.077362061], [-1.370139003, 5.077084064], [-1.370972991, 5.077084064], [-1.370972991, 5.076806068], [-1.372360945, 5.076806068], [-1.372360945, 5.076528072], [-1.372638941, 5.076528072], [-1.372638941, 5.076250076], [-1.373195052, 5.076250076], [-1.373195052, 5.075971127], [-1.374027014, 5.075971127], [-1.37402904, 5.075695992], [-1.375138998, 5.075695992], [-1.375138998, 5.075417995], [-1.375972986, 5.075417995], [-1.375972986, 5.075139999], [-1.376526952, 5.075139999], [-1.376526952, 5.074862003], [-1.376804948, 5.074862003], [-1.376804948, 5.074583054], [-1.377082944, 5.074583054], [-1.377082944, 5.074305058], [-1.378473043, 5.074305058], [-1.378473043, 5.074583054], [-1.381248951, 5.074583054], [-1.381248951, 5.074305058], [-1.38458395, 5.074305058], [-1.38458395, 5.074027061], [-1.385203958, 5.074027061], [-1.385694027, 5.074027061], [-1.385694027, 5.073749065], [-1.387362003, 5.073749065], [-1.387362003, 5.073471069], [-1.387637973, 5.073471069], [-1.387637973, 5.073194981], [-1.388471961, 5.073194981], [-1.388471961, 5.072916985], [-1.389583945, 5.072916985], [-1.389583945, 5.072638988], [-1.390416026, 5.072638988], [-1.390416026, 5.072360992], [-1.390694022, 5.072360992], [-1.390694022, 5.072082996], [-1.391250014, 5.072082996], [-1.391250014, 5.071805], [-1.39152801, 5.071805], [-1.39152801, 5.071527004], [-1.391806006, 5.071527004], [-1.391806006, 5.071249008], [-1.392359972, 5.071249008], [-1.392359972, 5.070972919], [-1.392915964, 5.070972919], [-1.392915964, 5.070694923], [-1.39319396, 5.070694923], [-1.39319396, 5.070416927], [-1.394582033, 5.070416927], [-1.394582033, 5.070138931], [-1.395972967, 5.070138931], [-1.395972967, 5.070694923], [-1.396250963, 5.070694923], [-1.396250963, 5.070972919], [-1.396528959, 5.070972919], [-1.396517038, 5.071320057], [-1.397081971, 5.071249008], [-1.397081971, 5.071396828], [-1.397081971, 5.071527004], [-1.397369981, 5.071528912], [-1.39736104, 5.071805], [-1.397917032, 5.071805], [-1.397917032, 5.072360992], [-1.398195028, 5.072360992], [-1.398195028, 5.072638988], [-1.39875102, 5.072638988], [-1.39875102, 5.072360992], [-1.399582982, 5.072360992], [-1.399582982, 5.072082996], [-1.400138974, 5.072082996], [-1.400138974, 5.072360992], [-1.401527047, 5.072360992], [-1.401527047, 5.072014809], [-1.401527047, 5.071249008], [-1.401250958, 5.071249008], [-1.401250958, 5.070972919], [-1.397639036, 5.070971012], [-1.397639036, 5.070694923], [-1.397081971, 5.070694923], [-1.397081971, 5.070416927], [-1.396803975, 5.070416927], [-1.396803975, 5.070138931], [-1.397081971, 5.070138931], [-1.397081971, 5.069860935], [-1.399304986, 5.069860935], [-1.399304986, 5.069582939], [-1.400972962, 5.069582939], [-1.400972962, 5.069304943], [-1.403028965, 5.069304943], [-1.406249046, 5.069304943], [-1.406249046, 5.069026947], [-1.40902698, 5.069026947], [-1.40902698, 5.068748951], [-1.410971999, 5.068748951], [-1.410971999, 5.068472862], [-1.414028049, 5.068472862], [-1.414028049, 5.068748951], [-1.415971994, 5.068748951], [-1.415971994, 5.068472862], [-1.417083979, 5.068472862], [-1.417083979, 5.068194866], [-1.420138001, 5.068194866], [-1.420138001, 5.06791687], [-1.420693994, 5.06791687], [-1.420693994, 5.067638874], [-1.422638059, 5.067638874], [-1.422638059, 5.067360878], [-1.424304008, 5.067360878], [-1.424304008, 5.067082882], [-1.424860954, 5.067082882], [-1.424860954, 5.066804886], [-1.425416946, 5.066804886], [-1.425416946, 5.06652689], [-1.425973058, 5.06652689], [-1.425973058, 5.066250801], [-1.426251054, 5.066250801], [-1.426251054, 5.065972805], [-1.426527023, 5.065972805], [-1.42652905, 5.065694809], [-1.427083015, 5.065694809], [-1.427083015, 5.065416813], [-1.427639008, 5.065416813], [-1.427639008, 5.065138817], [-1.429026961, 5.065138817], [-1.429026961, 5.065416813], [-1.429304957, 5.065416813], [-1.429304957, 5.065138817], [-1.430695057, 5.065138817], [-1.430695057, 5.069026947], [-1.430416942, 5.069026947], [-1.430416942, 5.069582939], [-1.430138946, 5.069582939], [-1.430138946, 5.069860935], [-1.428195, 5.069860935], [-1.428195, 5.070138931], [-1.427361012, 5.070138931], [-1.427361012, 5.070416927], [-1.426805019, 5.070416927], [-1.426805019, 5.070694923], [-1.426251054, 5.070694923], [-1.426251054, 5.071527004], [-1.427639008, 5.071527004], [-1.427639008, 5.071249008], [-1.428750992, 5.071249008], [-1.428750992, 5.070972919], [-1.429026961, 5.070972919], [-1.429026961, 5.070694923], [-1.430138946, 5.070694923], [-1.430138946, 5.070416927], [-1.431527019, 5.070416927], [-1.431527019, 5.070972919], [-1.431805015, 5.070972919], [-1.431805015, 5.072638988], [-1.432361007, 5.072638988], [-1.432361007, 5.072916985], [-1.432639003, 5.072916985], [-1.432639003, 5.073194981], [-1.432916999, 5.073194981], [-1.432916999, 5.073471069], [-1.433194995, 5.073471069], [-1.433194995, 5.073749065], [-1.43374896, 5.073749065], [-1.43374896, 5.074027061], [-1.434582949, 5.074027061], [-1.434582949, 5.074305058], [-1.436527014, 5.074305058], [-1.436527014, 5.073471069], [-1.434860945, 5.073471069], [-1.434860945, 5.073194981], [-1.434026957, 5.073194981], [-1.434026957, 5.072916985], [-1.43374896, 5.072916985], [-1.43374896, 5.072638988], [-1.433470964, 5.072638988], [-1.433470964, 5.072360992], [-1.433194995, 5.072360992], [-1.433194995, 5.072082996], [-1.432916999, 5.072082996], [-1.432916999, 5.071249008], [-1.432639003, 5.071249008], [-1.432639003, 5.070694923], [-1.432361007, 5.070694923], [-1.432361007, 5.070138931], [-1.432083011, 5.070138931], [-1.432083011, 5.069582939], [-1.431805015, 5.069582939], [-1.431805015, 5.067082882], [-1.432083011, 5.067082882], [-1.432083011, 5.066804886], [-1.432361007, 5.066804886], [-1.432361007, 5.065416813], [-1.432083011, 5.065416813], [-1.432083011, 5.065138817], [-1.432916999, 5.065138817], [-1.432916999, 5.064860821], [-1.43374896, 5.064860821], [-1.43374896, 5.064582825], [-1.43541801, 5.064582825], [-1.43541801, 5.064307213], [-1.435971022, 5.064307213], [-1.435971022, 5.064029217], [-1.436527014, 5.064029217], [-1.436527014, 5.063473225], [-1.437361956, 5.063473225], [-1.437361956, 5.063195229], [-1.437917948, 5.063195229], [-1.437917948, 5.062917233], [-1.438194036, 5.062917233], [-1.438194036, 5.062639236], [-1.438472033, 5.062639236], [-1.438472033, 5.06235981], [-1.439028025, 5.06235981], [-1.439028025, 5.062081814], [-1.439306021, 5.062081814], [-1.439306021, 5.061807156], [-1.439584017, 5.061807156], [-1.439584017, 5.061251163], [-1.439862013, 5.061251163], [-1.439862013, 5.060416222], [-1.440140009, 5.060416222], [-1.440140009, 5.060138226], [-1.440971971, 5.060138226], [-1.440971971, 5.059860229], [-1.441249967, 5.059860229], [-1.441249967, 5.059582233], [-1.441527963, 5.059582233], [-1.441527963, 5.059028149], [-1.441805959, 5.059028149], [-1.441805959, 5.058750153], [-1.442083955, 5.058750153], [-1.442083955, 5.058472157], [-1.444584012, 5.058472157], [-1.444584012, 5.05819416], [-1.44569397, 5.05819416], [-1.44569397, 5.057916164], [-1.447098017, 5.057978153], [-1.44708395, 5.057638168], [-1.448629975, 5.057638168], [-1.450973034, 5.057638168], [-1.450973034, 5.057360172], [-1.452638984, 5.057360172], [-1.452638984, 5.057084084], [-1.456526995, 5.057084084], [-1.456526995, 5.056806087], [-1.462640047, 5.056806087], [-1.462640047, 5.056528091], [-1.470693946, 5.056528091], [-1.470693946, 5.056250095], [-1.472084045, 5.056250095], [-1.472084045, 5.055972099], [-1.473194003, 5.055972099], [-1.473194003, 5.055694103], [-1.474583983, 5.055694103], [-1.474583983, 5.055416107], [-1.474859953, 5.055416107], [-1.474859953, 5.055694103], [-1.475415945, 5.055694103], [-1.475415945, 5.055416107], [-1.475693941, 5.055416107], [-1.475693941, 5.055140018], [-1.475972056, 5.055140018], [-1.475972056, 5.054862022], [-1.476529002, 5.054862022], [-1.476529002, 5.054584026], [-1.477082014, 5.054584026], [-1.477082014, 5.05430603], [-1.47736001, 5.05430603], [-1.47736001, 5.054028034], [-1.477916956, 5.054028034], [-1.477916956, 5.053750038], [-1.478472948, 5.053750038], [-1.478472948, 5.053472042], [-1.479583025, 5.053472042], [-1.479583025, 5.053194046], [-1.479861021, 5.053194046], [-1.479861021, 5.05291605], [-1.480695009, 5.05291605], [-1.480695009, 5.052639961], [-1.481804967, 5.052639961], [-1.481804967, 5.052361965], [-1.483472943, 5.052361965], [-1.483472943, 5.052083969], [-1.484027028, 5.052083969], [-1.484027028, 5.051527977], [-1.484305024, 5.051527977], [-1.484305024, 5.051249981], [-1.485695004, 5.051249981], [-1.485695004, 5.050971985], [-1.48624897, 5.050971985], [-1.48624897, 5.051249981], [-1.486804962, 5.051249981], [-1.486804962, 5.050971985], [-1.487082958, 5.050971985], [-1.487082958, 5.050693989], [-1.48763895, 5.050693989], [-1.48763895, 5.050139904], [-1.487916946, 5.050139904], [-1.487916946, 5.04902792], [-1.489027023, 5.04902792], [-1.489027023, 5.04874897], [-1.489305019, 5.04874897], [-1.489305019, 5.048470974], [-1.489861965, 5.048470974], [-1.489861965, 5.048192978], [-1.492084026, 5.048192978], [-1.492084026, 5.047917843], [-1.493749976, 5.047917843], [-1.493749976, 5.047639847], [-1.494583964, 5.047639847], [-1.494583964, 5.047360897], [-1.496250033, 5.047360897], [-1.496250033, 5.047082901], [-1.497637987, 5.047082901], [-1.497637987, 5.046804905], [-1.497915983, 5.046804905], [-1.497915983, 5.046526909], [-1.498193979, 5.046526909], [-1.498193979, 5.046248913], [-1.498749971, 5.046248913], [-1.498749971, 5.045972824], [-1.499305964, 5.045972824], [-1.499305964, 5.045694828], [-1.499860048, 5.045694828], [-1.499860048, 5.045416832], [-1.500138044, 5.045416832], [-1.500138044, 5.04522419], [-1.500138044, 5.045138836], [-1.500722051, 5.045138836], [-1.500972033, 5.045138836], [-1.500972033, 5.04486084], [-1.50236702, 5.044895172], [-1.502359986, 5.044582844], [-1.50375104, 5.044582844], [-1.50375104, 5.044304848], [-1.504029036, 5.044304848], [-1.504029036, 5.042916775], [-1.505138993, 5.042916775], [-1.505138993, 5.043194771], [-1.505694985, 5.043194771], [-1.505694985, 5.042916775], [-1.509860992, 5.042916775], [-1.509860992, 5.042638779], [-1.512917042, 5.042638779], [-1.512917042, 5.042360783], [-1.517917991, 5.042360783], [-1.517917991, 5.042082787], [-1.520416021, 5.042082787], [-1.520416021, 5.042231083], [-1.520416021, 5.042360783], [-1.52263999, 5.042360783], [-1.52263999, 5.042082787], [-1.525972009, 5.042082787], [-1.525972009, 5.04180479], [-1.526805997, 5.04180479], [-1.526805997, 5.041526794], [-1.527915955, 5.041526794], [-1.527915955, 5.041251183], [-1.528749943, 5.041251183], [-1.528749943, 5.040973186], [-1.531250954, 5.040973186], [-1.531250954, 5.041248798], [-1.530694962, 5.041251183], [-1.530694962, 5.041526794], [-1.52986002, 5.041526794], [-1.52986002, 5.04180479], [-1.529028058, 5.04180479], [-1.529028058, 5.042082787], [-1.528749943, 5.042082787], [-1.528749943, 5.042360783], [-1.528471947, 5.042360783], [-1.528471947, 5.042638779], [-1.528193951, 5.042638779], [-1.528193951, 5.042916775], [-1.527915955, 5.042916775], [-1.527915955, 5.043194771], [-1.527637959, 5.043194771], [-1.527637959, 5.04486084], [-1.528193951, 5.04486084], [-1.528193951, 5.045138836], [-1.528471947, 5.045138836], [-1.528471947, 5.045416832], [-1.529582024, 5.045416832], [-1.529582024, 5.045694828], [-1.52986002, 5.045694828], [-1.52986002, 5.045972824], [-1.530138016, 5.045972824], [-1.530138016, 5.046248913], [-1.530694962, 5.046248913], [-1.530694962, 5.046804905], [-1.530972958, 5.046804905], [-1.530972958, 5.047360897], [-1.531250954, 5.047360897], [-1.531250954, 5.047639847], [-1.53152895, 5.047639847], [-1.53152895, 5.047917843], [-1.531803966, 5.047917843], [-1.531803966, 5.048470974], [-1.532083035, 5.048470974], [-1.532083035, 5.04874897], [-1.532361031, 5.04874897], [-1.532361031, 5.049305916], [-1.532639027, 5.049305916], [-1.532639027, 5.049861908], [-1.533473015, 5.049861908], [-1.533473015, 5.050139904], [-1.535138965, 5.050139904], [-1.535138965, 5.049861908], [-1.535416961, 5.049861908], [-1.535416961, 5.049305916], [-1.534029007, 5.049305916], [-1.534029007, 5.04902792], [-1.533195019, 5.04902792], [-1.533195019, 5.04874897], [-1.532917023, 5.04874897], [-1.532917023, 5.048470974], [-1.532639027, 5.048470974], [-1.532639027, 5.047917843], [-1.532361031, 5.047914982], [-1.532361031, 5.047639847], [-1.532083035, 5.047639847], [-1.532083035, 5.047082901], [-1.531806946, 5.047082901], [-1.531803966, 5.046526909], [-1.53152895, 5.046526909], [-1.53152895, 5.045972824], [-1.531250954, 5.045972824], [-1.531250954, 5.045694828], [-1.530972958, 5.045694828], [-1.530972958, 5.045416832], [-1.530694962, 5.045416832], [-1.530694962, 5.045138836], [-1.530138016, 5.045138836], [-1.530138016, 5.04486084], [-1.529582024, 5.04486084], [-1.529582024, 5.042638779], [-1.52986002, 5.042638779], [-1.52986002, 5.042360783], [-1.530416012, 5.042360783], [-1.530416012, 5.042082787], [-1.530972958, 5.042082787], [-1.530972958, 5.04180479], [-1.532083035, 5.04180479], [-1.532083035, 5.041251183], [-1.532361031, 5.041251183], [-1.532361031, 5.040466785], [-1.532361031, 5.040139198], [-1.532083035, 5.040139198], [-1.532083035, 5.039583206], [-1.532639027, 5.039583206], [-1.532639027, 5.03930521], [-1.534860969, 5.03930521], [-1.534860969, 5.039027214], [-1.537917018, 5.039027214], [-1.537917018, 5.038751125], [-1.54013896, 5.038751125], [-1.54013896, 5.038473129], [-1.541249037, 5.038473129], [-1.541249037, 5.038195133], [-1.544026971, 5.038195133], [-1.544026971, 5.037917137], [-1.546249986, 5.037917137], [-1.546249986, 5.037639141], [-1.549306035, 5.037639141], [-1.549306035, 5.037361145], [-1.550137997, 5.037361145], [-1.550137997, 5.037083149], [-1.550415993, 5.037083149], [-1.550415993, 5.036805153], [-1.550971985, 5.036805153], [-1.550971985, 5.036251068], [-1.551527977, 5.036251068], [-1.551527977, 5.036529064], [-1.552083969, 5.036529064], [-1.552083969, 5.036251068], [-1.55430603, 5.036251068], [-1.55430603, 5.035973072], [-1.556249976, 5.035973072], [-1.556249976, 5.035695076], [-1.556529045, 5.035695076], [-1.556529045, 5.03513813], [-1.556807041, 5.03513813], [-1.556807041, 5.034860134], [-1.558194995, 5.034860134], [-1.558194995, 5.034584999], [-1.558750987, 5.034584999], [-1.558750987, 5.034307003], [-1.561527014, 5.034307003], [-1.56152904, 5.034029007], [-1.56319499, 5.034029007], [-1.56319499, 5.033750057], [-1.563472986, 5.033750057], [-1.563472986, 5.033194065], [-1.563750982, 5.033194065], [-1.563750982, 5.033472061], [-1.565147996, 5.033472061], [-1.564924955, 5.033575058], [-1.565572023, 5.093523026], [-1.565389991, 5.104312897], [-1.565004945, 5.107775211], [-1.564188957, 5.111061096], [-1.560508013, 5.118769169], [-1.559762955, 5.121723175], [-1.559229016, 5.128022194], [-1.558946967, 5.137690067], [-1.558599949, 5.140810966], [-1.557875037, 5.143777847], [-1.553977966, 5.151422024], [-1.551573992, 5.156971931], [-1.550441027, 5.158813], [-1.546885014, 5.163060188], [-1.541887045, 5.167517185], [-1.539136052, 5.169288158], [-1.533586979, 5.17181778], [-1.530807972, 5.173563957], [-1.522732973, 5.179663181], [-1.518522024, 5.181800842], [-1.516281009, 5.182531834], [-1.51314497, 5.183102131], [-1.509915948, 5.183356762], [-1.49675405, 5.183477879], [-1.490376949, 5.183972836], [-1.487395048, 5.184720039], [-1.484787941, 5.185918808], [-1.47974205, 5.188817978], [-1.474843979, 5.191243172], [-1.470780969, 5.19372797], [-1.466063023, 5.197610855], [-1.459486961, 5.203678131], [-1.454455018, 5.207654953], [-1.448500037, 5.211590767], [-1.43186903, 5.22179985], [-1.430405974, 5.225430012], [-1.429008961, 5.228233814], [-1.427346945, 5.230920792], [-1.425377965, 5.233191013], [-1.419196963, 5.237958908], [-1.417243958, 5.240159988], [-1.415796041, 5.242623806], [-1.415006042, 5.245534897], [-1.414793968, 5.248604774], [-1.415030956, 5.251684189], [-1.415768981, 5.254646778], [-1.419733047, 5.262392998], [-1.422122955, 5.271402836], [-1.423002958, 5.273525238], [-1.424142957, 5.275497913], [-1.425557971, 5.277253151], [-1.427271962, 5.278737068], [-1.439075947, 5.285479069], [-1.441635013, 5.286861897], [-1.447337031, 5.289095879], [-1.454924941, 5.293344021], [-1.460595012, 5.295590878], [-1.468160033, 5.299860001], [-1.473827958, 5.302106857], [-1.481408, 5.306359768], [-1.487097025, 5.308596134], [-1.49467504, 5.313014984], [-1.499500036, 5.315472126], [-1.503175974, 5.318192959], [-1.505928993, 5.321828842], [-1.508417964, 5.326605797], [-1.512905955, 5.33409977], [-1.515298963, 5.339681149], [-1.516855955, 5.342131138], [-1.524561048, 5.351317883], [-1.526134014, 5.353758812], [-1.528540969, 5.35931778], [-1.532641053, 5.366889], [-1.533463955, 5.369826794], [-1.534518957, 5.375939846], [-1.535336971, 5.378878117], [-1.539379954, 5.386497021], [-1.541607022, 5.392195225], [-1.542616963, 5.394141197], [-1.545003057, 5.398073196], [-1.547760963, 5.401956081], [-1.550974011, 5.405117035], [-1.552899957, 5.406520844], [-1.558948994, 5.410027027], [-1.560971022, 5.410900116], [-1.56399703, 5.411705971], [-1.570232987, 5.412967205], [-1.57248199, 5.413733006], [-1.576724052, 5.415902138], [-1.581531048, 5.419681072], [-1.593325019, 5.431127071], [-1.597522974, 5.43603611], [-1.599050045, 5.438723087], [-1.599894047, 5.441654205], [-1.600453973, 5.447978973], [-1.600548029, 5.477455139], [-1.600335956, 5.483892918], [-1.59995997, 5.486999989], [-1.599189043, 5.489944935], [-1.595340014, 5.497583866], [-1.594578981, 5.500531197], [-1.594069958, 5.506846905], [-1.594002008, 5.519876003], [-1.593459964, 5.526203156], [-1.592671037, 5.52916193], [-1.588750958, 5.536830902], [-1.588016987, 5.539760113], [-1.587790966, 5.542807102], [-1.58801198, 5.545845032], [-1.588796973, 5.548744202], [-1.590361953, 5.551486015], [-1.594733953, 5.556499958], [-1.624071002, 5.585289955], [-1.628633976, 5.589445114], [-1.633066058, 5.592609882], [-1.640097976, 5.59617281], [-1.645146012, 5.599140167], [-1.647748947, 5.600381851], [-1.650733948, 5.601146221], [-1.653882027, 5.601503849], [-1.660398006, 5.601690769], [-1.690124989, 5.601541996], [-1.69650197, 5.602070808], [-1.69947803, 5.602846146], [-1.707101941, 5.606970787], [-1.712733984, 5.609302998], [-1.720360041, 5.613434792], [-1.723338008, 5.614213943], [-1.729719996, 5.614768028], [-1.749511957, 5.614779949], [-1.755889058, 5.614234924], [-1.758860946, 5.613460064], [-1.766448021, 5.609333038], [-1.772061944, 5.60699892], [-1.779662967, 5.602838993], [-1.782647967, 5.602046013], [-1.785814047, 5.601658821], [-1.795804024, 5.601605892], [-1.799203992, 5.601906776], [-1.802598, 5.602521896], [-1.807567954, 5.604279995], [-1.814473987, 5.607433796], [-1.817262053, 5.608185768], [-1.818686008, 5.608200073], [-1.818789005, 5.627796173], [-1.819098949, 5.660418987], [-1.81893003, 5.666925907], [-1.818573952, 5.670051098], [-1.817803979, 5.673001766], [-1.813637972, 5.680521011], [-1.81133604, 5.686096191], [-1.80843699, 5.691052914], [-1.807186007, 5.693613052], [-1.806427002, 5.696559906], [-1.805953026, 5.702884197], [-1.806193948, 5.729057789], [-1.805729032, 5.73539114], [-1.804977059, 5.738348007], [-1.803730011, 5.740915775], [-1.80082202, 5.745895863], [-1.798383951, 5.751452923], [-1.796784043, 5.753887177], [-1.791095018, 5.760623932], [-1.789638996, 5.762815952], [-1.78896594, 5.765025139], [-1.789427042, 5.767270088], [-1.793277979, 5.774737835], [-1.795724034, 5.778652191], [-1.797261953, 5.780363083], [-1.799070001, 5.781807899], [-1.801072955, 5.78303194], [-1.808071971, 5.78645277], [-1.814038992, 5.790161133], [-1.815844059, 5.791604042], [-1.817299962, 5.793168068], [-1.81841898, 5.79493618], [-1.819347024, 5.79777813], [-1.819776058, 5.800867081], [-1.820003033, 5.80734396], [-1.819908023, 5.813889027], [-1.819314957, 5.82023716], [-1.818513036, 5.823196888], [-1.814512968, 5.830843925], [-1.813722014, 5.833795071], [-1.813253045, 5.840085983], [-1.813727021, 5.846381187], [-1.814510942, 5.849340916], [-1.818475962, 5.857006073], [-1.819313049, 5.859945774], [-1.820405006, 5.866054058], [-1.821305037, 5.868965149], [-1.822852015, 5.871643066], [-1.824836969, 5.874141216], [-1.829367995, 5.878912926], [-1.838799, 5.888016224], [-1.84355402, 5.891900063], [-1.845584035, 5.893187046], [-1.852650046, 5.896687984], [-1.857704997, 5.899643898], [-1.860303044, 5.900901794], [-1.863268018, 5.90170908], [-1.869446993, 5.902702808], [-1.872413993, 5.90349102], [-1.880162954, 5.907329082], [-1.889314055, 5.909470081], [-1.891548038, 5.910251141], [-1.895769, 5.912457943], [-1.900544047, 5.916279793], [-1.912242055, 5.92778492], [-1.916494966, 5.93267107], [-1.918169975, 5.935294151], [-1.920501947, 5.940889835], [-1.924824953, 5.948377132], [-1.927181959, 5.95395422], [-1.928740978, 5.956398964], [-1.936470032, 5.965570927], [-1.938027978, 5.968013763], [-1.940387011, 5.973593235], [-1.944712996, 5.981072903], [-1.947046995, 5.986663818], [-1.94868803, 5.989230156], [-1.952849984, 5.994009972], [-1.969086051, 6.010087013], [-1.97368598, 6.014259815], [-1.976145029, 6.016132832], [-1.978225946, 6.017420769], [-1.982694983, 6.019530773], [-2.004682064, 6.027904987], [-2.030637026, 6.040713787], [-2.032624006, 6.041968822], [-2.034394979, 6.043446064], [-2.035881042, 6.045194149], [-2.037143946, 6.04713583], [-2.039597988, 6.05195713], [-2.044111013, 6.059443951], [-2.046330929, 6.065100193], [-2.050657034, 6.072596073], [-2.052961111, 6.078211784], [-2.054337025, 6.080431938], [-2.057820082, 6.084572792], [-2.061718941, 6.088521004], [-2.066293955, 6.09266901], [-2.06872797, 6.094521999], [-2.072874069, 6.096940041], [-2.077857971, 6.099274158], [-2.085408926, 6.103743076], [-2.091093063, 6.105956078], [-2.098722935, 6.110046864], [-2.101084948, 6.11071682], [-2.108494043, 6.111929893], [-2.110852957, 6.112602234], [-2.11848402, 6.116704941], [-2.124162912, 6.118937969], [-2.131714106, 6.123457909], [-2.138916016, 6.126832962], [-2.145045042, 6.13013792], [-2.1489079, 6.131828785], [-2.151618004, 6.133492947], [-2.153878927, 6.13555479], [-2.160656929, 6.143535137], [-2.164262056, 6.173336983], [-2.164782047, 6.19636488], [-2.164632082, 6.202847004], [-2.164262056, 6.205966949], [-2.163441896, 6.208898067], [-2.162446022, 6.210793972], [-2.161175966, 6.212566853], [-2.157002926, 6.216837883], [-2.152595043, 6.219972134], [-2.145514011, 6.22345686], [-2.137931108, 6.227828026], [-2.132275105, 6.23006916], [-2.124742031, 6.234293938], [-2.119103909, 6.236547947], [-2.111584902, 6.240968227], [-2.106666088, 6.243351936], [-2.102572918, 6.245773792], [-2.094033003, 6.252381802], [-2.091799021, 6.253735065], [-2.086229086, 6.25617218], [-2.084007025, 6.257538795], [-2.08189702, 6.259169102], [-2.077867031, 6.262867928], [-2.067383051, 6.274260998], [-2.053659916, 6.288067818], [-2.030224085, 6.287828922], [-2.023547888, 6.28728199], [-2.020464897, 6.28649807], [-2.009784937, 6.280898094], [-2.005844116, 6.278493881], [-2.004187107, 6.277008057], [-2.002883911, 6.275278091], [-2.001955986, 6.273369789], [-2.001458883, 6.271355152], [-2.001619101, 6.268610954], [-2.002583027, 6.26610899], [-2.005309105, 6.261124134], [-2.007702112, 6.255519867], [-2.011825085, 6.24791193], [-2.012594938, 6.244952202], [-2.013104916, 6.238619804], [-2.013288021, 6.222364902], [-2.013698101, 6.219261169], [-2.014559984, 6.216345787], [-2.015968084, 6.213833809], [-2.023361921, 6.204630852], [-2.024588108, 6.202201843], [-2.025059938, 6.199454784], [-2.024702072, 6.196679115], [-2.021094084, 6.18911314], [-2.018043995, 6.177202225], [-2.014148951, 6.169514179], [-2.013319969, 6.166326046], [-2.012742996, 6.159506798], [-2.012717962, 6.134823799], [-2.012197971, 6.127963066], [-2.011389017, 6.124750137], [-2.010149002, 6.122145176], [-2.004606962, 6.112353802], [-2.003300905, 6.110456944], [-2.001774073, 6.10876894], [-1.999971032, 6.107368946], [-1.997941971, 6.106245995], [-1.995733976, 6.105400085], [-1.992550015, 6.10469389], [-1.982045054, 6.103213787], [-1.96639204, 6.099531174], [-1.962309957, 6.090164185], [-1.960875034, 6.085824966], [-1.960219979, 6.082387924], [-1.959759951, 6.075524807], [-1.959740043, 6.062087059], [-1.959488988, 6.055642128], [-1.959015012, 6.052665234], [-1.958019018, 6.050057888], [-1.956835985, 6.048567772], [-1.955286026, 6.047439098], [-1.952600956, 6.046477795], [-1.943377972, 6.044849873], [-1.941208005, 6.044053078], [-1.939195037, 6.042978764], [-1.93740201, 6.041621208], [-1.935878992, 6.039961815], [-1.934569001, 6.038090229], [-1.931926966, 6.033374786], [-1.930130959, 6.030742168], [-1.925860047, 6.025762081], [-1.916453958, 6.016287804], [-1.911805034, 6.012564182], [-1.909307003, 6.011320114], [-1.906466961, 6.010788918], [-1.903573036, 6.011004925], [-1.901571035, 6.01155901], [-1.893820047, 6.014350891], [-1.886508942, 6.018709183], [-1.882338047, 6.020102978], [-1.880797029, 6.020096779], [-1.879287958, 6.019423962], [-1.874640942, 6.015766144], [-1.872841001, 6.014766216], [-1.869989038, 6.013858795], [-1.866899014, 6.013380051], [-1.860424042, 6.013062954], [-1.853914976, 6.013267994], [-1.85076499, 6.013659954], [-1.847774982, 6.014431], [-1.840003014, 6.018235207], [-1.837021947, 6.01906395], [-1.827465057, 6.02064991], [-1.824376941, 6.021607876], [-1.818189025, 6.024250984], [-1.801731944, 6.032528877], [-1.801205039, 6.012148857], [-1.801555991, 6.005002022], [-1.802533984, 6.000687122], [-1.806162, 5.993013859], [-1.806557059, 5.990197182], [-1.80616498, 5.987395763], [-1.805405974, 5.985515118], [-1.800891042, 5.977721214], [-1.799350023, 5.975625992], [-1.79220295, 5.971028805], [-1.779945016, 5.960142136], [-1.777346969, 5.95814085], [-1.773233056, 5.95567894], [-1.768278003, 5.953292847], [-1.763203025, 5.950370789], [-1.760594964, 5.949132919], [-1.757634997, 5.948315144], [-1.751477003, 5.94726181], [-1.748515964, 5.946455002], [-1.740841985, 5.94246912], [-1.735183001, 5.940204144], [-1.727620959, 5.935770988], [-1.720599055, 5.93220377], [-1.715996981, 5.928896904], [-1.706280947, 5.919994831], [-1.703783035, 5.917974949], [-1.701151013, 5.916279793], [-1.695590019, 5.913752079], [-1.692808986, 5.911976814], [-1.684725046, 5.90570879], [-1.682667017, 5.904517174], [-1.678300023, 5.902860165], [-1.675235033, 5.902451992], [-1.672170043, 5.902571201], [-1.669219971, 5.90323782], [-1.661483049, 5.907025814], [-1.658504009, 5.907822132], [-1.645859003, 5.909197807], [-1.642886996, 5.909973145], [-1.635161042, 5.913759232], [-1.632084012, 5.91454792], [-1.628836036, 5.914929867], [-1.622110963, 5.915155888], [-1.597897053, 5.915178776], [-1.570114017, 5.915812016], [-1.56595695, 5.91128397], [-1.564553022, 5.91008997], [-1.563089967, 5.909221172], [-1.561560988, 5.908817768], [-1.560045004, 5.908820152], [-1.558652997, 5.909236908], [-1.557353973, 5.910219193], [-1.556221008, 5.911540985], [-1.555174947, 5.913024902], [-1.541445017, 5.934920788], [-1.531988978, 5.919660091], [-1.528226018, 5.914385796], [-1.526160955, 5.912131786], [-1.523059011, 5.909841061], [-1.515341997, 5.906460762], [-1.511288047, 5.904116154], [-1.507276058, 5.901414871], [-1.504034996, 5.898268223], [-1.502637982, 5.896399021], [-1.500465989, 5.892527103], [-1.499804974, 5.890746117], [-1.499608994, 5.889017105], [-1.500342965, 5.886757851], [-1.501847029, 5.884527206], [-1.507686973, 5.877810001], [-1.509287, 5.875494957], [-1.510401011, 5.873007774], [-1.510877013, 5.87135601], [-1.510887027, 5.869829178], [-1.510156989, 5.868353844], [-1.508872032, 5.866940975], [-1.489137053, 5.848503113], [-1.486683965, 5.846694946], [-1.484637976, 5.845543861], [-1.482519984, 5.84469223], [-1.480363965, 5.844220161], [-1.477483988, 5.844377041], [-1.47359097, 5.84599781], [-1.469563961, 5.8484478], [-1.465996981, 5.851428986], [-1.463081956, 5.855066776], [-1.459493995, 5.861105919], [-1.458534956, 5.863093853], [-1.456447005, 5.868926048], [-1.454383969, 5.872809887], [-1.451854944, 5.87670517], [-1.450397968, 5.878440857], [-1.448817015, 5.879836082], [-1.447029948, 5.880905151], [-1.444167018, 5.881795883], [-1.434746981, 5.882928848], [-1.431756973, 5.883667946], [-1.429797053, 5.884535789], [-1.421888947, 5.889054775], [-1.419785023, 5.890543938], [-1.416867971, 5.89496994], [-1.415599942, 5.896540165], [-1.414080024, 5.897954941], [-1.412233949, 5.899212837], [-1.41019702, 5.900237083], [-1.408015013, 5.900996208], [-1.404906988, 5.901572227], [-1.391883969, 5.902166843], [-1.388733983, 5.902526855], [-1.385751009, 5.903278828], [-1.378033042, 5.90709877], [-1.375061035, 5.907869816], [-1.37192297, 5.908258915], [-1.365417957, 5.908514977], [-1.352197051, 5.908531189], [-1.345680952, 5.908296108], [-1.342533946, 5.907917976], [-1.339550018, 5.907139778], [-1.331900954, 5.90304184], [-1.326238036, 5.900746822], [-1.31853199, 5.89672184], [-1.315533042, 5.895960808], [-1.306282043, 5.894696236], [-1.303632975, 5.893712044], [-1.302114964, 5.892541885], [-1.300958037, 5.891004086], [-1.299963951, 5.888343811], [-1.298769951, 5.882441044], [-1.297775984, 5.879761219], [-1.296620011, 5.878207207], [-1.295102954, 5.877024174], [-1.292456031, 5.876054764], [-1.289469004, 5.875660896], [-1.286339045, 5.875642776], [-1.283210039, 5.875964165], [-1.280210972, 5.876729965], [-1.272413969, 5.880648136], [-1.269438982, 5.881502151], [-1.263237953, 5.882641792], [-1.260257006, 5.883540154], [-1.257452965, 5.885068893], [-1.249212027, 5.891222954], [-1.246449947, 5.892889023], [-1.240494013, 5.895843029], [-1.234063029, 5.898624897], [-1.212751031, 5.895288944], [-1.207823038, 5.89408493], [-1.200052977, 5.889894009], [-1.194355965, 5.887635231], [-1.186784029, 5.883331776], [-1.181089044, 5.881101131], [-1.178537965, 5.879708767], [-1.173516989, 5.876667976], [-1.168678999, 5.87422514], [-1.166738987, 5.872973919], [-1.164988995, 5.871510983], [-1.163504958, 5.869784832], [-1.155236959, 5.855601788], [-1.152951002, 5.849977016], [-1.148563027, 5.842508793], [-1.146247983, 5.836911201], [-1.142060995, 5.829356194], [-1.141340971, 5.826798916], [-1.140750051, 5.821306229], [-1.140030026, 5.787392139], [-1.128419995, 5.782054901], [-1.125040054, 5.780087948], [-1.117486954, 5.774858952], [-1.115321994, 5.773663044], [-1.110792994, 5.771933079], [-1.107372046, 5.771321774], [-1.096788049, 5.770929813], [-1.029430985, 5.77109623], [-1.022444963, 5.770862103], [-1.019067049, 5.770466805], [-1.015858054, 5.769662857], [-1.008061051, 5.765964031], [-1.005079985, 5.765195847], [-0.992447019, 5.763855934], [-0.989467978, 5.763082981], [-0.981784999, 5.759099007], [-0.976144016, 5.756779194], [-0.968482018, 5.752721786], [-0.956453025, 5.749793053], [-0.948662996, 5.746039867], [-0.94570601, 5.745344162], [-0.942646027, 5.745132923], [-0.939586997, 5.745341778], [-0.936644971, 5.746046066], [-0.934058011, 5.747248173], [-0.929023027, 5.750095844], [-0.923403025, 5.752491951], [-0.915740013, 5.756606102], [-0.912738979, 5.757402897], [-0.909556985, 5.757798195], [-0.90288198, 5.757900238], [-0.895973027, 5.757205009], [-0.878780007, 5.753025055], [-0.864982009, 5.748020172], [-0.857226014, 5.745725155], [-0.849929988, 5.744914055], [-0.824654996, 5.744624138], [-0.821215987, 5.744236946], [-0.81795001, 5.743434906], [-0.810154974, 5.739726067], [-0.798161983, 5.736830235], [-0.790506005, 5.732790947], [-0.784879029, 5.730447769], [-0.779816985, 5.727652073], [-0.777207971, 5.726446152], [-0.773953021, 5.725621223], [-0.770523012, 5.725228786], [-0.763426006, 5.725008011], [-0.740310076, 5.725190512], [-0.727066994, 5.725295067], [-0.719438016, 5.72616291], [-0.702901006, 5.729756832], [-0.685782015, 5.731432915], [-0.666258991, 5.731546879], [-0.661572993, 5.73195219], [-0.659373999, 5.732561111], [-0.657393992, 5.733602047], [-0.649325013, 5.739340782], [-0.641753972, 5.743210793], [-0.621514976, 5.743703842], [-0.609561026, 5.744473934], [-0.602432013, 5.744643211], [-0.577524006, 5.744688034], [-0.570640981, 5.744150162], [-0.56742698, 5.743337154], [-0.559767008, 5.739299774], [-0.554127991, 5.736985207], [-0.546465993, 5.732936859], [-0.54350698, 5.732098103], [-0.537333012, 5.730980873], [-0.534348011, 5.730122089], [-0.531708002, 5.72880888], [-0.525577009, 5.724865913], [-0.505571008, 5.712804794], [-0.503298998, 5.706749916], [-0.500853002, 5.701175213], [-0.495335996, 5.69207716], [-0.493018001, 5.686306], [-0.488582999, 5.678795815], [-0.486353993, 5.673152924], [-0.481981993, 5.665684223], [-0.479676008, 5.660083771], [-0.478064001, 5.657564163], [-0.476103991, 5.655186176], [-0.471724004, 5.650620937], [-0.444337994, 5.623630047], [-0.438266009, 5.618007183], [-0.436141998, 5.616370201], [-0.433903992, 5.615012169], [-0.428265005, 5.612682819], [-0.425781012, 5.611163139], [-0.41644299, 5.603581905], [-0.413964003, 5.602057934], [-0.408455014, 5.599629879], [-0.406729996, 5.598424911], [-0.405203015, 5.596936226], [-0.403824002, 5.595119953], [-0.402624995, 5.593139172], [-0.40022999, 5.588280201], [-0.395705014, 5.580794811], [-0.393469989, 5.57515192], [-0.389077991, 5.567693233], [-0.386826009, 5.562069893], [-0.382398009, 5.554631233], [-0.380133986, 5.549015045], [-0.375912994, 5.541489124], [-0.37521401, 5.53915596], [-0.373939991, 5.531812191], [-0.373246998, 5.529469013], [-0.36917901, 5.521790981], [-0.368436009, 5.519184113], [-0.367143005, 5.507466793], [-0.366557986, 5.504152775], [-0.36463201, 5.496585846], [-0.364082009, 5.494861126], [-0.365137994, 5.494861126], [-0.365137994, 5.49458313], [-0.365972012, 5.49458313], [-0.365972012, 5.494305134], [-0.366250008, 5.494305134], [-0.366250008, 5.494029045], [-0.366806, 5.494029045], [-0.366806, 5.493751049], [-0.367083997, 5.493751049], [-0.367083997, 5.493473053], [-0.367361993, 5.493473053], [-0.367361993, 5.493195057], [-0.367637992, 5.493195057], [-0.367637992, 5.492917061], [-0.367915988, 5.492917061], [-0.367915988, 5.492638111], [-0.368194014, 5.492638111], [-0.368194014, 5.492360115], [-0.36847201, 5.492360115], [-0.36847201, 5.49208498], [-0.368750006, 5.49208498], [-0.368750006, 5.491806984], [-0.369028002, 5.491806984], [-0.369028002, 5.491528988], [-0.369305998, 5.491528988], [-0.369305998, 5.490972042], [-0.369583994, 5.490972042], [-0.369583994, 5.490694046], [-0.369859993, 5.490694046], [-0.369859993, 5.49041605], [-0.37013799, 5.49041605], [-0.37013799, 5.489860058], [-0.370415986, 5.489860058], [-0.370415986, 5.489305973], [-0.370694011, 5.489305973], [-0.370694011, 5.489027977], [-0.371250004, 5.489027977], [-0.371250004, 5.488749981], [-0.372081995, 5.488749981], [-0.372081995, 5.488471985], [-0.373194009, 5.488471985], [-0.373194009, 5.488193989], [-0.374029011, 5.488193989], [-0.374029011, 5.487915993], [-0.374303997, 5.487915993], [-0.374307007, 5.487637997], [-0.374581993, 5.487637997], [-0.374581993, 5.487360001], [-0.374859989, 5.487360001], [-0.374859989, 5.487083912], [-0.375416994, 5.487083912], [-0.375416994, 5.486805916], [-0.377361, 5.486805916], [-0.377361, 5.48652792], [-0.378473014, 5.48652792], [-0.378473014, 5.486249924], [-0.379027009, 5.486249924], [-0.379027009, 5.485971928], [-0.379305005, 5.485971928], [-0.379305005, 5.485693932], [-0.380138993, 5.485693932], [-0.380138993, 5.485415936], [-0.380416989, 5.485415936], [-0.380416989, 5.485137939], [-0.380694985, 5.485137939], [-0.380694985, 5.484861851], [-0.381249011, 5.484859943], [-0.381249011, 5.484583855], [-0.381527007, 5.484583855], [-0.381527007, 5.484305859], [-0.381805003, 5.484305859], [-0.381805003, 5.484027863], [-0.382360995, 5.484027863], [-0.382360995, 5.483749866], [-0.382916987, 5.483749866], [-0.382916987, 5.48347187], [-0.383473009, 5.48347187], [-0.383473009, 5.483193874], [-0.383749008, 5.483193874], [-0.383749008, 5.482917786], [-0.384305, 5.482917786], [-0.384305, 5.48263979], [-0.384582996, 5.48263979], [-0.384582996, 5.482917786], [-0.385138988, 5.482917786], [-0.385138988, 5.48263979], [-0.385695994, 5.48263979], [-0.385695994, 5.482361794], [-0.386804998, 5.482361794], [-0.386804998, 5.482083797], [-0.387082994, 5.482083797], [-0.387082994, 5.481805801], [-0.388471007, 5.481805801], [-0.388471007, 5.481527805], [-0.389028013, 5.481527805], [-0.389028013, 5.481249809], [-0.389862001, 5.481249809], [-0.389862001, 5.480971813], [-0.390415996, 5.480971813], [-0.390417993, 5.480693817], [-0.390971988, 5.480693817], [-0.390971988, 5.480418205], [-0.391250014, 5.480418205], [-0.391250014, 5.480140209], [-0.391806006, 5.480140209], [-0.391806006, 5.479862213], [-0.392915994, 5.479862213], [-0.392915994, 5.479584217], [-0.393750012, 5.479584217], [-0.393750012, 5.479306221], [-0.394584, 5.479306221], [-0.394584, 5.479026794], [-0.395415992, 5.479026794], [-0.395415992, 5.478748798], [-0.396528006, 5.478748798], [-0.396528006, 5.478470802], [-0.397359997, 5.478470802], [-0.397359997, 5.478192806], [-0.398472011, 5.478192806], [-0.398472011, 5.477918148], [-0.399028003, 5.477918148], [-0.399028003, 5.477639198], [-0.399305999, 5.477639198], [-0.399305999, 5.477083206], [-0.399581999, 5.477083206], [-0.399558991, 5.476808071], [-0.400137991, 5.47680521], [-0.400137991, 5.476527214], [-0.400694013, 5.476527214], [-0.400694013, 5.476249218], [-0.400972992, 5.476249218], [-0.400972992, 5.476173878], [-0.400972992, 5.475971222], [-0.401441991, 5.475971222], [-0.402081996, 5.475971222], [-0.402081996, 5.475695133], [-0.402361006, 5.475695133], [-0.402361006, 5.475417137], [-0.402639002, 5.475417137], [-0.402639002, 5.475139141], [-0.403194994, 5.475139141], [-0.403194994, 5.474861145], [-0.403750986, 5.474861145], [-0.403750986, 5.474583149], [-0.404029012, 5.474583149], [-0.404029012, 5.474305153], [-0.404305011, 5.474305153], [-0.404305011, 5.474027157], [-0.404583007, 5.474027157], [-0.404583007, 5.473473072], [-0.405138999, 5.473473072], [-0.405138999, 5.473195076], [-0.405416995, 5.473195076], [-0.405416995, 5.47291708], [-0.405694991, 5.47291708], [-0.405694991, 5.472639084], [-0.405972987, 5.472639084], [-0.405972987, 5.4715271], [-0.405694991, 5.4715271], [-0.405694991, 5.471251011], [-0.405416995, 5.471251011], [-0.405416995, 5.470973015], [-0.405138999, 5.470973015], [-0.405138999, 5.470695019], [-0.404861003, 5.470695019], [-0.404861003, 5.470417023], [-0.405138999, 5.470417023], [-0.405138999, 5.469861031], [-0.405416995, 5.469861031], [-0.405416995, 5.469583035], [-0.405694991, 5.469583035], [-0.405694991, 5.469305038], [-0.405972987, 5.469305038], [-0.405972987, 5.468194962], [-0.406251013, 5.468194962], [-0.406251013, 5.4659729], [-0.406527013, 5.4659729], [-0.406527013, 5.465694904], [-0.406805009, 5.465694904], [-0.406805009, 5.465137959], [-0.407083005, 5.465137959], [-0.407083005, 5.464859962], [-0.407361001, 5.464859962], [-0.407361001, 5.464581966], [-0.407638997, 5.464581966], [-0.407638997, 5.464027882], [-0.407916993, 5.464027882], [-0.407916993, 5.463193893], [-0.408194989, 5.463193893], [-0.408194989, 5.462637901], [-0.408473015, 5.462637901], [-0.408473015, 5.462361813], [-0.408749014, 5.462361813], [-0.408749014, 5.462083817], [-0.40902701, 5.462083817], [-0.40902701, 5.46180582], [-0.409305006, 5.46180582], [-0.409305006, 5.461527824], [-0.409583002, 5.461527824], [-0.409583002, 5.461249828], [-0.409860998, 5.461249828], [-0.409860998, 5.460971832], [-0.410138994, 5.460971832], [-0.410138994, 5.460693836], [-0.410416991, 5.460693836], [-0.410416991, 5.46041584], [-0.410694987, 5.46041584], [-0.410694987, 5.460137844], [-0.410970986, 5.460137844], [-0.410970986, 5.459305763], [-0.411527008, 5.459305763], [-0.411527008, 5.459027767], [-0.411805004, 5.459027767], [-0.411805004, 5.458749771], [-0.412360996, 5.458749771], [-0.412360996, 5.458471775], [-0.412638992, 5.458471775], [-0.412638992, 5.458193779], [-0.412916988, 5.458193779], [-0.412916988, 5.457915783], [-0.413471013, 5.457915783], [-0.413471013, 5.457637787], [-0.413749009, 5.457637787], [-0.413749009, 5.457362175], [-0.414027005, 5.457362175], [-0.414027005, 5.457084179], [-0.414305001, 5.457084179], [-0.414305001, 5.456806183], [-0.414584011, 5.456806183], [-0.414584011, 5.456528187], [-0.415140003, 5.456528187], [-0.415140003, 5.456250191], [-0.415693015, 5.456250191], [-0.415693015, 5.455972195], [-0.415971994, 5.455972195], [-0.415971994, 5.455694199], [-0.416527987, 5.455694199], [-0.416527987, 5.455416203], [-0.416806012, 5.455416203], [-0.416806012, 5.455138206], [-0.417084008, 5.455138206], [-0.417084008, 5.454862118], [-0.417640001, 5.454862118], [-0.417640001, 5.454584122], [-0.418193996, 5.454584122], [-0.418193996, 5.454306126], [-0.418471992, 5.454306126], [-0.418471992, 5.45402813], [-0.418749988, 5.45402813], [-0.418749988, 5.453472137], [-0.419028014, 5.453472137], [-0.419028014, 5.453196049], [-0.41930601, 5.453196049], [-0.41930601, 5.452918053], [-0.419584006, 5.452918053], [-0.419584006, 5.452640057], [-0.419862002, 5.452640057], [-0.419862002, 5.452362061], [-0.420139998, 5.452362061], [-0.420139998, 5.452084064], [-0.420693994, 5.452084064], [-0.420693994, 5.451805115], [-0.42097199, 5.451805115], [-0.42097199, 5.451527119], [-0.421249986, 5.451527119], [-0.421249986, 5.451249123], [-0.421528012, 5.451249123], [-0.421528012, 5.450971127], [-0.422362, 5.450971127], [-0.422362, 5.450695992], [-0.422915995, 5.450695992], [-0.422915995, 5.450417042], [-0.423750013, 5.450417042], [-0.423750013, 5.450139046], [-0.424860001, 5.450139046], [-0.424860001, 5.44986105], [-0.425415993, 5.44986105], [-0.425415993, 5.449583054], [-0.426113993, 5.449583054], [-0.427082002, 5.449583054], [-0.427082002, 5.449305058], [-0.427359998, 5.449305058], [-0.427359998, 5.449027061], [-0.42791599, 5.449027061], [-0.42791599, 5.448749065], [-0.428472996, 5.448749065], [-0.428472996, 5.448471069], [-0.428750992, 5.448471069], [-0.428750992, 5.448194981], [-0.429861009, 5.448194981], [-0.429861009, 5.447916985], [-0.430417001, 5.447916985], [-0.430417001, 5.447638988], [-0.430972993, 5.447638988], [-0.430972993, 5.447360992], [-0.432083011, 5.447360992], [-0.432083011, 5.447082996], [-0.432639003, 5.447082996], [-0.432639003, 5.446805], [-0.433194995, 5.446805], [-0.433194995, 5.446527004], [-0.434026986, 5.446527004], [-0.434026986, 5.446249008], [-0.434583008, 5.446249008], [-0.434583008, 5.445972919], [-0.435416996, 5.445972919], [-0.435416996, 5.445694923], [-0.436248988, 5.445694923], [-0.436248988, 5.445416927], [-0.437083006, 5.445416927], [-0.437083006, 5.445138931], [-0.43819499, 5.445138931], [-0.43819499, 5.444860935], [-0.439027011, 5.444860935], [-0.439027011, 5.444582939], [-0.439583004, 5.444582939], [-0.439583004, 5.444304943], [-0.440418005, 5.444304943], [-0.440418005, 5.444026947], [-0.440970987, 5.444026947], [-0.440970987, 5.443750858], [-0.441527009, 5.443750858], [-0.441527009, 5.443472862], [-0.44236201, 5.443472862], [-0.44236201, 5.443194866], [-0.443194002, 5.443194866], [-0.443194002, 5.44291687], [-0.443749994, 5.44291687], [-0.443749994, 5.442638874], [-0.44402799, 5.442638874], [-0.44402799, 5.442360878], [-0.444584012, 5.442360878], [-0.444584012, 5.442082882], [-0.444862008, 5.442082882], [-0.444862008, 5.441804886], [-0.445416003, 5.441804886], [-0.445416003, 5.441528797], [-0.445694, 5.441528797], [-0.445694, 5.441250801], [-0.445971996, 5.441250801], [-0.445971996, 5.440972805], [-0.44708401, 5.440972805], [-0.44708401, 5.440694809], [-0.447638005, 5.440694809], [-0.447638005, 5.440416813], [-0.447916001, 5.440416813], [-0.447916001, 5.440138817], [-0.448193997, 5.440138817], [-0.448193997, 5.439860821], [-0.448471993, 5.439860821], [-0.448471993, 5.439581871], [-0.448749989, 5.439581871], [-0.448749989, 5.439307213], [-0.449584007, 5.439307213], [-0.449584007, 5.439029217], [-0.450138003, 5.439029217], [-0.450138003, 5.438751221], [-0.450693995, 5.438751221], [-0.450693995, 5.438473225], [-0.451249987, 5.438473225], [-0.451249987, 5.438193798], [-0.451528013, 5.438193798], [-0.451528013, 5.437915802], [-0.452084005, 5.437915802], [-0.452084005, 5.437766075], [-0.452084005, 5.437637806], [-0.452414989, 5.437637806], [-0.452638, 5.437637806], [-0.452638, 5.43756485], [-0.452638, 5.43735981], [-0.453193992, 5.43735981], [-0.453193992, 5.437081814], [-0.453877985, 5.437081814], [-0.45430699, 5.437081814], [-0.45430699, 5.436806202], [-0.454582006, 5.436806202], [-0.454582006, 5.436719894], [-0.454582006, 5.436528206], [-0.454885989, 5.436528206], [-0.455137998, 5.436528206], [-0.455137998, 5.436387062], [-0.455137998, 5.43625021], [-0.455417007, 5.43625021], [-0.455417007, 5.435972214], [-0.455972999, 5.435972214], [-0.455972999, 5.435694218], [-0.456528991, 5.435694218], [-0.456528991, 5.435416222], [-0.456804991, 5.435416222], [-0.456804991, 5.435138226], [-0.457082987, 5.435138226], [-0.457082987, 5.434860229], [-0.457639009, 5.434860229], [-0.457639009, 5.434582233], [-0.45848, 5.434597969], [-0.458472997, 5.434306145], [-0.458750993, 5.434306145], [-0.458750993, 5.434028149], [-0.459028989, 5.434028149], [-0.459028989, 5.433750153], [-0.459304988, 5.433750153], [-0.459304988, 5.433472157], [-0.459583014, 5.433472157], [-0.459583014, 5.43319416], [-0.45986101, 5.43319416], [-0.45986101, 5.432916164], [-0.460417002, 5.432916164], [-0.460417002, 5.432640076], [-0.460694999, 5.432640076], [-0.460694999, 5.43236208], [-0.460972995, 5.43236208], [-0.460972995, 5.432084084], [-0.461250991, 5.432084084], [-0.461250991, 5.431806087], [-0.46152699, 5.431806087], [-0.46152699, 5.431528091], [-0.461804986, 5.431528091], [-0.461804986, 5.431484805], [-0.461804986, 5.431250095], [-0.462083012, 5.431250095], [-0.462083012, 5.430972099], [-0.462361008, 5.430972099], [-0.462361008, 5.430694103], [-0.462639004, 5.430694103], [-0.462639004, 5.430416107], [-0.463470995, 5.430416107], [-0.463472992, 5.430140018], [-0.464026988, 5.430140018], [-0.464026988, 5.429862022], [-0.464305013, 5.429862022], [-0.464305013, 5.42930603], [-0.465139002, 5.42930603], [-0.465139002, 5.429028034], [-0.465416998, 5.429028034], [-0.465416998, 5.428750038], [-0.465694994, 5.428750038], [-0.465694994, 5.428472042], [-0.465970993, 5.428472042], [-0.46597299, 5.42791605], [-0.466248989, 5.42791605], [-0.466248989, 5.427083969], [-0.466526985, 5.427083969], [-0.466526985, 5.426805973], [-0.466805011, 5.426805973], [-0.466805011, 5.424582958], [-0.466526985, 5.424582958], [-0.466526985, 5.424304962], [-0.466248989, 5.424304962], [-0.466248989, 5.424026966], [-0.465694994, 5.424026966], [-0.465694994, 5.42374897], [-0.465416998, 5.42374897], [-0.465416998, 5.423470974], [-0.465139002, 5.423470974], [-0.465139002, 5.423194885], [-0.464583009, 5.423194885], [-0.464583009, 5.422638893], [-0.464305013, 5.422638893], [-0.464305013, 5.422360897], [-0.464026988, 5.422360897], [-0.464026988, 5.422082901], [-0.463748991, 5.422082901], [-0.463748991, 5.421804905], [-0.463472992, 5.421804905], [-0.463470995, 5.421248913], [-0.463194996, 5.421248913], [-0.463194996, 5.420972824], [-0.462917, 5.420972824], [-0.462917, 5.420416832], [-0.462639004, 5.420416832], [-0.462639004, 5.419582844], [-0.462361008, 5.419582844], [-0.462361008, 5.417916775], [-0.462639004, 5.417916775], [-0.462639004, 5.417638779], [-0.462917, 5.417638779], [-0.462917, 5.417360783], [-0.463194996, 5.417360783], [-0.463194996, 5.417082787], [-0.463748991, 5.417082787], [-0.463748991, 5.41680479], [-0.464305013, 5.41680479], [-0.464305013, 5.416526794], [-0.464583009, 5.416526794], [-0.464583009, 5.415973186], [-0.464861006, 5.415973186], [-0.464861006, 5.41569519], [-0.465139002, 5.41569519], [-0.465139002, 5.415417194], [-0.465694994, 5.415417194], [-0.465694994, 5.415139198], [-0.465970993, 5.415139198], [-0.46597299, 5.414861202], [-0.466805011, 5.414861202], [-0.466805011, 5.414583206], [-0.467361003, 5.414583206], [-0.467361003, 5.41430521], [-0.467923999, 5.414309025], [-0.467918009, 5.414029121], [-0.468109012, 5.414029121], [-0.468192995, 5.414029121], [-0.468192995, 5.413836956], [-0.468192995, 5.413751125], [-0.468748987, 5.413751125], [-0.468748987, 5.413473129], [-0.469305992, 5.413473129], [-0.469305992, 5.413195133], [-0.469862014, 5.413195133], [-0.469862014, 5.412917137], [-0.470416009, 5.412917137], [-0.470416009, 5.412639141], [-0.470694005, 5.412639141], [-0.470694005, 5.412360191], [-0.471527994, 5.412360191], [-0.471527994, 5.412082195], [-0.47180599, 5.412082195], [-0.47180599, 5.41180706], [-0.472083986, 5.41180706], [-0.472083986, 5.411251068], [-0.472362012, 5.411251068], [-0.472328007, 5.410976887], [-0.472640008, 5.410972118], [-0.472640008, 5.410694122], [-0.472916007, 5.410694122], [-0.472916007, 5.410510063], [-0.472916007, 5.410416126], [-0.473152995, 5.410353184], [-0.473194003, 5.409860134], [-0.473471999, 5.409860134], [-0.473471999, 5.409028053], [-0.473194003, 5.409028053], [-0.473194003, 5.408472061], [-0.473471999, 5.408472061], [-0.473471999, 5.407916069], [-0.473749995, 5.407916069], [-0.473749995, 5.407083988], [-0.474027991, 5.407083988], [-0.474027991, 5.406527996], [-0.474305987, 5.406527996], [-0.474305987, 5.405972004], [-0.474584013, 5.405972004], [-0.474584013, 5.405416012], [-0.474862009, 5.405416012], [-0.474862009, 5.405138016], [-0.475138009, 5.405138016], [-0.475138009, 5.40486002], [-0.475416005, 5.40486002], [-0.475416005, 5.404583931], [-0.475971997, 5.404583931], [-0.475971997, 5.404305935], [-0.477916002, 5.404305935], [-0.477916002, 5.404027939], [-0.478471994, 5.404027939], [-0.478471994, 5.403749943], [-0.47874999, 5.403749943], [-0.47874999, 5.403471947], [-0.479027987, 5.403471947], [-0.479027987, 5.403193951], [-0.479582012, 5.403193951], [-0.479582012, 5.402917862], [-0.479860008, 5.402915955], [-0.479860008, 5.402639866], [-0.480416, 5.402639866], [-0.480416, 5.40236187], [-0.480971992, 5.40236187], [-0.480971992, 5.402083874], [-0.481251001, 5.402083874], [-0.481251001, 5.401805878], [-0.481528997, 5.401805878], [-0.481528997, 5.401527882], [-0.481806993, 5.401527882], [-0.481806993, 5.399861813], [-0.482082009, 5.399861813], [-0.482082009, 5.398748875], [-0.482360005, 5.398748875], [-0.482360005, 5.398470879], [-0.482639015, 5.398470879], [-0.482639015, 5.398192883], [-0.482917011, 5.398192883], [-0.482917011, 5.397640228], [-0.483195007, 5.397640228], [-0.483195007, 5.39680481], [-0.483473003, 5.39680481], [-0.483473003, 5.396526814], [-0.483750999, 5.396526814], [-0.483750999, 5.395970821], [-0.484028995, 5.395970821], [-0.484028995, 5.395139217], [-0.484304994, 5.395139217], [-0.484304994, 5.394861221], [-0.48458299, 5.394861221], [-0.48458299, 5.394583225], [-0.484860986, 5.394583225], [-0.484860986, 5.394305229], [-0.485139012, 5.394305229], [-0.485139012, 5.394027233], [-0.485417008, 5.394027233], [-0.485417008, 5.393749237], [-0.485695004, 5.393749237], [-0.485695004, 5.393473148], [-0.485973001, 5.393473148], [-0.485973001, 5.393195152], [-0.486250997, 5.393195152], [-0.486250997, 5.392917156], [-0.486526996, 5.392917156], [-0.486526996, 5.392361164], [-0.486804992, 5.392361164], [-0.486804992, 5.392083168], [-0.487082988, 5.392083168], [-0.487082988, 5.391527176], [-0.487361014, 5.391527176], [-0.487361014, 5.390973091], [-0.48763901, 5.390973091], [-0.48763901, 5.390417099], [-0.487917006, 5.390417099], [-0.487917006, 5.390139103], [-0.488195002, 5.390139103], [-0.488195002, 5.389583111], [-0.488472998, 5.389583111], [-0.488472998, 5.389305115], [-0.488750994, 5.389305115], [-0.488750994, 5.386528969], [-0.488472998, 5.386526108], [-0.488472998, 5.385138035], [-0.488750994, 5.385138035], [-0.488750994, 5.384860039], [-0.489026994, 5.384860039], [-0.489026994, 5.385138035], [-0.489861012, 5.385138035], [-0.489861012, 5.384860039], [-0.490139008, 5.384860039], [-0.490139008, 5.384582043], [-0.490417004, 5.384582043], [-0.490417004, 5.384306908], [-0.490695, 5.384306908], [-0.490695, 5.384028912], [-0.490972996, 5.384028912], [-0.490972996, 5.383749962], [-0.491248995, 5.383749962], [-0.491248995, 5.383471966], [-0.492121994, 5.383471966], [-0.493193001, 5.383471966], [-0.493193001, 5.38319397], [-0.493748993, 5.38319397], [-0.493748993, 5.382915974], [-0.494026989, 5.382915974], [-0.494026989, 5.382637978], [-0.494305015, 5.382637978], [-0.494305015, 5.382359982], [-0.49486199, 5.382359982], [-0.49486199, 5.382083893], [-0.495139986, 5.382083893], [-0.495139986, 5.381805897], [-0.495418012, 5.381805897], [-0.495418012, 5.381527901], [-0.495692998, 5.381527901], [-0.495692998, 5.381249905], [-0.495970994, 5.381249905], [-0.495970994, 5.380971909], [-0.496250004, 5.380971909], [-0.496250004, 5.380693913], [-0.496528, 5.380693913], [-0.496528, 5.379583836], [-0.496805996, 5.379583836], [-0.496805996, 5.37930584], [-0.497083992, 5.37930584], [-0.497083992, 5.379027843], [-0.497361988, 5.379027843], [-0.497361988, 5.378749847], [-0.497640014, 5.378749847], [-0.497640014, 5.378471851], [-0.49791801, 5.378471851], [-0.49791801, 5.378193855], [-0.498750001, 5.378193855], [-0.498750001, 5.377915859], [-0.499861985, 5.377915859], [-0.499861985, 5.377637863], [-0.500971973, 5.377637863], [-0.500971973, 5.377361774], [-0.501806021, 5.377361774], [-0.501806021, 5.377083778], [-0.502362013, 5.377083778], [-0.502362013, 5.376805782], [-0.503193974, 5.376805782], [-0.503193974, 5.376527786], [-0.504028022, 5.376527786], [-0.504028022, 5.37624979], [-0.504859984, 5.37624979], [-0.504859984, 5.375971794], [-0.505972028, 5.375971794], [-0.505972028, 5.375693798], [-0.506806016, 5.375693798], [-0.506806016, 5.375415802], [-0.507915974, 5.375415802], [-0.507915974, 5.375137806], [-0.508750975, 5.375137806], [-0.508750975, 5.374862194], [-0.509860992, 5.374862194], [-0.509860992, 5.374584198], [-0.510972977, 5.374584198], [-0.510972977, 5.374306202], [-0.512082994, 5.374306202], [-0.512082994, 5.374028206], [-0.513194978, 5.374028206], [-0.513194978, 5.37375021], [-0.514304996, 5.37375021], [-0.514304996, 5.373472214], [-0.51541698, 5.373472214], [-0.51541698, 5.373196125], [-0.516526997, 5.373194218], [-0.516526997, 5.372918129], [-0.517638981, 5.372918129], [-0.517638981, 5.372640133], [-0.518471003, 5.372640133], [-0.518473029, 5.372362137], [-0.519582987, 5.372362137], [-0.519582987, 5.372084141], [-0.520695984, 5.372084141], [-0.520695984, 5.371806145], [-0.521526992, 5.371806145], [-0.521526992, 5.371527195], [-0.52263999, 5.371527195], [-0.52263999, 5.371249199], [-0.523750007, 5.371249199], [-0.523750007, 5.370971203], [-0.525139987, 5.370971203], [-0.525139987, 5.370696068], [-0.526250005, 5.370696068], [-0.526250005, 5.370418072], [-0.527361989, 5.370418072], [-0.527361989, 5.370139122], [-0.528472006, 5.370139122], [-0.528472006, 5.369861126], [-0.529583991, 5.369861126], [-0.529583991, 5.36958313], [-0.530694008, 5.36958313], [-0.530694008, 5.369305134], [-0.532360017, 5.369305134], [-0.532360017, 5.369027138], [-0.533749998, 5.369027138], [-0.533749998, 5.368749142], [-0.535416007, 5.368749142], [-0.535416007, 5.368471146], [-0.53708303, 5.368471146], [-0.53708303, 5.368195057], [-0.53847301, 5.368195057], [-0.53847301, 5.367917061], [-0.540139019, 5.367917061], [-0.540139019, 5.367639065], [-0.541805029, 5.367639065], [-0.541805029, 5.367361069], [-0.542917013, 5.367361069], [-0.542917013, 5.367083073], [-0.544305027, 5.367083073], [-0.544305027, 5.366805077], [-0.545417011, 5.366805077], [-0.545417011, 5.366527081], [-0.546805024, 5.366527081], [-0.546805024, 5.366249084], [-0.547918022, 5.366249084], [-0.547918022, 5.365971088], [-0.549583972, 5.365971088], [-0.549583972, 5.365695], [-0.551249981, 5.365695], [-0.551249981, 5.365417004], [-0.55291599, 5.365417004], [-0.55291599, 5.365139008], [-0.554584026, 5.365139008], [-0.554584026, 5.364861012], [-0.556527972, 5.364861012], [-0.556527972, 5.364583015], [-0.558193982, 5.364583015], [-0.558193982, 5.364305019], [-0.559584022, 5.364305019], [-0.559584022, 5.364027023], [-0.562637985, 5.364027023], [-0.562637985, 5.363750935], [-0.56319499, 5.363750935], [-0.56319499, 5.363472939], [-0.563750982, 5.363472939], [-0.563750982, 5.363194942], [-0.564305007, 5.363194942], [-0.564305007, 5.362916946], [-0.565694988, 5.362916946], [-0.565694988, 5.36263895], [-0.567083001, 5.36263895], [-0.567083001, 5.362360954], [-0.568472981, 5.362360954], [-0.568472981, 5.362082958], [-0.570138991, 5.362082958], [-0.570138991, 5.361804962], [-0.571527004, 5.361804962], [-0.571527004, 5.361528873], [-0.572916985, 5.361528873], [-0.572916985, 5.361250877], [-0.574027002, 5.361250877], [-0.574027002, 5.360972881], [-0.575417995, 5.360972881], [-0.575417995, 5.360694885], [-0.576528013, 5.360694885], [-0.576528013, 5.360416889], [-0.577917993, 5.360416889], [-0.577917993, 5.360138893], [-0.57902801, 5.360138893], [-0.57902801, 5.359860897], [-0.581250012, 5.359860897], [-0.581250012, 5.359582901], [-0.583472013, 5.359582901], [-0.583472013, 5.359303951], [-0.584583998, 5.359303951], [-0.584583998, 5.359028816], [-0.585694015, 5.359028816], [-0.585694015, 5.35875082], [-0.586528003, 5.35875082], [-0.586528003, 5.358472824], [-0.587638021, 5.358472824], [-0.587638021, 5.358194828], [-0.588751018, 5.358194828], [-0.588751018, 5.357915878], [-0.589029014, 5.357915878], [-0.589029014, 5.357637882], [-0.590417027, 5.357637882], [-0.590417027, 5.357359886], [-0.591251016, 5.357359886], [-0.591251016, 5.35708189], [-0.591804981, 5.35708189], [-0.591804981, 5.356807232], [-0.592639029, 5.356803894], [-0.592639029, 5.356527805], [-0.593195021, 5.356527805], [-0.593195021, 5.356249809], [-0.594026983, 5.356249809], [-0.594029009, 5.355971813], [-0.594860971, 5.355971813], [-0.594860971, 5.355693817], [-0.595973015, 5.355693817], [-0.595973015, 5.355415821], [-0.597082973, 5.355415821], [-0.597082973, 5.355137825], [-0.597639024, 5.355137825], [-0.597639024, 5.354859829], [-0.598748982, 5.354859829], [-0.598748982, 5.354584217], [-0.59958303, 5.354584217], [-0.59958303, 5.354306221], [-0.600417018, 5.354306221], [-0.600417018, 5.354028225], [-0.60124898, 5.354028225], [-0.60124898, 5.353750229], [-0.602361977, 5.353750229], [-0.602361977, 5.353472233], [-0.603192985, 5.353472233], [-0.603192985, 5.353194237], [-0.604027987, 5.353194237], [-0.604027987, 5.352915764], [-0.604861975, 5.352915764], [-0.604861975, 5.352797985], [-0.604861975, 5.352637768], [-0.605971992, 5.352637768], [-0.605971992, 5.352362156], [-0.606249988, 5.352362156], [-0.606249988, 5.35208416], [-0.606527984, 5.35208416], [-0.606527984, 5.351806164], [-0.60680598, 5.351806164], [-0.60680598, 5.351250172], [-0.607083976, 5.351250172], [-0.607083976, 5.350416183], [-0.607361972, 5.350416183], [-0.607361972, 5.350140095], [-0.607640028, 5.350138187], [-0.607640028, 5.349862099], [-0.608193994, 5.349862099], [-0.608193994, 5.349584103], [-0.609027982, 5.349584103], [-0.609027982, 5.349306107], [-0.610415995, 5.349306107], [-0.610415995, 5.349028111], [-0.610971987, 5.349028111], [-0.610971987, 5.348750114], [-0.611286998, 5.348750114], [-0.611527979, 5.348750114], [-0.611461997, 5.348487854], [-0.611805975, 5.348472118], [-0.611805975, 5.348194122], [-0.612360001, 5.348194122], [-0.612360001, 5.347916126], [-0.612637997, 5.347916126], [-0.612637997, 5.347640038], [-0.612915993, 5.347640038], [-0.612915993, 5.347362041], [-0.613193989, 5.347362041], [-0.613193989, 5.346528053], [-0.613471985, 5.346528053], [-0.613471985, 5.345972061], [-0.613749981, 5.345972061], [-0.613749981, 5.345415115], [-0.614027977, 5.345415115], [-0.614027977, 5.34513998], [-0.614305973, 5.34513998], [-0.614305973, 5.344540119], [-0.614305973, 5.344305038], [-0.614582002, 5.344305038], [-0.614582002, 5.344027042], [-0.614859998, 5.344027042], [-0.614859998, 5.343749046], [-0.615118027, 5.343749046], [-0.61541599, 5.343749046], [-0.61541599, 5.343473911], [-0.615693986, 5.34347105], [-0.615693986, 5.343195915], [-0.616250992, 5.343195915], [-0.616250992, 5.342916965], [-0.616806984, 5.342916965], [-0.616806984, 5.342638969], [-0.617082, 5.342638969], [-0.617082, 5.342360973], [-0.617361009, 5.342360973], [-0.617361009, 5.342082977], [-0.617639005, 5.342082977], [-0.617639005, 5.341526985], [-0.617917001, 5.341526985], [-0.617917001, 5.341248989], [-0.618194997, 5.341248989], [-0.618194997, 5.340435982], [-0.618194997, 5.338748932], [-0.617917001, 5.338748932], [-0.617917001, 5.338194847], [-0.617639005, 5.338194847], [-0.617639005, 5.337916851], [-0.617361009, 5.337916851], [-0.617361009, 5.337638855], [-0.617639005, 5.337638855], [-0.617639005, 5.337082863], [-0.617917001, 5.337082863], [-0.617917001, 5.336526871], [-0.618194997, 5.336526871], [-0.618194997, 5.33569479], [-0.618750989, 5.33569479], [-0.618750989, 5.335138798], [-0.619028986, 5.335138798], [-0.619028986, 5.33430481], [-0.619305015, 5.33430481], [-0.619305015, 5.334029198], [-0.619583011, 5.334029198], [-0.619583011, 5.33319521], [-0.619861007, 5.33319521], [-0.619861007, 5.332917213], [-0.620416999, 5.332917213], [-0.620416999, 5.332639217], [-0.621527016, 5.332639217], [-0.621527016, 5.332361221], [-0.622361004, 5.332361221], [-0.622361004, 5.332102776], [-0.623749018, 5.332081795], [-0.623750985, 5.331807137], [-0.62430501, 5.331807137], [-0.62430501, 5.33152914], [-0.624583006, 5.33152914], [-0.624583006, 5.331251144], [-0.624861002, 5.331251144], [-0.624861002, 5.330973148], [-0.62569499, 5.330973148], [-0.62569499, 5.330694199], [-0.626249015, 5.330694199], [-0.626249015, 5.330416203], [-0.627638996, 5.330416203], [-0.627638996, 5.330138206], [-0.628471017, 5.330138206], [-0.628471017, 5.32986021], [-0.630418003, 5.32986021], [-0.630418003, 5.329582214], [-0.63152802, 5.329582214], [-0.63152802, 5.329306126], [-0.63458401, 5.329306126], [-0.63458401, 5.32902813], [-0.635694027, 5.32902813], [-0.635694027, 5.328750134], [-0.636806011, 5.328750134], [-0.636806011, 5.328472137], [-0.638194025, 5.328472137], [-0.638194025, 5.328194141], [-0.638750017, 5.328194141], [-0.638750017, 5.327916145], [-0.639859974, 5.327916145], [-0.639859974, 5.327638149], [-0.64152801, 5.327638149], [-0.64152801, 5.327360153], [-0.641636014, 5.327360153], [-0.642081976, 5.327360153], [-0.642081976, 5.327084064], [-0.642638028, 5.327082157], [-0.642638028, 5.326806068], [-0.643751025, 5.326806068], [-0.643751025, 5.326528072], [-0.644860983, 5.326528072], [-0.644860983, 5.326250076], [-0.646804988, 5.326250076], [-0.646804988, 5.32597208], [-0.64875102, 5.32597208], [-0.64875102, 5.325694084], [-0.649582982, 5.325694084], [-0.649582982, 5.325416088], [-0.65041697, 5.325416088], [-0.65041697, 5.325138092], [-0.650973022, 5.325138092], [-0.650973022, 5.324862003], [-0.652917027, 5.324862003], [-0.652917027, 5.324584007], [-0.653195024, 5.324584007], [-0.653195024, 5.325694084], [-0.652360976, 5.325694084], [-0.652360976, 5.32597208], [-0.651526988, 5.32597208], [-0.651526988, 5.326250076], [-0.65041697, 5.326250076], [-0.65041697, 5.326528072], [-0.649304986, 5.326528072], [-0.649304986, 5.326806068], [-0.648473024, 5.326806068], [-0.648473024, 5.327082157], [-0.647916973, 5.327082157], [-0.647916973, 5.327360153], [-0.647082984, 5.327360153], [-0.647082984, 5.327638149], [-0.646804988, 5.327638149], [-0.646804988, 5.327916145], [-0.646251023, 5.327916145], [-0.646251023, 5.328194141], [-0.645973027, 5.328194141], [-0.645973027, 5.327916145], [-0.644860983, 5.327916145], [-0.644860983, 5.328194141], [-0.644303977, 5.328194141], [-0.644303977, 5.328472137], [-0.643194973, 5.328472137], [-0.643194973, 5.328750134], [-0.642359972, 5.328750134], [-0.642359972, 5.32902813], [-0.642027974, 5.32902813], [-0.641250014, 5.32902813], [-0.641250014, 5.328750134], [-0.640694022, 5.328750134], [-0.640694022, 5.32902813], [-0.64013797, 5.32902813], [-0.64013797, 5.329306126], [-0.639859974, 5.329306126], [-0.639859974, 5.32986021], [-0.639584005, 5.32986021], [-0.639584005, 5.330694199], [-0.639859974, 5.330694199], [-0.639859974, 5.330973148], [-0.64013797, 5.330973148], [-0.64013797, 5.33152914], [-0.640416026, 5.33152914], [-0.640416026, 5.331807137], [-0.640694022, 5.331807137], [-0.640694022, 5.332361221], [-0.641250014, 5.332361221], [-0.641250014, 5.332081795], [-0.64152801, 5.332081795], [-0.64152801, 5.331807137], [-0.642081976, 5.331807137], [-0.642081976, 5.330138206], [-0.642323971, 5.330133915], [-0.642359972, 5.32986021], [-0.642638028, 5.32986021], [-0.642638028, 5.329582214], [-0.642916024, 5.329582214], [-0.642916024, 5.329306126], [-0.643473029, 5.329306126], [-0.643473029, 5.32902813], [-0.643751025, 5.32902813], [-0.643751025, 5.329306126], [-0.644029021, 5.329306126], [-0.644029021, 5.32986021], [-0.643751025, 5.32986021], [-0.643751025, 5.330138206], [-0.643473029, 5.330138206], [-0.643473029, 5.330416203], [-0.642916024, 5.330416203], [-0.64290297, 5.33208704], [-0.642638028, 5.332081795], [-0.642638028, 5.332361221], [-0.642359972, 5.332361221], [-0.642359972, 5.332917213], [-0.642081976, 5.332917213], [-0.642081976, 5.33319521], [-0.64180702, 5.33319521], [-0.64180702, 5.333473206], [-0.64152801, 5.333473206], [-0.64152801, 5.335138798], [-0.64180702, 5.335138798], [-0.64180702, 5.335416794], [-0.642081976, 5.335416794], [-0.642081976, 5.33569479], [-0.642359972, 5.33569479], [-0.642359972, 5.3363916618512475], [-0.566407979, 5.418485165], [-0.565609992, 5.421429157], [-0.564628005, 5.427555084], [-0.563835025, 5.430492878], [-0.560015023, 5.438147068], [-0.559283972, 5.441104889], [-0.558202982, 5.453699112], [-0.557465017, 5.456655025], [-0.553614974, 5.46429491], [-0.552802026, 5.467222214], [-0.551771998, 5.473320961], [-0.550957978, 5.476249218], [-0.547047019, 5.48388195], [-0.546220005, 5.486814976], [-0.545141995, 5.492922783], [-0.544300973, 5.495853901], [-0.540592015, 5.503396034], [-0.5855733996105374, 5.431546333321767], [-0.6162807411072649, 5.383700480686214], [-0.6454413789298102, 5.338264584512495], [-0.6454409227841642, 5.338164634207282], [-0.6303924446115504, 5.361383971398532], [-0.6454383011118596, 5.337590175261283], [-0.6454380802542719, 5.337541781105817], [-0.6454378327142204, 5.337487540308161], [-0.6454372820870633, 5.337366887282309], [-0.6453164821997205, 5.337548844626944], [-0.6454372575832206, 5.337361518017969], [-0.645437135110054, 5.337334681785957], [-0.6454368362907686, 5.337269204719513], [-0.636731743855376, 5.350240846857049], [-0.6454360949313731, 5.337106758583059], [-0.6454357802369891, 5.337037802976428], [-0.6454354060358591, 5.336955808294511], [-0.6454353222171572, 5.33693744200093], [-0.6439319215219207, 5.33912654941299], [-0.6454350633098698, 5.336880710422705], [-0.6454345930760592, 5.336777673129022], [-0.6454336159813596, 5.336563572842626], [-0.6454336021673652, 5.336560545930128], [-0.6454331565373502, 5.336462899802422], [-0.6454326412854162, 5.336349998169964], [-0.6454324265396236, 5.336302943226649], [-0.644303977, 5.337897838530689], [-0.644303977, 5.337734761209686], [-0.6454307471103291, 5.335934947889991], [-0.6454281242066096, 5.335360219117247], [-0.6454264589877164, 5.334995337553466], [-0.6454259762604059, 5.334889562693075]], [[-0.6454195434854638, 5.333480017683784], [-0.6454194234860526, 5.33345372349928], [-0.6454192940634801, 5.333425364518446], [-0.6449770411774268, 5.333967649758052], [-0.6454195434854638, 5.333480017683784]], [[-0.645694971, 5.333176499966962], [-0.645694971, 5.333188162998791], [-0.6457743710083799, 5.333089002139086], [-0.645694971, 5.333176499966962]], [[-0.6457390990402343, 5.33319521], [-0.6458710099223541, 5.33319521], [-0.646804988, 5.332053498884748], [-0.646804988, 5.33195327495242], [-0.6465224795253706, 5.332264595799747], [-0.6457390990402343, 5.33319521]], [[-0.6475133034548974, 5.331187251098902], [-0.6475110181809635, 5.331190435259806], [-0.6476372065265382, 5.3310361804221325], [-0.6476143327651154, 5.3310613870245085], [-0.6475631780524425, 5.331117758885617], [-0.6475133034548974, 5.331187251098902]], [[-0.6474966110215938, 5.331208046823059], [-0.6474620175279407, 5.331251144], [-0.6474674474866143, 5.331251144], [-0.6475110181809635, 5.331190435259806], [-0.6474966110215938, 5.331208046823059]], [[-0.647638977, 5.33103422938226], [-0.647638977, 5.331034016164449], [-0.6476372065265382, 5.3310361804221325], [-0.647638977, 5.33103422938226]], [[-0.646804988, 5.332196748017819], [-0.6467080797777767, 5.332309200513357], [-0.6460721903093154, 5.33319521], [-0.6462804541289625, 5.33319521], [-0.646804988, 5.332477564764921], [-0.646804988, 5.332196748017819]], [[-0.646804988, 5.332174174524593], [-0.646804988, 5.332109903385491], [-0.646804988, 5.33206968283002], [-0.64590154327868, 5.33319521], [-0.6459445431055836, 5.33319521], [-0.6463951610583388, 5.332672312023344], [-0.6467080797777767, 5.332309200513357], [-0.646804988, 5.332174174524593]], [[-0.647082984, 5.331646926796363], [-0.6469376010594154, 5.331807137], [-0.6470065246202957, 5.331807137], [-0.647082984, 5.331713671718788], [-0.647082984, 5.331646926796363]], [[-0.647082984, 5.331728407354374], [-0.647082984, 5.331723350571098], [-0.6470157298199776, 5.331807137], [-0.6470256137398128, 5.331807137], [-0.6470684110219174, 5.331807137], [-0.647082984, 5.3317868319038], [-0.647082984, 5.331728407354374]], [[-0.647360981, 5.3313405775383185], [-0.6471898697689997, 5.33152914], [-0.6472281900386694, 5.33152914], [-0.647360981, 5.33134690995095], [-0.647360981, 5.3313405775383185]], [[-0.647360981, 5.331377017066359], [-0.6472388740753025, 5.33152914], [-0.6472679296131164, 5.33152914], [-0.647360981, 5.3313994878896676], [-0.647360981, 5.331377017066359]], [[-0.6476198814699478, 5.331251144], [-0.647638977, 5.331251144], [-0.647638977, 5.3312289855086075], [-0.6476198814699478, 5.331251144]], [[-0.647916973, 5.330906398392338], [-0.6478594501697451, 5.330973148], [-0.64790458082217, 5.330973148], [-0.647916973, 5.330956193542217], [-0.647916973, 5.330906398392338]], [[-0.6480998401366501, 5.330694199], [-0.6481084673550136, 5.330694199], [-0.6481566538800752, 5.330628272218118], [-0.6480998401366501, 5.330694199]], [[-0.648195028, 5.33058374281235], [-0.648195028, 5.330575770357257], [-0.6481566538800752, 5.330628272218118], [-0.648195028, 5.33058374281235]], [[-0.6486574427391995, 5.330416203], [-0.6486779557665329, 5.330416203], [-0.649860978, 5.328750134], [-0.6486574427391995, 5.330416203]], [[-0.873510003, 5.50961113], [-0.846778354, 5.509616358], [-0.843924816, 5.509616916], [-0.732113004, 5.509638786], [-0.767065576, 5.50963195], [-0.873510003, 5.50961113]]], [[[-0.650336757292687, 5.328098475843192], [-0.650411791640768, 5.327978621919244], [-0.650973022, 5.327360153], [-0.650336757292687, 5.328098475843192]]], [[[-0.6500989173100594, 5.328026942163386], [-0.6499965367502106, 5.328137601258432], [-0.65041697, 5.327638149], [-0.6500989173100594, 5.328026942163386]]], [[[-0.6499040208808394, 5.328237597999973], [-0.649729767516059, 5.328425941565234], [-0.650138974, 5.327916145], [-0.6499040208808394, 5.328237597999973]]], [[[-0.6498490456040708, 5.328312812867113], [-0.6499040208808394, 5.328237597999973], [-0.6499965367502106, 5.328137601258432], [-0.6498490456040708, 5.328312812867113]]], [[[-0.6505903180670598, 5.329442680226676], [-0.6506816647662103, 5.329298222864787], [-0.651248991, 5.328472137], [-0.6505903180670598, 5.329442680226676]]], [[[-0.6493353016676535, 5.328648590244752], [-0.6493820490074829, 5.328583455361068], [-0.6495623247237584, 5.328358313130297], [-0.65041697, 5.327360153], [-0.6493353016676535, 5.328648590244752]]], [[[-0.6495623247237584, 5.328358313130297], [-0.649446791758744, 5.328493246771913], [-0.6494847941336573, 5.328440296587394], [-0.650138974, 5.327638149], [-0.6495623247237584, 5.328358313130297]]], [[[-0.6494847941336573, 5.328440296587394], [-0.6494306494192978, 5.328506688193477], [-0.649860978, 5.327916145], [-0.6494847941336573, 5.328440296587394]]], [[[-0.650411791640768, 5.327978621919244], [-0.6487747404780632, 5.329782632067111], [-0.6497147190198181, 5.328496592863898], [-0.6499170153053397, 5.32824930235111], [-0.6500989173100594, 5.328026942163386], [-0.650973022, 5.327082157], [-0.650411791640768, 5.327978621919244]]], [[[-0.6494041718864384, 5.3285430235137685], [-0.6493377701883978, 5.3286205756039875], [-0.6494306494192978, 5.328506688193477], [-0.6494041718864384, 5.3285430235137685]]], [[[-0.6494041718864384, 5.3285430235137685], [-0.649446791758744, 5.328493246771913], [-0.6493820490074829, 5.328583455361068], [-0.649300444725989, 5.328685369087196], [-0.6494041718864384, 5.3285430235137685]]], [[[-0.649274271632014, 5.328721286623684], [-0.649218301982912, 5.328787955285715], [-0.649300444725989, 5.328685369087196], [-0.649274271632014, 5.328721286623684]]], [[[-0.6495141122964062, 5.328694608594151], [-0.6484895801215308, 5.329826966912535], [-0.6486833723207304, 5.32955694871685], [-0.649729767516059, 5.328425941565234], [-0.6495141122964062, 5.328694608594151]]], [[[-0.6485983947985108, 5.329648797557313], [-0.649274271632014, 5.328721286623684], [-0.6493353016676535, 5.328648590244752], [-0.6486833723207304, 5.32955694871685], [-0.6485983947985108, 5.329648797557313]]], [[[-0.6477616058150819, 5.33055324965044], [-0.6486219915634198, 5.3294982548580805], [-0.649218301982912, 5.328787955285715], [-0.6480826467296246, 5.330206249232309], [-0.6477616058150819, 5.33055324965044]]], [[[-0.6486219915634198, 5.3294982548580805], [-0.6474883441620702, 5.330848607355826], [-0.6467067939962221, 5.331693353997312], [-0.6493377701883978, 5.3286205756039875], [-0.6486219915634198, 5.3294982548580805]]], [[[-0.6480826467296246, 5.330206249232309], [-0.6485983947985108, 5.329648797557313], [-0.648381582736023, 5.329946330404324], [-0.6475919620031932, 5.330819054196817], [-0.6480826467296246, 5.330206249232309]]], [[[-0.648381582736023, 5.329946330404324], [-0.6484895801215308, 5.329826966912535], [-0.6479987222530085, 5.330510898239714], [-0.647786283217077, 5.330763264474611], [-0.648381582736023, 5.329946330404324]]], [[[-0.6464993234707953, 5.33202668667678], [-0.6474883441620702, 5.330848607355826], [-0.6477616058150819, 5.33055324965044], [-0.6471141426350888, 5.331347161316756], [-0.6464993234707953, 5.33202668667678]]], [[[-0.644860983, 5.333849119664907], [-0.644860983, 5.33383745309871], [-0.6450471148995177, 5.333631731882818], [-0.644860983, 5.333849119664907]]], [[[-0.644860983, 5.33383745309871], [-0.6441866045664149, 5.334582806], [-0.6440335052478501, 5.334582806], [-0.644860983, 5.3336884180482365], [-0.644860983, 5.33383745309871]]], [[[-0.644860983, 5.334109958917674], [-0.6447020750172348, 5.33430481], [-0.6446710847132959, 5.33430481], [-0.644860983, 5.334095544435135], [-0.644860983, 5.334109958917674]]], [[[-0.644582987, 5.334309345056076], [-0.6443534111751933, 5.334582806], [-0.6442327856381765, 5.334582806], [-0.644860983, 5.333849119664907], [-0.644860983, 5.333978208061879], [-0.6445867942685057, 5.33430481], [-0.644582987, 5.33430481], [-0.644582987, 5.334309345056076]]], [[[-0.6448050503377002, 5.33430481], [-0.6448008502600538, 5.33430481], [-0.644860983, 5.334229711592441], [-0.644860983, 5.334238364982819], [-0.6448050503377002, 5.33430481]]], [[[-0.6445867942685057, 5.33430481], [-0.6446710847132959, 5.33430481], [-0.644582987, 5.334401892591192], [-0.644582987, 5.334309345056076], [-0.6445867942685057, 5.33430481]]], [[[-0.6447189625021915, 5.3344070777532995], [-0.644582987, 5.334568609391662], [-0.644582987, 5.334450834313231], [-0.6447020750172348, 5.33430481], [-0.6448008502600538, 5.33430481], [-0.6447189625021915, 5.3344070777532995]]], [[[-0.644582987, 5.334401892591192], [-0.644582987, 5.334450834313231], [-0.6444753593990843, 5.334582806], [-0.6444188169111631, 5.334582806], [-0.644582987, 5.334401892591192]]], [[[-0.644582987, 5.334568609391662], [-0.644582987, 5.3345768944569905], [-0.6445782535137649, 5.334582806], [-0.644571036456022, 5.334582806], [-0.644582987, 5.334568609391662]]], [[[-0.6440335052478501, 5.334582806], [-0.644029021, 5.334587652846021], [-0.644029021, 5.334582806], [-0.6440335052478501, 5.334582806]]], [[[-0.644029021, 5.33482078746839], [-0.644029021, 5.334756974334238], [-0.6441866045664149, 5.334582806], [-0.6442327856381765, 5.334582806], [-0.644029021, 5.33482078746839]]], [[[-0.644029021, 5.334756974334238], [-0.6439379209477241, 5.33485766214525], [-0.6437841158781996, 5.334852361099136], [-0.644029021, 5.334587652846021], [-0.644029021, 5.334756974334238]]], [[[-0.6439957418186868, 5.334859654999609], [-0.644029021, 5.33482078746839], [-0.644029021, 5.334860802], [-0.6439957418186868, 5.334859654999609]]], [[[-0.6437841158781996, 5.334852361099136], [-0.6437794711765978, 5.334857381373266], [-0.643779993, 5.334852219], [-0.6437841158781996, 5.334852361099136]]], [[[-0.643759510738385, 5.335054849007297], [-0.643683555590022, 5.335138798], [-0.6435191076539805, 5.335138798], [-0.6437794711765978, 5.334857381373266], [-0.643759510738385, 5.335054849007297]]], [[[-0.6443534111751933, 5.334582806], [-0.6444188169111631, 5.334582806], [-0.6435451067884949, 5.3355456237564], [-0.6443534111751933, 5.334582806]]], [[[-0.6453173736923428, 5.3339229786457], [-0.643473029, 5.336220695388135], [-0.643473029, 5.336126543763331], [-0.6444950940779551, 5.334877153560348], [-0.6453173736923428, 5.3339229786457]]], [[[-0.6435191076539805, 5.335138798], [-0.643473029, 5.335188602593352], [-0.643473029, 5.335138798], [-0.6435191076539805, 5.335138798]]], [[[-0.6439379209477241, 5.33485766214525], [-0.6439957418186868, 5.334859654999609], [-0.643473029, 5.335470143479114], [-0.643473029, 5.335371481307853], [-0.643683555590022, 5.335138798], [-0.643751025, 5.335138798], [-0.643759510738385, 5.335054849007297], [-0.6439379209477241, 5.33485766214525]]], [[[-0.643473029, 5.335811851638308], [-0.6444753593990843, 5.334582806], [-0.644571036456022, 5.334582806], [-0.643473029, 5.335887180247185], [-0.643473029, 5.335811851638308]]], [[[-0.643473029, 5.335631479747963], [-0.643473029, 5.335625052588463], [-0.6435451067884949, 5.3355456237564], [-0.643473029, 5.335631479747963]]], [[[-0.6438415795415972, 5.337082863], [-0.6439441740306243, 5.337082863], [-0.643351985864081, 5.337916851], [-0.6432391231216743, 5.337916851], [-0.6438415795415972, 5.337082863]]], [[[-0.644303977, 5.337916851], [-0.6442905249494569, 5.337916851], [-0.644303977, 5.337897838530689], [-0.644303977, 5.337916851]]], [[[-0.6453722265092277, 5.336650163875034], [-0.640839480638682, 5.343268673265012], [-0.642043882249265, 5.341344857536216], [-0.6453722265092277, 5.336650163875034]]], [[[-0.643473029, 5.335188602593352], [-0.643473029, 5.335371481307853], [-0.642359972, 5.336601681182191], [-0.642359972, 5.3363916618512475], [-0.643473029, 5.335188602593352]]], [[[-0.643473029, 5.335625052588463], [-0.642359972, 5.336851627645431], [-0.642359972, 5.336770108682262], [-0.643473029, 5.335470143479114], [-0.643473029, 5.335625052588463]]], [[[-0.642359972, 5.337176668920402], [-0.642359972, 5.336957305836651], [-0.643473029, 5.335631479747963], [-0.643473029, 5.335811851638308], [-0.642359972, 5.337176668920402]]], [[[-0.642359972, 5.337353167193423], [-0.642359972, 5.337209432549285], [-0.643473029, 5.335887180247185], [-0.643473029, 5.335963095689994], [-0.642359972, 5.337353167193423]]], [[[-0.643473029, 5.336126543763331], [-0.642359972, 5.337487164081115], [-0.642359972, 5.337354753504272], [-0.643473029, 5.33606315992784], [-0.643473029, 5.336126543763331]]], [[[-0.643751025, 5.336248875], [-0.643751025, 5.336300880103422], [-0.642638028, 5.337828254375516], [-0.642638028, 5.337638855], [-0.642359972, 5.337638855], [-0.642359972, 5.337607361185912], [-0.643473029, 5.336220695388135], [-0.643473029, 5.336248875], [-0.643751025, 5.336248875]]], [[[-0.642359972, 5.337354753504272], [-0.6423420425568465, 5.3373755588660865], [-0.642359972, 5.337353167193423], [-0.642359972, 5.337354753504272]]], [[[-0.642359972, 5.337209432549285], [-0.6415032163647773, 5.338227212511146], [-0.642359972, 5.337176668920402], [-0.642359972, 5.337209432549285]]], [[[-0.6415032163647773, 5.338227212511146], [-0.639652948490678, 5.340495989016818], [-0.6370841328166177, 5.3434768478799795], [-0.6415032163647773, 5.338227212511146]]], [[[-0.6377630652347355, 5.348343416435312], [-0.6362060575838376, 5.350669736226693], [-0.6364652334665961, 5.350255749201606], [-0.6377630652347355, 5.348343416435312]]], [[[-0.636731743855376, 5.350240846857049], [-0.6320852137498906, 5.357252045743716], [-0.6328996399777509, 5.355951145800264], [-0.636731743855376, 5.350240846857049]]], [[[-0.6453164821997205, 5.337548844626944], [-0.614392991989204, 5.385512199334908], [-0.6295956756117314, 5.36122863676248], [-0.6453164821997205, 5.337548844626944]]], [[[-0.642359972, 5.336601681182191], [-0.642359972, 5.336770108682262], [-0.6411236309200102, 5.3382140602347965], [-0.565609992, 5.421429157], [-0.642359972, 5.336601681182191]]], [[[-0.642359972, 5.336957305836651], [-0.62943711359957, 5.352350464325127], [-0.564628005, 5.427555084], [-0.6411236309200102, 5.3382140602347965], [-0.642359972, 5.336851627645431], [-0.642359972, 5.336957305836651]]], [[[-0.62943711359957, 5.352350464325127], [-0.6370841328166177, 5.3434768478799795], [-0.563835025, 5.430492878], [-0.62943711359957, 5.352350464325127]]], [[[-0.639652948490678, 5.340495989016818], [-0.6423420425568465, 5.3373755588660865], [-0.6372957896740601, 5.343677709008854], [-0.560015023, 5.438147068], [-0.639652948490678, 5.340495989016818]]], [[[-0.6372957896740601, 5.343677709008854], [-0.642359972, 5.337487164081115], [-0.642359972, 5.337607361185912], [-0.559283972, 5.441104889], [-0.6372957896740601, 5.343677709008854]]], [[[-0.6426834661127713, 5.337916851], [-0.6347565051793987, 5.348961793455506], [-0.558202982, 5.453699112], [-0.642638028, 5.337828254375516], [-0.642638028, 5.337916851], [-0.6426834661127713, 5.337916851]]], [[[-0.6347565051793987, 5.348961793455506], [-0.6428293608724102, 5.337916851], [-0.6432391231216743, 5.337916851], [-0.557465017, 5.456655025], [-0.6347565051793987, 5.348961793455506]]], [[[-0.6156528816630072, 5.384126661936949], [-0.5957249159197195, 5.415331105298882], [-0.6041185414799067, 5.401923792711102], [-0.6156528816630072, 5.384126661936949]]], [[[-0.6434175415794292, 5.3391506829335285], [-0.6378110415104885, 5.347074635505692], [-0.553614974, 5.46429491], [-0.643351985864081, 5.337916851], [-0.644189979992156, 5.337916851], [-0.6434175415794292, 5.3391506829335285]]], [[[-0.6378110415104885, 5.347074635505692], [-0.642840158397798, 5.3400729490917636], [-0.642043882249265, 5.341344857536216], [-0.552802026, 5.467222214], [-0.6378110415104885, 5.347074635505692]]], [[[-0.640839480638682, 5.343268673265012], [-0.6384229819981063, 5.347128596775994], [-0.637453288104552, 5.348560111921588], [-0.551771998, 5.473320961], [-0.640839480638682, 5.343268673265012]]], [[[-0.637453288104552, 5.348560111921588], [-0.6382846118760089, 5.347349618248355], [-0.6364652334665961, 5.350255749201606], [-0.550957978, 5.476249218], [-0.637453288104552, 5.348560111921588]]], [[[-0.6362060575838376, 5.350669736226693], [-0.6328996399777509, 5.355951145800264], [-0.547047019, 5.48388195], [-0.6362060575838376, 5.350669736226693]]], [[[-0.6320852137498906, 5.357252045743716], [-0.6295956756117314, 5.36122863676248], [-0.546220005, 5.486814976], [-0.6320852137498906, 5.357252045743716]]], [[[-0.614392991989204, 5.385512199334908], [-0.6041185414799067, 5.401923792711102], [-0.545141995, 5.492922783], [-0.614392991989204, 5.385512199334908]]], [[[-0.5957249159197195, 5.415331105298882], [-0.5855733996105374, 5.431546333321767], [-0.544300973, 5.495853901], [-0.5957249159197195, 5.415331105298882]]]]}}, {"type": "Feature", "properties": {"region": "North East", "constituency_count": 6, "winner_party": "NPP", "winner_votes": 134800, "winner_pct": 54.06, "total_valid_votes": 249351, "party_votes": {"NPP": 134800, "GCPP": 1026, "GFP": 0, "GUM": 246, "LPG": 265, "NDP": 155, "CPP": 396, "NDC": 111051, "APC": 354, "IND": 1058}}, "geometry": {"type": "Polygon", "coordinates": [[[0.201883569, 9.857306277], [0.129329994, 9.919163704], [0.131602004, 9.920511246], [0.135798007, 9.923932076], [0.139522001, 9.927900314], [0.140817001, 9.929700851], [0.141837999, 9.931624413], [0.142672002, 9.934584618], [0.143000007, 9.93770504], [0.142970994, 9.940842628], [0.142563, 9.943849564], [0.141589001, 9.946530342], [0.140405998, 9.94808197], [0.138852, 9.949284554], [0.136179, 9.95038414], [0.130282998, 9.952068329], [0.122341998, 9.955828667], [0.119278997, 9.956543922], [0.109814003, 9.957666397], [0.107086003, 9.958602905], [0.105517, 9.959744453], [0.104332, 9.961259842], [0.103371002, 9.963908195], [0.102982998, 9.966902733], [0.102967001, 9.970031738], [0.103290997, 9.973148346], [0.104073003, 9.976128578], [0.108277999, 9.983761787], [0.110610999, 9.989375114], [0.115007997, 9.996821404], [0.117287003, 10.00241375], [0.121348001, 10.00996971], [0.122093998, 10.01292133], [0.123222001, 10.0255003], [0.123976, 10.02845097], [0.127829999, 10.03610039], [0.128598005, 10.03905392], [0.128971994, 10.04216671], [0.129190996, 10.04862213], [0.128859997, 10.06160831], [0.128452003, 10.06472397], [0.127647996, 10.06767273], [0.123703003, 10.07532406], [0.122925997, 10.07827759], [0.122552, 10.08139992], [0.122114003, 10.09431362], [0.121730998, 10.09742928], [0.120893002, 10.10035992], [0.119482003, 10.10286522], [0.117648996, 10.10519886], [0.109075002, 10.11401939], [0.105113998, 10.11856365], [0.103541002, 10.12100506], [0.101078004, 10.12653828], [0.099416003, 10.12912273], [0.097413003, 10.13156796], [0.090617001, 10.13857937], [0.071792997, 10.15698528], [0.067309998, 10.16168022], [0.065297998, 10.16411877], [0.063621998, 10.16669941], [0.061127, 10.17222118], [0.059549998, 10.17465782], [0.051883001, 10.1838541], [0.050466999, 10.18635654], [0.049612999, 10.18928146], [0.049208999, 10.19238853], [0.048978999, 10.19884586], [0.048907999, 10.22505856], [0.049107, 10.23150158], [0.049469002, 10.23461342], [0.050228, 10.23756218], [0.054074999, 10.24520397], [0.054832, 10.24815273], [0.055980001, 10.26071644], [0.056719001, 10.26367188], [0.060525, 10.27132988], [0.061324999, 10.27425766], [0.062334999, 10.28036213], [0.063137002, 10.28328991], [0.06718, 10.29084969], [0.069512002, 10.29641056], [0.071064003, 10.29884815], [0.074988, 10.30338573], [0.083442003, 10.31221008], [0.085303999, 10.31452084], [0.086845003, 10.31696224], [0.089241996, 10.32250977], [0.090907998, 10.32515621], [0.092933998, 10.32766056], [0.097506002, 10.33250427], [0.118730001, 10.35332584], [0.091536999, 10.34971428], [0.084926002, 10.34864902], [0.081935003, 10.34778118], [0.074207, 10.34388828], [0.071230002, 10.34312534], [0.064865001, 10.34258938], [0.041772, 10.34265137], [0.035278998, 10.34242344], [0.032148, 10.34203529], [0.029177999, 10.34125996], [0.021477001, 10.3374176], [0.018507, 10.33663559], [0.012146, 10.33605194], [-0.004344, 10.33594799], [-0.01086, 10.33618546], [-0.014007, 10.33656311], [-0.016988, 10.33733559], [-0.024638999, 10.34141541], [-0.030277999, 10.34374905], [-0.037813, 10.34814644], [-0.043465, 10.35050869], [-0.048526999, 10.35339165], [-0.051130001, 10.35462475], [-0.054093, 10.35534763], [-0.057174001, 10.35557079], [-0.060254999, 10.35536957], [-0.063217998, 10.35466385], [-0.065816998, 10.35343456], [-0.070881002, 10.35046101], [-0.075838, 10.34804058], [-0.079926997, 10.34556103], [-0.084491998, 10.34160233], [-0.087833002, 10.33763885], [-0.088956997, 10.33579254], [-0.091288, 10.33020401], [-0.095268004, 10.32259178], [-0.096063003, 10.3196516], [-0.097084001, 10.31354809], [-0.097879, 10.31061268], [-0.101637997, 10.30293369], [-0.102435, 10.30000305], [-0.103474997, 10.29390907], [-0.104284003, 10.29098034], [-0.108295001, 10.28339958], [-0.110522002, 10.27778244], [-0.114749998, 10.27025604], [-0.117073998, 10.26464462], [-0.119517997, 10.26102638], [-0.121512003, 10.25880146], [-0.123706996, 10.2567358], [-0.126091003, 10.25490379], [-0.130289003, 10.25270176], [-0.132544994, 10.25195885], [-0.135703996, 10.25138474], [-0.142256007, 10.25102234], [-0.152172998, 10.25110912], [-0.158571005, 10.25169277], [-0.161558002, 10.25247383], [-0.169220999, 10.25656128], [-0.174866006, 10.25887394], [-0.182410002, 10.26318836], [-0.188060001, 10.26546955], [-0.195621997, 10.26973248], [-0.201284006, 10.27199745], [-0.208857, 10.27640724], [-0.215913996, 10.27993584], [-0.220377997, 10.28307915], [-0.227121994, 10.28930283], [-0.249010995, 10.31121445], [-0.263592988, 10.31028461], [-0.293224007, 10.31024361], [-0.300242007, 10.3099947], [-0.303626001, 10.30958939], [-0.306836993, 10.30877972], [-0.314622998, 10.30511093], [-0.317597002, 10.30432701], [-0.330228001, 10.30279064], [-0.333222985, 10.30198193], [-0.341078997, 10.29829216], [-0.34404701, 10.29763317], [-0.347101003, 10.29751873], [-0.350100011, 10.29795742], [-0.353208989, 10.29920292], [-0.355865985, 10.30118179], [-0.357843995, 10.30387115], [-0.359160006, 10.30705261], [-0.359775007, 10.31017303], [-0.360624999, 10.32332134], [-0.361238003, 10.32643032], [-0.362536997, 10.32958031], [-0.364484012, 10.33219433], [-0.367067993, 10.33399868], [-0.370030999, 10.33489704], [-0.372788996, 10.33476162], [-0.375331998, 10.33387756], [-0.380504012, 10.33151722], [-0.38350299, 10.33072186], [-0.39616999, 10.32915115], [-0.399149001, 10.32835579], [-0.406944007, 10.32467461], [-0.410259992, 10.32384777], [-0.417346001, 10.32327557], [-0.45767501, 10.32339382], [-0.464904994, 10.32317257], [-0.468403012, 10.3227787], [-0.471720994, 10.32196331], [-0.479516, 10.31827068], [-0.482306004, 10.31750679], [-0.494516999, 10.31601238], [-0.498261988, 10.31522274], [-0.505945027, 10.312994], [-0.518447995, 10.30882359], [-0.525736988, 10.29227734], [-0.530411005, 10.28377438], [-0.531786025, 10.2802887], [-0.532700002, 10.27890778], [-0.534089983, 10.27799416], [-0.537625015, 10.27658081], [-0.540964007, 10.27450371], [-0.554661989, 10.26373768], [-0.556703985, 10.24625874], [-0.558142006, 10.240201], [-0.559925973, 10.23654461], [-0.56287998, 10.231493], [-0.565118015, 10.22585201], [-0.569437027, 10.21839046], [-0.571749985, 10.21282005], [-0.57328701, 10.21037579], [-0.580905974, 10.20121002], [-0.582435012, 10.19876194], [-0.584810019, 10.19320774], [-0.586465001, 10.19058895], [-0.588469982, 10.18810463], [-0.592939973, 10.18331814], [-0.602210999, 10.17411518], [-0.606939971, 10.17023182], [-0.608991981, 10.16900539], [-0.613402009, 10.16724777], [-0.616550982, 10.16669178], [-0.622999012, 10.16656017], [-0.626152992, 10.16690636], [-0.629149973, 10.16769314], [-0.631756008, 10.16898346], [-0.636798978, 10.17203903], [-0.641746998, 10.1744709], [-0.645844996, 10.17697334], [-0.648249984, 10.17887402], [-0.657374978, 10.18725014], [-0.659802973, 10.18909836], [-0.664013982, 10.19133854], [-0.666261971, 10.19209766], [-0.66941601, 10.19267941], [-0.672661006, 10.19294643], [-0.685867012, 10.19302845], [-0.692261994, 10.19247627], [-0.695218027, 10.19164181], [-0.697742999, 10.190238], [-0.707008004, 10.18250275], [-0.709496975, 10.18084812], [-0.713913977, 10.17877579], [-0.71983701, 10.17525673], [-0.732536972, 10.16600227], [-0.743099988, 10.16250324], [-0.747708976, 10.16129303], [-0.751164019, 10.16076565], [-0.764472008, 10.1597023], [-0.767477989, 10.15892696], [-0.77522701, 10.15510464], [-0.778181016, 10.15428925], [-0.784322977, 10.15321255], [-0.78727001, 10.15238571], [-0.794872999, 10.14832878], [-0.800498009, 10.14604759], [-0.807985008, 10.14171505], [-0.813606024, 10.13941765], [-0.821222007, 10.13538647], [-0.824203014, 10.13464546], [-0.827359974, 10.13430595], [-0.843842983, 10.13415146], [-0.847078979, 10.1339159], [-0.85018301, 10.13333702], [-0.852346003, 10.13255119], [-0.854340017, 10.13146973], [-0.85611397, 10.13009357], [-0.857604027, 10.12841225], [-0.858870983, 10.12651634], [-0.865495026, 10.11410809], [-0.86630398, 10.11115932], [-0.867340982, 10.10504246], [-0.868147016, 10.102108], [-0.87193799, 10.09443665], [-0.872681022, 10.09148121], [-0.873170972, 10.08516502], [-0.872883976, 10.0622263], [-0.87301302, 10.05575466], [-0.873373985, 10.0526371], [-0.874185026, 10.04970169], [-0.875400007, 10.04742718], [-0.876968026, 10.04529858], [-0.88064599, 10.04127121], [-0.884872019, 10.03722954], [-0.889627993, 10.03339863], [-0.893755972, 10.03099155], [-0.898717999, 10.02864742], [-0.906273007, 10.02411556], [-0.913293004, 10.02061558], [-0.917707026, 10.01749516], [-0.922236025, 10.01337242], [-0.942358017, 9.993243217], [-0.947142005, 9.988782883], [-0.949638009, 9.986777306], [-0.952282012, 9.985107422], [-0.957920015, 9.982649803], [-0.960057974, 9.981344223], [-0.964075983, 9.977995872], [-0.968418002, 9.973353386], [-0.97835499, 9.96092701], [-0.991662979, 9.982041359], [-0.995887995, 9.989186287], [-0.996667981, 9.990953445], [-0.997466028, 9.99394989], [-0.998463988, 10.00011921], [-0.999279976, 10.00305939], [-1.003415942, 10.01062584], [-1.005684018, 10.01625347], [-1.010226965, 10.02372169], [-1.012676954, 10.02854156], [-1.015298009, 10.03229618], [-1.016834021, 10.03377342], [-1.018558979, 10.03498268], [-1.023931026, 10.03752422], [-1.025660992, 10.03872967], [-1.027205944, 10.04020691], [-1.029854059, 10.0439539], [-1.032335997, 10.04876518], [-1.035408974, 10.05375195], [-1.036702991, 10.05633163], [-1.037500978, 10.05930424], [-1.038053036, 10.06566525], [-1.03805697, 10.07217884], [-1.037503004, 10.07853317], [-1.036700964, 10.08149815], [-1.03540206, 10.08407307], [-1.032415986, 10.08905983], [-1.030125976, 10.09463501], [-1.027722955, 10.09939194], [-1.027248979, 10.10163403], [-1.027806044, 10.10362244], [-1.029044986, 10.10559845], [-1.032534957, 10.10951996], [-1.03679204, 10.11357021], [-1.041618943, 10.1174469], [-1.043676972, 10.11872768], [-1.05081296, 10.12221336], [-1.058400989, 10.12664986], [-1.064085007, 10.12887383], [-1.071637988, 10.13316441], [-1.077311039, 10.13539124], [-1.084859014, 10.13969612], [-1.090530038, 10.14192867], [-1.098073959, 10.14624596], [-1.103739023, 10.14849091], [-1.111269951, 10.1528492], [-1.116930962, 10.15513039], [-1.124565959, 10.15928459], [-1.127555966, 10.1600666], [-1.130715013, 10.16044521], [-1.137240052, 10.16065502], [-1.143762946, 10.16045189], [-1.146919966, 10.16007996], [-1.149901032, 10.1593008], [-1.157492995, 10.15515518], [-1.163128972, 10.15288067], [-1.170614004, 10.14853382], [-1.176257014, 10.14629173], [-1.18375504, 10.14198589], [-1.189403057, 10.13975716], [-1.196903944, 10.13545895], [-1.202551007, 10.13323212], [-1.21005404, 10.12893391], [-1.215702057, 10.12670898], [-1.223202944, 10.12241077], [-1.228852987, 10.12018585], [-1.23635602, 10.11588573], [-1.242017031, 10.11366367], [-1.249578953, 10.10934544], [-1.255409002, 10.10709953], [-1.257187009, 10.10620213], [-1.27717495, 10.0938673], [-1.289417982, 10.09032726], [-1.29322505, 10.08956432], [-1.304939032, 10.08811665], [-1.307567, 10.08738518], [-1.31536901, 10.08354473], [-1.318321943, 10.08271122], [-1.324445963, 10.08157635], [-1.327386022, 10.08073044], [-1.335103989, 10.07693291], [-1.338224053, 10.07614899], [-1.341516972, 10.07577133], [-1.348332047, 10.07555866], [-1.396728992, 10.07563591], [-1.403411984, 10.07618141], [-1.406543016, 10.07696533], [-1.414306045, 10.0807476], [-1.417256951, 10.08158493], [-1.423388004, 10.08270645], [-1.426337004, 10.08354664], [-1.433992982, 10.08759212], [-1.439635992, 10.08989906], [-1.44717598, 10.09423828], [-1.452813983, 10.09657669], [-1.460486054, 10.10065365], [-1.463474035, 10.10144138], [-1.466622949, 10.10184193], [-1.473132968, 10.10207367], [-1.479635, 10.10184765], [-1.48278296, 10.10145378], [-1.485761046, 10.10066986], [-1.493396044, 10.09660912], [-1.499014974, 10.09428406], [-1.506520033, 10.08996296], [-1.51214695, 10.08764267], [-1.519688964, 10.08330536], [-1.525370002, 10.08099174], [-1.530475974, 10.0782299], [-1.533097029, 10.07712364], [-1.536066055, 10.07666874], [-1.539105058, 10.07697392], [-1.54469502, 10.07901192], [-1.547536969, 10.07972717], [-1.550382018, 10.07963085], [-1.552819967, 10.07899284], [-1.553990006, 10.07833195], [-1.575309038, 10.09209824], [-1.577787995, 10.09353161], [-1.586161971, 10.09776402], [-1.58821106, 10.0990572], [-1.591804981, 10.10194588], [-1.597169995, 10.10708141], [-1.600932956, 10.11110401], [-1.602596998, 10.11320782], [-1.60395503, 10.11543369], [-1.606170058, 10.12108898], [-1.607529044, 10.12331581], [-1.611032009, 10.12744999], [-1.616927981, 10.13335991], [-1.621008039, 10.13707256], [-1.623134017, 10.13871574], [-1.625386, 10.14005375], [-1.631090045, 10.14223003], [-1.633337975, 10.14357281], [-1.635455012, 10.1452179], [-1.639515996, 10.14893532], [-1.662809014, 10.17189503], [-1.679960012, 10.18706322], [-1.674268961, 10.19927883], [-1.671468019, 10.20476723], [-1.66603899, 10.21339417], [-1.663810015, 10.21906185], [-1.659466028, 10.22651863], [-1.657281995, 10.23214436], [-1.652950048, 10.23958588], [-1.650758982, 10.24520397], [-1.646424055, 10.25264263], [-1.644235969, 10.25826263], [-1.639901996, 10.26570225], [-1.637714028, 10.2713232], [-1.633381009, 10.27876377], [-1.631193042, 10.28438377], [-1.626868963, 10.29182816], [-1.624693036, 10.29745483], [-1.620378017, 10.30490112], [-1.618108034, 10.31048965], [-1.616572022, 10.31293297], [-1.60887599, 10.32206345], [-1.607334971, 10.3245039], [-1.604977965, 10.33005619], [-1.60343802, 10.33249664], [-1.595747948, 10.34163189], [-1.594215989, 10.34407711], [-1.59196198, 10.34967041], [-1.587666035, 10.35712528], [-1.585414052, 10.36272335], [-1.583884954, 10.36516762], [-1.576225042, 10.37433147], [-1.574699998, 10.37678719], [-1.57238698, 10.38237572], [-1.571279049, 10.38423061], [-1.569957018, 10.3859911], [-1.566280961, 10.38993073], [-1.562180996, 10.39337254], [-1.55994904, 10.39472198], [-1.554311037, 10.39702225], [-1.551839948, 10.39854431], [-1.549512982, 10.4003973], [-1.54064095, 10.40882969], [-1.536077976, 10.41273212], [-1.533619046, 10.41426563], [-1.52800703, 10.41658783], [-1.525537014, 10.41810989], [-1.51391995, 10.42803574], [-1.493384957, 10.44206047], [-1.485682011, 10.43910789], [-1.478669047, 10.43677044], [-1.475229025, 10.43592167], [-1.465294957, 10.43423462], [-1.460834026, 10.43241882], [-1.456544995, 10.42958641], [-1.450168014, 10.42450333], [-1.447932005, 10.42313385], [-1.442338943, 10.42071056], [-1.440103054, 10.41934299], [-1.433735967, 10.41427231], [-1.429512024, 10.41135979], [-1.422456026, 10.40785217], [-1.414885044, 10.40341663], [-1.409175992, 10.40120792], [-1.401579022, 10.39679432], [-1.396733999, 10.39436913], [-1.394806027, 10.39311695], [-1.39309597, 10.3916378], [-1.391692042, 10.38987732], [-1.390573025, 10.38789845], [-1.38972497, 10.38576508], [-1.387509942, 10.37674046], [-1.383391976, 10.36913586], [-1.381153941, 10.36349583], [-1.376826048, 10.35599041], [-1.374485016, 10.35038567], [-1.371997952, 10.34678745], [-1.369968057, 10.34457874], [-1.367748022, 10.34251213], [-1.36333096, 10.33935928], [-1.356230974, 10.335886], [-1.348646045, 10.33146], [-1.34296, 10.32923794], [-1.335404038, 10.32495308], [-1.329728961, 10.32272625], [-1.322183013, 10.31842327], [-1.316509962, 10.31618786], [-1.308964014, 10.31188488], [-1.303293943, 10.30964947], [-1.295747995, 10.30533886], [-1.290078998, 10.30309391], [-1.282539964, 10.29876137], [-1.276869059, 10.29650879], [-1.269227982, 10.29237747], [-1.266262054, 10.2915411], [-1.260074973, 10.29045391], [-1.257102966, 10.289608], [-1.249426007, 10.28586578], [-1.246567965, 10.28544712], [-1.243710041, 10.28583622], [-1.241150975, 10.28693676], [-1.236099958, 10.28987026], [-1.23122704, 10.29235172], [-1.229308009, 10.29362392], [-1.227630973, 10.29510593], [-1.226320982, 10.29684734], [-1.225393057, 10.29877853], [-1.224907041, 10.30081463], [-1.225108027, 10.30358601], [-1.226130962, 10.30610466], [-1.228757024, 10.31118298], [-1.229570985, 10.31415653], [-1.230926991, 10.3268013], [-1.231713057, 10.32976437], [-1.235674024, 10.33741093], [-1.236516953, 10.34033966], [-1.237607002, 10.34644127], [-1.238448024, 10.34937191], [-1.242426991, 10.35699844], [-1.24327302, 10.35992622], [-1.244385004, 10.36602783], [-1.245246053, 10.36895943], [-1.249292016, 10.37660503], [-1.250098944, 10.37956619], [-1.250491023, 10.38268566], [-1.250558972, 10.38907242], [-1.250231028, 10.39220142], [-1.249472022, 10.39517117], [-1.241562963, 10.40954781], [-1.240180016, 10.41134834], [-1.238656998, 10.41282654], [-1.23694098, 10.4140377], [-1.231474042, 10.41650772], [-1.229007959, 10.41803265], [-1.219727039, 10.42556763], [-1.217260957, 10.42709541], [-1.211675048, 10.42948818], [-1.209213018, 10.43101883], [-1.199983001, 10.43857479], [-1.197520971, 10.44009972], [-1.19193697, 10.44248581], [-1.189720035, 10.44384861], [-1.185578942, 10.44727898], [-1.173084021, 10.45959759], [-1.169047952, 10.46327591], [-1.166939974, 10.46490097], [-1.164715052, 10.46625519], [-1.15912199, 10.46861362], [-1.156898022, 10.46996784], [-1.154788017, 10.47158813], [-1.146448016, 10.47944736], [-1.134974957, 10.49092674], [-1.130609989, 10.49560833], [-1.128664017, 10.49804878], [-1.127061963, 10.50063133], [-1.124716997, 10.50619888], [-1.123592973, 10.50802898], [-1.120280981, 10.51172447], [-1.11807096, 10.51347923], [-1.115430951, 10.5150404], [-1.109630942, 10.51762867], [-1.086475015, 10.52647686], [-1.08446002, 10.5221529], [-1.082648039, 10.51940918], [-1.08049202, 10.51769733], [-1.078858018, 10.51745796], [-1.077142, 10.51783371], [-1.07446599, 10.51924706], [-1.069097042, 10.52312374], [-1.066277027, 10.52485085], [-1.060659051, 10.52736092], [-1.057880998, 10.52914333], [-1.049839973, 10.53537178], [-1.045652986, 10.53758526], [-1.043439984, 10.53839588], [-1.034373999, 10.54071236], [-1.026636004, 10.54454803], [-1.023651004, 10.54531765], [-1.017274022, 10.54588795], [-1.007505059, 10.5457077], [-1.004358053, 10.54531384], [-1.001369953, 10.54452324], [-0.993707001, 10.54043388], [-0.988059998, 10.53811646], [-0.980401993, 10.53405666], [-0.97744298, 10.53322697], [-0.971275985, 10.53213596], [-0.968302011, 10.53127861], [-0.965690017, 10.52996063], [-0.963173985, 10.52832317], [-0.93778199, 10.51136589], [-0.931198001, 10.5147028], [-0.924984992, 10.51738739], [-0.921880007, 10.51835632], [-0.911930025, 10.52016068], [-0.909639001, 10.5209446], [-0.905402005, 10.52318954], [-0.903014004, 10.52504539], [-0.900820971, 10.52712154], [-0.897507012, 10.53111458], [-0.896404028, 10.5329771], [-0.894088984, 10.53858089], [-0.892566025, 10.54104042], [-0.89071101, 10.54336262], [-0.882275999, 10.55220985], [-0.878378987, 10.55676174], [-0.876848996, 10.55920506], [-0.874514997, 10.56476593], [-0.872991025, 10.56721592], [-0.871140003, 10.56952667], [-0.864811003, 10.57614994], [-0.845059991, 10.59571934], [-0.84088701, 10.60017872], [-0.838990986, 10.60249901], [-0.837368011, 10.60494328], [-0.834899008, 10.60972023], [-0.833664, 10.6116457], [-0.832211971, 10.61338234], [-0.830484986, 10.61484814], [-0.828561008, 10.61609364], [-0.823754013, 10.61852169], [-0.81626302, 10.62300205], [-0.810591996, 10.62521839], [-0.802991986, 10.62930202], [-0.800445974, 10.6299696], [-0.79776597, 10.63032341], [-0.789503992, 10.63088417], [-0.786822975, 10.63126373], [-0.784277976, 10.63196373], [-0.776584983, 10.63593197], [-0.774381995, 10.63651085], [-0.772083998, 10.6367569], [-0.769749999, 10.6367178], [-0.767431974, 10.63636971], [-0.765191972, 10.63567448], [-0.760959983, 10.63348007], [-0.756183028, 10.62958527], [-0.751953006, 10.62544823], [-0.748210013, 10.62137985], [-0.746550977, 10.61925983], [-0.745172024, 10.6170311], [-0.742851973, 10.611413], [-0.738469005, 10.60394192], [-0.736204028, 10.59832191], [-0.732030988, 10.59077263], [-0.731342018, 10.58825016], [-0.730039001, 10.57472801], [-0.729349971, 10.57218742], [-0.725305021, 10.5644331], [-0.724582016, 10.56190109], [-0.724179029, 10.55919647], [-0.723873973, 10.55340672], [-0.723923981, 10.53902531], [-0.717297971, 10.53248882], [-0.715910017, 10.53249264], [-0.713891029, 10.53129673], [-0.710527003, 10.52654266], [-0.70867902, 10.52437115], [-0.70658201, 10.52274799], [-0.704352975, 10.52200317], [-0.702041984, 10.52239513], [-0.691510022, 10.52695656], [-0.688723028, 10.52874374], [-0.683426023, 10.53304482], [-0.678690016, 10.53642273], [-0.664080977, 10.54422569], [-0.661134005, 10.54506683], [-0.655003011, 10.54615879], [-0.652050972, 10.54697514], [-0.644294977, 10.55076313], [-0.641296029, 10.55154228], [-0.624701977, 10.55295086], [-0.606459022, 10.55490589], [-0.594075024, 10.55759621], [-0.589617014, 10.55823421], [-0.583328009, 10.55849648], [-0.564961016, 10.55849361], [-0.558910012, 10.55877018], [-0.555926025, 10.55921173], [-0.54370302, 10.56279469], [-0.531490028, 10.56572056], [-0.523189008, 10.58252525], [-0.521040022, 10.58796787], [-0.520407975, 10.59115601], [-0.520133018, 10.59441757], [-0.519962013, 10.60762501], [-0.519716024, 10.61084557], [-0.519120991, 10.61393833], [-0.518324971, 10.61610126], [-0.517234027, 10.61810493], [-0.515847981, 10.61989117], [-0.514159024, 10.62140656], [-0.510242999, 10.62381172], [-0.503848016, 10.62698174], [-0.502107024, 10.62764263], [-0.500400007, 10.62785244], [-0.497994989, 10.62709141], [-0.495615989, 10.6254797], [-0.485983998, 10.61663246], [-0.483375013, 10.61462402], [-0.479162991, 10.61236095], [-0.476915985, 10.61158943], [-0.473773003, 10.61098194], [-0.470539004, 10.61069679], [-0.463955998, 10.61053753], [-0.44413501, 10.61065197], [-0.437770993, 10.61121464], [-0.434794992, 10.61197567], [-0.427064002, 10.61574554], [-0.424122006, 10.61658001], [-0.41800499, 10.61769867], [-0.415064007, 10.61853504], [-0.407445014, 10.62255573], [-0.401820004, 10.62484169], [-0.394311011, 10.6291151], [-0.388689995, 10.63140774], [-0.381170988, 10.63567448], [-0.375535011, 10.63795567], [-0.367877007, 10.64210796], [-0.360711992, 10.64424419], [-0.354346007, 10.64678288], [-0.337296009, 10.65548038], [-0.314188004, 10.65618896], [-0.289896995, 10.65625954], [-0.283174992, 10.65650558], [-0.279933989, 10.65690517], [-0.276859999, 10.65769958], [-0.269131005, 10.66146469], [-0.265881002, 10.66228294], [-0.258920997, 10.66282368], [-0.240961, 10.66285324], [-0.233996004, 10.66338634], [-0.230744004, 10.66419792], [-0.223002002, 10.66792202], [-0.220025003, 10.66867638], [-0.216888994, 10.66905022], [-0.203914002, 10.66953564], [-0.200773001, 10.66989326], [-0.197794005, 10.67064095], [-0.190154999, 10.67460155], [-0.184541002, 10.67691326], [-0.177040994, 10.68136883], [-0.170056999, 10.68494034], [-0.158693999, 10.69286537], [-0.151696995, 10.69640732], [-0.144163996, 10.70082569], [-0.138521001, 10.70319366], [-0.135988995, 10.70468903], [-0.125012994, 10.71226501], [-0.107798003, 10.72262287], [-0.075347997, 10.74214745], [-0.074003004, 10.73530865], [-0.076038003, 10.72771072], [-0.074695997, 10.72354031], [-0.085377999, 10.71784019], [-0.088136002, 10.71459198], [-0.087140001, 10.70794106], [-0.085478999, 10.70483017], [-0.079319999, 10.69330025], [-0.071243003, 10.67613125], [-0.070477001, 10.66924191], [-0.067973003, 10.65132999], [-0.063918002, 10.64102077], [-0.054058, 10.63146019], [-0.042629, 10.62766075], [-0.033277001, 10.62222958], [-0.026059, 10.62115192], [-0.019293001, 10.61845112], [0.0, 10.61034203], [0.001017, 10.60991096], [0.011316, 10.60264969], [0.020641999, 10.59974194], [0.034393001, 10.59596062], [0.047952998, 10.58780956], [0.063308001, 10.56174183], [0.071276002, 10.5549202], [0.081529997, 10.55202103], [0.097145997, 10.54710007], [0.113945998, 10.54012871], [0.119071998, 10.53855991], [0.131927997, 10.53069973], [0.136125997, 10.52349758], [0.140988007, 10.51516056], [0.147679001, 10.48806858], [0.151985005, 10.47639275], [0.153595999, 10.4720211], [0.152991995, 10.45821857], [0.154881001, 10.45363998], [0.165634006, 10.44405174], [0.167751998, 10.43993092], [0.165950999, 10.43141079], [0.168962002, 10.42381477], [0.169495001, 10.42247009], [0.171538994, 10.42039871], [0.176275998, 10.41561031], [0.182797998, 10.41289997], [0.189154997, 10.4000597], [0.192662999, 10.39686871], [0.196365997, 10.39873123], [0.203801006, 10.39830875], [0.204705, 10.40222931], [0.203018993, 10.41117954], [0.209042996, 10.41351986], [0.213200003, 10.41722202], [0.217844993, 10.41748142], [0.221974, 10.41450024], [0.228581995, 10.40972996], [0.235797003, 10.40701962], [0.247887999, 10.40547943], [0.259734988, 10.40532875], [0.265062004, 10.40789127], [0.268967986, 10.41458035], [0.27058199, 10.415658], [0.271744013, 10.41643143], [0.281502992, 10.41603184], [0.281942993, 10.41529083], [0.286433011, 10.40779114], [0.294360012, 10.40301132], [0.296232998, 10.4004879], [0.298844993, 10.39130974], [0.296059996, 10.38758087], [0.288480014, 10.37745094], [0.289440989, 10.37240028], [0.301086009, 10.36740875], [0.305988014, 10.36331081], [0.310454994, 10.35437202], [0.312635988, 10.33966923], [0.314994991, 10.33370018], [0.317784995, 10.33302975], [0.321951002, 10.33535004], [0.325203001, 10.33514118], [0.331277013, 10.32919884], [0.33246699, 10.32438087], [0.331571013, 10.31909084], [0.32000199, 10.31258202], [0.317236006, 10.30889034], [0.318883002, 10.30545139], [0.326315999, 10.30503082], [0.340243012, 10.30603886], [0.343962997, 10.30514145], [0.353464991, 10.30795097], [0.363691002, 10.30663109], [0.380858004, 10.30902863], [0.385042012, 10.30836105], [0.392497003, 10.30426121], [0.392975986, 10.30173969], [0.381651014, 10.29294014], [0.36965099, 10.28046036], [0.374107003, 10.27313042], [0.378986001, 10.27223015], [0.373003989, 10.26346874], [0.362123013, 10.25811958], [0.360944986, 10.25593185], [0.359136999, 10.25257874], [0.358191997, 10.21694946], [0.35384801, 10.20566082], [0.352741987, 10.19668961], [0.350901008, 10.19415092], [0.349564999, 10.18472004], [0.350807011, 10.17116165], [0.349240988, 10.16127014], [0.351967007, 10.15442085], [0.357724011, 10.13994026], [0.356895, 10.12362099], [0.347779989, 10.09574986], [0.350392014, 10.08611107], [0.354122996, 10.08269024], [0.360401988, 10.0801897], [0.386175007, 10.0768919], [0.397576988, 10.07120991], [0.410167009, 10.06025028], [0.413650006, 10.05980968], [0.414615989, 10.05338001], [0.408271015, 10.02737141], [0.409224004, 10.02301121], [0.408309996, 10.02070045], [0.407521009, 10.0199976], [0.404157013, 10.01700115], [0.400213987, 10.01675034], [0.390897006, 10.02336884], [0.374653995, 10.02441883], [0.362091005, 10.03055859], [0.356985986, 10.03098965], [0.353056997, 10.02890015], [0.352842003, 10.02567959], [0.355865002, 10.01960087], [0.356835991, 10.01765919], [0.357356995, 10.00801182], [0.355470002, 10.00000095], [0.352153987, 9.985911369], [0.353599012, 9.977184296], [0.355767012, 9.973973274], [0.360740006, 9.966602325], [0.361788005, 9.965049744], [0.380692989, 9.944702148], [0.382357001, 9.937586784], [0.381110996, 9.934370995], [0.380300999, 9.932290077], [0.374763012, 9.927890778], [0.361328006, 9.925516129], [0.356936008, 9.923193932], [0.351406991, 9.917415619], [0.34889701, 9.910736084], [0.346275985, 9.883831024], [0.348657995, 9.86772728], [0.352317989, 9.842956543], [0.34939599, 9.827543259], [0.338595986, 9.812314034], [0.335422993, 9.800341606], [0.330359012, 9.794798851], [0.268508477, 9.847788433], [0.201883569, 9.857306277]]]}}, {"type": "Feature", "properties": {"region": "Northern", "constituency_count": 18, "winner_party": "NDC", "winner_votes": 529456, "winner_pct": 57.88, "total_valid_votes": 914722, "party_votes": {"NPP": 370928, "GCPP": 2825, "GFP": 0, "GUM": 991, "LPG": 719, "NDP": 444, "CPP": 2154, "NDC": 529456, "APC": 2125, "IND": 5080}}, "geometry": {"type": "Polygon", "coordinates": [[[-0.667300999, 9.310808182], [-0.677748978, 9.311088562], [-0.694406986, 9.311100006], [-0.700771987, 9.31053257], [-0.703740001, 9.309753418], [-0.711350024, 9.305699348], [-0.716949999, 9.303356171], [-0.724569023, 9.299334526], [-0.727542996, 9.298576355], [-0.730681002, 9.298201561], [-0.743651986, 9.297690392], [-0.746788025, 9.297308922], [-0.749767005, 9.296545982], [-0.757523, 9.292786598], [-0.760499001, 9.292004585], [-0.76363498, 9.291604042], [-0.773375988, 9.291446686], [-0.779748976, 9.292094231], [-0.782738984, 9.292909622], [-0.790526986, 9.29675293], [-0.793480992, 9.297481537], [-0.796541989, 9.297721863], [-0.799600005, 9.297532082], [-0.802537978, 9.296834946], [-0.805124998, 9.295618057], [-0.810150027, 9.292628288], [-0.815052986, 9.290124893], [-0.819144011, 9.287613869], [-0.826484978, 9.282159805], [-0.828540981, 9.280977249], [-0.832894027, 9.2793293], [-0.835946023, 9.278921127], [-0.83900398, 9.279037476], [-0.841956019, 9.279696465], [-0.849745989, 9.283435822], [-0.852730989, 9.284235954], [-0.865375996, 9.285680771], [-0.868357003, 9.286462784], [-0.876151979, 9.290239334], [-0.879090011, 9.291013718], [-0.882184982, 9.291415215], [-0.888616025, 9.291631699], [-0.895214975, 9.291351318], [-0.902671993, 9.290362358], [-0.923283994, 9.286735535], [-0.930918992, 9.284486771], [-0.94135797, 9.279715538], [-0.944576025, 9.278916359], [-0.947866976, 9.278558731], [-0.951166987, 9.278502464], [-0.954425991, 9.278726578], [-0.957588017, 9.279327393], [-0.959849, 9.280097008], [-0.96410799, 9.282300949], [-0.971566021, 9.287615776], [-0.975789011, 9.289827347], [-0.978006005, 9.290642738], [-0.987076998, 9.292976379], [-0.994874001, 9.29673481], [-1.003954053, 9.299027443], [-1.00830996, 9.300852776], [-1.012799978, 9.303868294], [-1.022004962, 9.312075615], [-1.02642405, 9.315284729], [-1.041113019, 9.323151588], [-1.044096947, 9.323931694], [-1.047225952, 9.324292183], [-1.05361402, 9.32425499], [-1.056738973, 9.323865891], [-1.059718013, 9.323083878], [-1.067494035, 9.319318771], [-1.070471048, 9.31853199], [-1.083075047, 9.317111969], [-1.086047053, 9.316337585], [-1.093801975, 9.312628746], [-1.09701395, 9.31182003], [-1.103888035, 9.311252594], [-1.125601053, 9.311190605], [-1.13320899, 9.310913086], [-1.13707602, 9.310494423], [-1.140871048, 9.309673309], [-1.144104958, 9.308461189], [-1.147879004, 9.306406975], [-1.158951998, 9.32171154], [-1.162660003, 9.327334404], [-1.164705992, 9.331186295], [-1.167003989, 9.336938858], [-1.168563008, 9.339411736], [-1.172521949, 9.343974113], [-1.183545947, 9.354878426], [-1.187752962, 9.359321594], [-1.189625978, 9.361638069], [-1.191180944, 9.36408329], [-1.193608046, 9.369632721], [-1.195286036, 9.372252464], [-1.197314024, 9.374724388], [-1.220649958, 9.39820385], [-1.222677946, 9.400676727], [-1.224354029, 9.403296471], [-1.226771951, 9.408853531], [-1.228445053, 9.411478043], [-1.230468988, 9.413956642], [-1.239707947, 9.423422813], [-1.24821806, 9.431312561], [-1.250359058, 9.432930946], [-1.252612948, 9.434281349], [-1.258265018, 9.436635017], [-1.260511994, 9.437986374], [-1.262634039, 9.439611435], [-1.266585946, 9.443325996], [-1.268376946, 9.445339203], [-1.270849943, 9.44894886], [-1.273193002, 9.454550743], [-1.277516961, 9.462052345], [-1.279775023, 9.467677116], [-1.284124017, 9.475152016], [-1.286391973, 9.480766296], [-1.290755987, 9.488231659], [-1.293141961, 9.493798256], [-1.294715047, 9.496238708], [-1.302507043, 9.505379677], [-1.304090977, 9.507815361], [-1.306514025, 9.513366699], [-1.309429049, 9.518342018], [-1.310690045, 9.520908356], [-1.311463952, 9.523863792], [-1.31198895, 9.530193329], [-1.311969995, 9.559658051], [-1.312188983, 9.566115379], [-1.312564969, 9.569234848], [-1.313349009, 9.572183609], [-1.317541003, 9.57971859], [-1.319880962, 9.585305214], [-1.324347973, 9.592727661], [-1.326689005, 9.598312378], [-1.330890059, 9.605852127], [-1.331680059, 9.608802795], [-1.332241058, 9.615134239], [-1.33236897, 9.624945641], [-1.332334042, 9.634757996], [-1.331828952, 9.641084671], [-1.331055999, 9.644036293], [-1.329795957, 9.646597862], [-1.326871037, 9.651563644], [-1.324530959, 9.657150269], [-1.32159698, 9.662122726], [-1.320345998, 9.664683342], [-1.319633007, 9.667612076], [-1.319439054, 9.670665741], [-1.319676042, 9.673724174], [-1.320433021, 9.676656723], [-1.321725011, 9.679222107], [-1.324749947, 9.684212685], [-1.327200055, 9.689824104], [-1.330137014, 9.694783211], [-1.33129096, 9.697299957], [-1.331740022, 9.70011425], [-1.331364036, 9.702936172], [-1.330263019, 9.705460548], [-1.32731998, 9.710438728], [-1.324818015, 9.715258598], [-1.323534966, 9.717199326], [-1.322036982, 9.718955994], [-1.320271015, 9.720451355], [-1.318315983, 9.721738815], [-1.308390021, 9.727165222], [-1.305842042, 9.728181839], [-1.303035975, 9.728345871], [-1.300982952, 9.727830887], [-1.299052, 9.726874352], [-1.297335982, 9.725528717], [-1.295928001, 9.72381115], [-1.294803977, 9.721824646], [-1.293951988, 9.719664574], [-1.291718006, 9.710481644], [-1.287603974, 9.702724457], [-1.285346031, 9.696960449], [-1.279546976, 9.687109947], [-1.278056979, 9.685283661], [-1.275953054, 9.684576988], [-1.273589969, 9.684971809], [-1.272012949, 9.685921669], [-1.270601988, 9.687316895], [-1.269353032, 9.68914032], [-1.268350005, 9.691213608], [-1.267606974, 9.69345665], [-1.267043948, 9.696649551], [-1.266433001, 9.703207016], [-1.265856981, 9.70635891], [-1.265079021, 9.708554268], [-1.264006019, 9.710569382], [-1.262619972, 9.712332726], [-1.260895014, 9.713760376], [-1.258911967, 9.714876175], [-1.256747007, 9.715689659], [-1.253628969, 9.716296196], [-1.250377059, 9.71654892], [-1.243767023, 9.716555595], [-1.237319946, 9.71595192], [-1.234313011, 9.715126991], [-1.226644039, 9.710844994], [-1.22101903, 9.708560944], [-1.217381954, 9.70671463], [-1.215661049, 9.706001282], [-1.213973999, 9.70574379], [-1.211976051, 9.706291199], [-1.209980965, 9.707493782], [-1.20373702, 9.712385178], [-1.201730967, 9.713711739], [-1.19472301, 9.717417717], [-1.189739943, 9.720417023], [-1.187216997, 9.721543312], [-1.184391022, 9.721953392], [-1.181560993, 9.721541405], [-1.179031014, 9.720423698], [-1.174026012, 9.717560768], [-1.168367028, 9.715190887], [-1.163324952, 9.712235451], [-1.160724998, 9.710951805], [-1.15773201, 9.710146904], [-1.151322961, 9.709572792], [-1.144749999, 9.709541321], [-1.138324976, 9.710048676], [-1.135321021, 9.71081543], [-1.122864008, 9.717540741], [-1.12095201, 9.718810081], [-1.11925602, 9.720300674], [-1.117867947, 9.722068787], [-1.116762042, 9.724052429], [-1.115921021, 9.726184845], [-1.113715053, 9.735198975], [-1.109812975, 9.742891312], [-1.109050035, 9.745865822], [-1.108677983, 9.749004364], [-1.108507037, 9.758753777], [-1.109073043, 9.765117645], [-1.109930038, 9.768061638], [-1.110950947, 9.769968033], [-1.11224699, 9.77175045], [-1.115967035, 9.77569294], [-1.12015605, 9.779105186], [-1.122424006, 9.780448914], [-1.128105998, 9.782794952], [-1.130368948, 9.78413868], [-1.132516026, 9.78575325], [-1.141037941, 9.793642998], [-1.150285959, 9.80310154], [-1.15231204, 9.805581093], [-1.15399003, 9.808204651], [-1.156424046, 9.813754082], [-1.157984972, 9.816200256], [-1.159868002, 9.818512917], [-1.168409944, 9.827348709], [-1.172376037, 9.831893921], [-1.173946023, 9.83433342], [-1.17632103, 9.839904785], [-1.180688024, 9.847367287], [-1.182958007, 9.852980614], [-1.187091947, 9.86054039], [-1.187919021, 9.8634758], [-1.188967943, 9.869588852], [-1.189800024, 9.872520447], [-1.193968058, 9.880065918], [-1.196262956, 9.885667801], [-1.200445056, 9.893210411], [-1.201284051, 9.896138191], [-1.202348948, 9.902243614], [-1.203176022, 9.905179977], [-1.207098007, 9.912825584], [-1.207923055, 9.915759087], [-1.208989978, 9.921867371], [-1.209828973, 9.924796104], [-1.214009047, 9.9323349], [-1.216305971, 9.937937737], [-1.220476985, 9.945482254], [-1.221310973, 9.948414803], [-1.222368002, 9.954524994], [-1.223202944, 9.957453728], [-1.227373004, 9.965000153], [-1.229671001, 9.970602036], [-1.233852983, 9.978143692], [-1.234691978, 9.981069565], [-1.235762954, 9.987175941], [-1.236593008, 9.990106583], [-1.240535021, 9.997743607], [-1.241376042, 10.00067329], [-1.242473006, 10.00676727], [-1.243322968, 10.0096941], [-1.247272968, 10.01732731], [-1.248042941, 10.02028465], [-1.248556018, 10.02662086], [-1.248743057, 10.04290771], [-1.249120951, 10.04602623], [-1.249959946, 10.04895687], [-1.251379967, 10.05145931], [-1.253226042, 10.05378819], [-1.264008045, 10.0648632], [-1.26594305, 10.0672102], [-1.267534018, 10.06973457], [-1.271352053, 10.08013344], [-1.27717495, 10.0938673], [-1.257187009, 10.10620213], [-1.255409002, 10.10709953], [-1.249578953, 10.10934544], [-1.242017031, 10.11366367], [-1.23635602, 10.11588573], [-1.228852987, 10.12018585], [-1.223202944, 10.12241077], [-1.215702057, 10.12670898], [-1.21005404, 10.12893391], [-1.202551007, 10.13323212], [-1.196903944, 10.13545895], [-1.189403057, 10.13975716], [-1.18375504, 10.14198589], [-1.176257014, 10.14629173], [-1.170614004, 10.14853382], [-1.163128972, 10.15288067], [-1.157492995, 10.15515518], [-1.149901032, 10.1593008], [-1.146919966, 10.16007996], [-1.143762946, 10.16045189], [-1.137240052, 10.16065502], [-1.130715013, 10.16044521], [-1.127555966, 10.1600666], [-1.124565959, 10.15928459], [-1.116930962, 10.15513039], [-1.111269951, 10.1528492], [-1.103739023, 10.14849091], [-1.098073959, 10.14624596], [-1.090530038, 10.14192867], [-1.084859014, 10.13969612], [-1.077311039, 10.13539124], [-1.071637988, 10.13316441], [-1.064085007, 10.12887383], [-1.058400989, 10.12664986], [-1.05081296, 10.12221336], [-1.043676972, 10.11872768], [-1.041618943, 10.1174469], [-1.03679204, 10.11357021], [-1.032534957, 10.10951996], [-1.029044986, 10.10559845], [-1.027806044, 10.10362244], [-1.027248979, 10.10163403], [-1.027722955, 10.09939194], [-1.030125976, 10.09463501], [-1.032415986, 10.08905983], [-1.03540206, 10.08407307], [-1.036700964, 10.08149815], [-1.037503004, 10.07853317], [-1.03805697, 10.07217884], [-1.038053036, 10.06566525], [-1.037500978, 10.05930424], [-1.036702991, 10.05633163], [-1.035408974, 10.05375195], [-1.032335997, 10.04876518], [-1.029854059, 10.0439539], [-1.027205944, 10.04020691], [-1.025660992, 10.03872967], [-1.023931026, 10.03752422], [-1.018558979, 10.03498268], [-1.016834021, 10.03377342], [-1.015298009, 10.03229618], [-1.012676954, 10.02854156], [-1.010226965, 10.02372169], [-1.005684018, 10.01625347], [-1.003415942, 10.01062584], [-0.999279976, 10.00305939], [-0.998463988, 10.00011921], [-0.997466028, 9.99394989], [-0.996667981, 9.990953445], [-0.995887995, 9.989186287], [-0.991662979, 9.982041359], [-0.97835499, 9.96092701], [-0.968418002, 9.973353386], [-0.964075983, 9.977995872], [-0.960057974, 9.981344223], [-0.957920015, 9.982649803], [-0.952282012, 9.985107422], [-0.949638009, 9.986777306], [-0.947142005, 9.988782883], [-0.942358017, 9.993243217], [-0.922236025, 10.01337242], [-0.917707026, 10.01749516], [-0.913293004, 10.02061558], [-0.906273007, 10.02411556], [-0.898717999, 10.02864742], [-0.893755972, 10.03099155], [-0.889627993, 10.03339863], [-0.884872019, 10.03722954], [-0.88064599, 10.04127121], [-0.876968026, 10.04529858], [-0.875400007, 10.04742718], [-0.874185026, 10.04970169], [-0.873373985, 10.0526371], [-0.87301302, 10.05575466], [-0.872883976, 10.0622263], [-0.873170972, 10.08516502], [-0.872681022, 10.09148121], [-0.87193799, 10.09443665], [-0.868147016, 10.102108], [-0.867340982, 10.10504246], [-0.86630398, 10.11115932], [-0.865495026, 10.11410809], [-0.858870983, 10.12651634], [-0.857604027, 10.12841225], [-0.85611397, 10.13009357], [-0.854340017, 10.13146973], [-0.852346003, 10.13255119], [-0.85018301, 10.13333702], [-0.847078979, 10.1339159], [-0.843842983, 10.13415146], [-0.827359974, 10.13430595], [-0.824203014, 10.13464546], [-0.821222007, 10.13538647], [-0.813606024, 10.13941765], [-0.807985008, 10.14171505], [-0.800498009, 10.14604759], [-0.794872999, 10.14832878], [-0.78727001, 10.15238571], [-0.784322977, 10.15321255], [-0.778181016, 10.15428925], [-0.77522701, 10.15510464], [-0.767477989, 10.15892696], [-0.764472008, 10.1597023], [-0.751164019, 10.16076565], [-0.747708976, 10.16129303], [-0.743099988, 10.16250324], [-0.732536972, 10.16600227], [-0.71983701, 10.17525673], [-0.713913977, 10.17877579], [-0.709496975, 10.18084812], [-0.707008004, 10.18250275], [-0.697742999, 10.190238], [-0.695218027, 10.19164181], [-0.692261994, 10.19247627], [-0.685867012, 10.19302845], [-0.672661006, 10.19294643], [-0.66941601, 10.19267941], [-0.666261971, 10.19209766], [-0.664013982, 10.19133854], [-0.659802973, 10.18909836], [-0.657374978, 10.18725014], [-0.648249984, 10.17887402], [-0.645844996, 10.17697334], [-0.641746998, 10.1744709], [-0.636798978, 10.17203903], [-0.631756008, 10.16898346], [-0.629149973, 10.16769314], [-0.626152992, 10.16690636], [-0.622999012, 10.16656017], [-0.616550982, 10.16669178], [-0.613402009, 10.16724777], [-0.608991981, 10.16900539], [-0.606939971, 10.17023182], [-0.602210999, 10.17411518], [-0.592939973, 10.18331814], [-0.588469982, 10.18810463], [-0.586465001, 10.19058895], [-0.584810019, 10.19320774], [-0.582435012, 10.19876194], [-0.580905974, 10.20121002], [-0.57328701, 10.21037579], [-0.571749985, 10.21282005], [-0.569437027, 10.21839046], [-0.565118015, 10.22585201], [-0.56287998, 10.231493], [-0.559925973, 10.23654461], [-0.558142006, 10.240201], [-0.556703985, 10.24625874], [-0.554661989, 10.26373768], [-0.540964007, 10.27450371], [-0.537625015, 10.27658081], [-0.534089983, 10.27799416], [-0.532700002, 10.27890778], [-0.531786025, 10.2802887], [-0.530411005, 10.28377438], [-0.525736988, 10.29227734], [-0.518447995, 10.30882359], [-0.505945027, 10.312994], [-0.498261988, 10.31522274], [-0.494516999, 10.31601238], [-0.482306004, 10.31750679], [-0.479516, 10.31827068], [-0.471720994, 10.32196331], [-0.468403012, 10.3227787], [-0.464904994, 10.32317257], [-0.45767501, 10.32339382], [-0.417346001, 10.32327557], [-0.410259992, 10.32384777], [-0.406944007, 10.32467461], [-0.399149001, 10.32835579], [-0.39616999, 10.32915115], [-0.38350299, 10.33072186], [-0.380504012, 10.33151722], [-0.375331998, 10.33387756], [-0.372788996, 10.33476162], [-0.370030999, 10.33489704], [-0.367067993, 10.33399868], [-0.364484012, 10.33219433], [-0.362536997, 10.32958031], [-0.361238003, 10.32643032], [-0.360624999, 10.32332134], [-0.359775007, 10.31017303], [-0.359160006, 10.30705261], [-0.357843995, 10.30387115], [-0.355865985, 10.30118179], [-0.353208989, 10.29920292], [-0.350100011, 10.29795742], [-0.347101003, 10.29751873], [-0.34404701, 10.29763317], [-0.341078997, 10.29829216], [-0.333222985, 10.30198193], [-0.330228001, 10.30279064], [-0.317597002, 10.30432701], [-0.314622998, 10.30511093], [-0.306836993, 10.30877972], [-0.303626001, 10.30958939], [-0.300242007, 10.3099947], [-0.293224007, 10.31024361], [-0.263592988, 10.31028461], [-0.249010995, 10.31121445], [-0.227121994, 10.28930283], [-0.220377997, 10.28307915], [-0.215913996, 10.27993584], [-0.208857, 10.27640724], [-0.201284006, 10.27199745], [-0.195621997, 10.26973248], [-0.188060001, 10.26546955], [-0.182410002, 10.26318836], [-0.174866006, 10.25887394], [-0.169220999, 10.25656128], [-0.161558002, 10.25247383], [-0.158571005, 10.25169277], [-0.152172998, 10.25110912], [-0.142256007, 10.25102234], [-0.135703996, 10.25138474], [-0.132544994, 10.25195885], [-0.130289003, 10.25270176], [-0.126091003, 10.25490379], [-0.123706996, 10.2567358], [-0.121512003, 10.25880146], [-0.119517997, 10.26102638], [-0.117073998, 10.26464462], [-0.114749998, 10.27025604], [-0.110522002, 10.27778244], [-0.108295001, 10.28339958], [-0.104284003, 10.29098034], [-0.103474997, 10.29390907], [-0.102435, 10.30000305], [-0.101637997, 10.30293369], [-0.097879, 10.31061268], [-0.097084001, 10.31354809], [-0.096063003, 10.3196516], [-0.095268004, 10.32259178], [-0.091288, 10.33020401], [-0.088956997, 10.33579254], [-0.087833002, 10.33763885], [-0.084491998, 10.34160233], [-0.079926997, 10.34556103], [-0.075838, 10.34804058], [-0.070881002, 10.35046101], [-0.065816998, 10.35343456], [-0.063217998, 10.35466385], [-0.060254999, 10.35536957], [-0.057174001, 10.35557079], [-0.054093, 10.35534763], [-0.051130001, 10.35462475], [-0.048526999, 10.35339165], [-0.043465, 10.35050869], [-0.037813, 10.34814644], [-0.030277999, 10.34374905], [-0.024638999, 10.34141541], [-0.016988, 10.33733559], [-0.014007, 10.33656311], [-0.01086, 10.33618546], [-0.004344, 10.33594799], [0.012146, 10.33605194], [0.018507, 10.33663559], [0.021477001, 10.3374176], [0.029177999, 10.34125996], [0.032148, 10.34203529], [0.035278998, 10.34242344], [0.041772, 10.34265137], [0.064865001, 10.34258938], [0.071230002, 10.34312534], [0.074207, 10.34388828], [0.081935003, 10.34778118], [0.084926002, 10.34864902], [0.091536999, 10.34971428], [0.118730001, 10.35332584], [0.097506002, 10.33250427], [0.092933998, 10.32766056], [0.090907998, 10.32515621], [0.089241996, 10.32250977], [0.086845003, 10.31696224], [0.085303999, 10.31452084], [0.083442003, 10.31221008], [0.074988, 10.30338573], [0.071064003, 10.29884815], [0.069512002, 10.29641056], [0.06718, 10.29084969], [0.063137002, 10.28328991], [0.062334999, 10.28036213], [0.061324999, 10.27425766], [0.060525, 10.27132988], [0.056719001, 10.26367187], [0.055980001, 10.26071644], [0.054832, 10.24815273], [0.054074999, 10.24520397], [0.050228, 10.23756218], [0.049469002, 10.23461342], [0.049107, 10.23150158], [0.048907999, 10.22505856], [0.048978999, 10.19884586], [0.049208999, 10.19238853], [0.049612999, 10.18928146], [0.050466999, 10.18635654], [0.051883001, 10.1838541], [0.059549998, 10.17465782], [0.061127, 10.17222118], [0.063621998, 10.16669941], [0.065297998, 10.16411877], [0.067309998, 10.16168022], [0.071792997, 10.15698528], [0.090617001, 10.13857937], [0.097413003, 10.13156796], [0.099416003, 10.12912273], [0.101078004, 10.12653828], [0.103541002, 10.12100506], [0.105113998, 10.11856365], [0.109075002, 10.11401939], [0.117648996, 10.10519886], [0.119482003, 10.10286522], [0.120893002, 10.10035992], [0.121730998, 10.09742928], [0.122114003, 10.09431362], [0.122552, 10.08139992], [0.122925997, 10.07827759], [0.123703003, 10.07532406], [0.127647996, 10.06767273], [0.128452003, 10.06472397], [0.128859997, 10.06160831], [0.129190996, 10.04862213], [0.128971994, 10.04216671], [0.128598005, 10.03905392], [0.127829999, 10.03610039], [0.123976, 10.02845097], [0.123222001, 10.0255003], [0.122093998, 10.01292133], [0.121348001, 10.00996971], [0.117287003, 10.00241375], [0.115007997, 9.996821404], [0.110610999, 9.989375114], [0.108277999, 9.983761787], [0.104073003, 9.976128578], [0.103290997, 9.973148346], [0.102967001, 9.970031738], [0.102982998, 9.966902733], [0.103371002, 9.963908195], [0.104332, 9.961259842], [0.105517, 9.959744453], [0.107086003, 9.958602905], [0.109814003, 9.957666397], [0.119278997, 9.956543922], [0.122341998, 9.955828667], [0.130282998, 9.952068329], [0.136179, 9.95038414], [0.138852, 9.949284554], [0.140405998, 9.94808197], [0.141589001, 9.946530342], [0.142563, 9.943849564], [0.142970994, 9.940842628], [0.143000007, 9.93770504], [0.142672002, 9.934584618], [0.141837999, 9.931624413], [0.140817001, 9.929700851], [0.139522001, 9.927900314], [0.135798007, 9.923932076], [0.131602004, 9.920511246], [0.129329994, 9.919163704], [0.201883569, 9.857306277], [0.268508477, 9.847788433], [0.330359012, 9.794798851], [0.326474994, 9.785581589], [0.330720991, 9.77342701], [0.328662992, 9.768818855], [0.323567003, 9.768328667], [0.321036994, 9.765327454], [0.322129011, 9.76132679], [0.32435599, 9.753168106], [0.320055008, 9.7365942], [0.315032005, 9.724617004], [0.316906989, 9.720490456], [0.320861995, 9.71821785], [0.332915992, 9.717367172], [0.338041991, 9.712572098], [0.343668997, 9.701573372], [0.346087009, 9.684811592], [0.347559005, 9.671032906], [0.353776991, 9.668664932], [0.357111007, 9.664291382], [0.361986011, 9.661897659], [0.366571993, 9.650830269], [0.36659199, 9.645615578], [0.364508986, 9.640390396], [0.361635, 9.63620472], [0.36007899, 9.630461693], [0.359311014, 9.624979973], [0.360121995, 9.619768143], [0.362143993, 9.615501404], [0.365052015, 9.61253643], [0.371163994, 9.597174644], [0.377000988, 9.589396477], [0.376331002, 9.585026741], [0.371280998, 9.577643394], [0.362975001, 9.572312355], [0.350955009, 9.568795204], [0.324057013, 9.574613571], [0.315623999, 9.574298859], [0.309471011, 9.574069023], [0.301144987, 9.572179794], [0.282846004, 9.572991371], [0.262297004, 9.563446045], [0.256972998, 9.562955856], [0.245579004, 9.570238113], [0.237938002, 9.570420265], [0.235182002, 9.566725731], [0.234346002, 9.552703857], [0.232969001, 9.550627708], [0.230214, 9.547391891], [0.229778007, 9.542797089], [0.233363003, 9.525585175], [0.237105995, 9.519634247], [0.245232999, 9.515777588], [0.263992995, 9.51520443], [0.281336993, 9.518066406], [0.287595004, 9.516954422], [0.298996001, 9.508291245], [0.302706003, 9.50693512], [0.305507004, 9.503274918], [0.30438301, 9.497984886], [0.300936997, 9.49382782], [0.298269004, 9.492526054], [0.293706, 9.49023819], [0.289876997, 9.48526001], [0.276001006, 9.482878685], [0.272309005, 9.48101902], [0.268178999, 9.475248337], [0.263339013, 9.472002983], [0.255223006, 9.474021912], [0.244577006, 9.473726273], [0.234807998, 9.480789185], [0.228560999, 9.480289459], [0.225107998, 9.477511406], [0.224452004, 9.471304893], [0.225131005, 9.467252731], [0.227102995, 9.455467224], [0.227280006, 9.455289841], [0.229611993, 9.452972412], [0.243642002, 9.439027786], [0.244325995, 9.437030792], [0.245058, 9.434898376], [0.243227005, 9.431211472], [0.245320007, 9.429844856], [0.253654003, 9.429668427], [0.259478003, 9.423729897], [0.272911012, 9.422433853], [0.278456002, 9.423844337], [0.313533992, 9.440595627], [0.320704013, 9.44109726], [0.330864996, 9.445062637], [0.335920006, 9.451523781], [0.340240985, 9.463956833], [0.343923986, 9.467656136], [0.344673991, 9.472695351], [0.344812989, 9.473631859], [0.341075003, 9.479356766], [0.340820014, 9.483031273], [0.353733987, 9.491379738], [0.364152014, 9.491438866], [0.380834997, 9.489006996], [0.385253996, 9.485354424], [0.386631012, 9.487427711], [0.407905996, 9.491455078], [0.416909009, 9.495869637], [0.42315799, 9.49636364], [0.433604002, 9.491596222], [0.447481006, 9.493741035], [0.453509986, 9.492163658], [0.460718989, 9.486228943], [0.472539991, 9.483534813], [0.479741991, 9.479207039], [0.483678997, 9.478767395], [0.488326013, 9.475576401], [0.489602, 9.473487854], [0.499543995, 9.468774796], [0.501438022, 9.465147018], [0.502861977, 9.460335732], [0.501040995, 9.456413269], [0.500002027, 9.441241264], [0.51316601, 9.44524765], [0.516637027, 9.445273399], [0.522225976, 9.441177368], [0.529237986, 9.43227005], [0.542701006, 9.427087784], [0.548281014, 9.42414093], [0.555509984, 9.416840553], [0.562795997, 9.402190208], [0.563380003, 9.386343002], [0.558242977, 9.361951828], [0.553219974, 9.352953911], [0.54449302, 9.344390869], [0.543138981, 9.340015411], [0.545809984, 9.323493958], [0.547698975, 9.318224907], [0.544984996, 9.310391426], [0.533710003, 9.302268028], [0.524553001, 9.289794922], [0.508513987, 9.269687653], [0.505100012, 9.262768745], [0.504033029, 9.251045227], [0.502240002, 9.243910789], [0.515846014, 9.219432831], [0.52609998, 9.209403038], [0.526362002, 9.205267906], [0.515365005, 9.191864967], [0.503749013, 9.169264793], [0.500334024, 9.162117958], [0.489030004, 9.154958725], [0.487652987, 9.154081345], [0.48308599, 9.152799606], [0.480536014, 9.151170731], [0.470400006, 9.146267891], [0.468582004, 9.142120361], [0.47577399, 9.109788895], [0.472622007, 9.099197388], [0.469175994, 9.096183777], [0.466405004, 9.095935822], [0.461602986, 9.089468002], [0.456396997, 9.075414658], [0.45292601, 9.046907425], [0.454005986, 9.027621269], [0.456854999, 9.017995834], [0.470919997, 8.993068695], [0.480738014, 8.978904724], [0.49081701, 8.960604668], [0.503463984, 8.938884735], [0.508822024, 8.933412552], [0.514212012, 8.923576355], [0.516144991, 8.920408249], [0.515657008, 8.916357994], [0.516677976, 8.898680687], [0.519713998, 8.892494202], [0.526923001, 8.88334465], [0.528811991, 8.875776291], [0.527449012, 8.871404648], [0.522139013, 8.871149063], [0.519380987, 8.868377686], [0.518023014, 8.863318443], [0.518751979, 8.85666275], [0.516921997, 8.853207588], [0.506869018, 8.844547272], [0.502439976, 8.840731621], [0.499271989, 8.828772545], [0.497280002, 8.812919617], [0.493375987, 8.808765411], [0.468513012, 8.79485321], [0.465047002, 8.795752525], [0.455967009, 8.808564186], [0.452266991, 8.809233665], [0.44789201, 8.80760479], [0.444660008, 8.804848671], [0.440306991, 8.801132202], [0.434767991, 8.800642014], [0.432933986, 8.798337936], [0.434754997, 8.795614243], [0.43829, 8.790328979], [0.434168994, 8.783873558], [0.427938014, 8.783382416], [0.418873996, 8.793895721], [0.41355601, 8.794553757], [0.407566994, 8.792226791], [0.395785987, 8.792849541], [0.390026987, 8.790519714], [0.385897011, 8.786130905], [0.384319991, 8.77923584], [0.385208011, 8.77654171], [0.386436999, 8.772817612], [0.395720005, 8.764601707], [0.396890998, 8.761853218], [0.395521998, 8.759091377], [0.386990994, 8.756976128], [0.386482, 8.755626678], [0.355026007, 8.763973236], [0.35126099, 8.763763428], [0.348892987, 8.760905266], [0.344999999, 8.762020111], [0.342000991, 8.761734962], [0.33602199, 8.761675835], [0.330249012, 8.762276649], [0.327551007, 8.763027191], [0.319790006, 8.766946793], [0.316805005, 8.76774025], [0.310427994, 8.768343925], [0.303856999, 8.768451691], [0.297289014, 8.768350601], [0.290921003, 8.767753601], [0.287948996, 8.766961098], [0.280234009, 8.763072968], [0.277258992, 8.762274742], [0.270891994, 8.761679649], [0.264362007, 8.761667252], [0.257982999, 8.762231827], [0.254992008, 8.763007164], [0.247232005, 8.766862869], [0.244277999, 8.76770401], [0.238135993, 8.768817902], [0.235183999, 8.769668579], [0.227540001, 8.773804665], [0.221885994, 8.776152611], [0.21683, 8.779043198], [0.214230001, 8.780276299], [0.211272001, 8.78099823], [0.208193004, 8.781218529], [0.205116004, 8.78101635], [0.202157006, 8.780314445], [0.194506004, 8.776267052], [0.188823998, 8.773962975], [0.181245998, 8.769504547], [0.176428005, 8.767036438], [0.174516007, 8.765775681], [0.172820002, 8.764289856], [0.171436995, 8.762535095], [0.17035, 8.760557175], [0.169559002, 8.758414268], [0.168978006, 8.755344391], [0.168748006, 8.75214386], [0.168881997, 8.732463837], [0.168417007, 8.726133347], [0.167685002, 8.723172188], [0.163925007, 8.715497971], [0.163120002, 8.712567329], [0.162042007, 8.70649147], [0.161151007, 8.703598976], [0.159596995, 8.700886726], [0.157592997, 8.69835186], [0.143384993, 8.68406868], [0.139029995, 8.67914772], [0.137301996, 8.67650032], [0.134909004, 8.670954704], [0.130839005, 8.663367271], [0.130070999, 8.660402298], [0.129694998, 8.657273293], [0.129493997, 8.650805473], [0.129747003, 8.644346237], [0.130180001, 8.641231537], [0.131063998, 8.638303757], [0.132505, 8.635793686], [0.134352997, 8.633460999], [0.143002003, 8.624643326], [0.147025004, 8.620112419], [0.148635998, 8.617679596], [0.151123002, 8.612122536], [0.155321002, 8.604488373], [0.156137004, 8.601495743], [0.156559005, 8.598332405], [0.156789005, 8.591828346], [0.156647995, 8.588627815], [0.156214997, 8.58559227], [0.155255005, 8.582912445], [0.154085994, 8.581377983], [0.152540997, 8.580212593], [0.149839997, 8.57925415], [0.146780998, 8.578821182], [0.143552005, 8.578679085], [0.136989996, 8.578919411], [0.133799002, 8.579354286], [0.130772993, 8.580187798], [0.123016998, 8.58439827], [0.120131001, 8.585497856], [0.113164, 8.587724686], [0.110221997, 8.587962151], [0.107311003, 8.587432861], [0.104723997, 8.586146355], [0.102240004, 8.584334373], [0.095059, 8.578193665], [0.089817002, 8.574959755], [0.086450003, 8.573502541], [0.085486002, 8.551001549], [0.084486, 8.536499023], [0.083961003, 8.52023983], [0.08354, 8.517118454], [0.082755998, 8.514151573], [0.080324002, 8.509062767], [0.079398997, 8.506551743], [0.079233997, 8.503805161], [0.079699002, 8.501788139], [0.080569997, 8.49985981], [0.081780002, 8.498090744], [0.083228, 8.496621132], [0.084913999, 8.495404243], [0.090409003, 8.492821693], [0.093255997, 8.491071701], [0.098637, 8.486698151], [0.106146999, 8.479297638], [0.108257003, 8.47665596], [0.109823003, 8.473840714], [0.110513002, 8.470980644], [0.1105, 8.468066216], [0.109764002, 8.465304375], [0.108723998, 8.46354866], [0.107326999, 8.46198082], [0.103619002, 8.459227562], [0.099584997, 8.457000732], [0.097526997, 8.456148148], [0.094440997, 8.455377579], [0.08805, 8.454408646], [0.084982, 8.453645706], [0.082947001, 8.452802658], [0.077197, 8.449344635], [0.075623997, 8.447943687], [0.074497998, 8.446451187], [0.073863, 8.444801331], [0.073826, 8.442915916], [0.074276999, 8.440933228], [0.076645002, 8.434954643], [0.077443004, 8.431632042], [0.077862002, 8.428145409], [0.078153998, 8.420965195], [0.078126997, 8.406435966], [0.078364, 8.399292946], [0.078804001, 8.396204948], [0.079724997, 8.393358231], [0.080813996, 8.391571045], [0.082222, 8.389983177], [0.083971001, 8.388512611], [0.087903999, 8.385993958], [0.091885999, 8.384098053], [0.095124997, 8.383340836], [0.101986997, 8.38287735], [0.140506998, 8.382976532], [0.147255003, 8.383532524], [0.150409997, 8.384327888], [0.158142999, 8.388095856], [0.170117006, 8.391023636], [0.177874997, 8.394842148], [0.180858999, 8.395616531], [0.187198997, 8.396121025], [0.193561003, 8.395673752], [0.196571007, 8.394926071], [0.204395995, 8.391119957], [0.210124999, 8.38928318], [0.212716997, 8.388130188], [0.214248002, 8.386926651], [0.215462998, 8.385409355], [0.216628, 8.382840157], [0.218468994, 8.377164841], [0.222277999, 8.36941433], [0.223046005, 8.366426468], [0.224518001, 8.353767395], [0.225345001, 8.350774765], [0.229123995, 8.343016624], [0.229727998, 8.340165138], [0.229682997, 8.337350845], [0.228909999, 8.334807396], [0.227816001, 8.333334923], [0.226322994, 8.332201958], [0.223682001, 8.331231117], [0.214383006, 8.329916], [0.211351007, 8.329173088], [0.203409001, 8.325614929], [0.200370997, 8.324911118], [0.187432006, 8.324133873], [0.184406996, 8.323698997], [0.181744993, 8.322759628], [0.180221006, 8.321626663], [0.179067001, 8.320132256], [0.178108007, 8.317510605], [0.177668005, 8.314528465], [0.177477002, 8.307625771], [0.177790999, 8.279374123], [0.178068995, 8.272424698], [0.178477004, 8.269049644], [0.179297999, 8.265829086], [0.183091998, 8.257929802], [0.183782995, 8.25488472], [0.183910996, 8.251688957], [0.183488995, 8.248487473], [0.182367995, 8.245471954], [0.179602996, 8.241808891], [0.176216006, 8.238583565], [0.152408004, 8.239256859], [0.145364001, 8.239096642], [0.142177001, 8.238704681], [0.139177993, 8.237916946], [0.131402001, 8.234083176], [0.128417999, 8.233295441], [0.125275001, 8.232884407], [0.118786998, 8.232628822], [0.112296, 8.232850075], [0.10915, 8.233242035], [0.106158003, 8.234007835], [0.098362997, 8.237803459], [0.089273997, 8.240118027], [0.087053999, 8.240924835], [0.082858004, 8.243151665], [0.078094997, 8.246962547], [0.062601, 8.262224197], [0.058029, 8.266352654], [0.05359, 8.269487381], [0.046558999, 8.273031235], [0.038966998, 8.277568817], [0.034023002, 8.279961586], [0.029916, 8.2824049], [0.025183, 8.28627491], [0.013778, 8.297310829], [0.008615, 8.301732063], [0.005849, 8.303496361], [0.000294, 8.30600071], [-0.002343, 8.307676315], [-0.004845, 8.309681892], [-0.014586, 8.31853199], [-0.017193001, 8.320478439], [-0.021384999, 8.322713852], [-0.023602, 8.323526382], [-0.032678001, 8.325842857], [-0.040456999, 8.329612732], [-0.043590002, 8.330389977], [-0.046888001, 8.330763817], [-0.053704999, 8.330981255], [-0.098673001, 8.331007957], [-0.105486996, 8.330798149], [-0.108781002, 8.330424309], [-0.111902997, 8.329649925], [-0.119640999, 8.325880051], [-0.128692999, 8.323563576], [-0.133044004, 8.321749687], [-0.137849003, 8.318589211], [-0.143175006, 8.314448357], [-0.145964995, 8.312718391], [-0.151562005, 8.310247421], [-0.154333994, 8.308491707], [-0.159340993, 8.304032326], [-0.162765995, 8.29972744], [-0.163739994, 8.297821045], [-0.164548993, 8.294883728], [-0.165020004, 8.288532257], [-0.164799005, 8.2753582], [-0.164933994, 8.268892288], [-0.165335, 8.265825272], [-0.166233003, 8.263005257], [-0.167318001, 8.261245728], [-0.168725997, 8.259679794], [-0.172405005, 8.256911278], [-0.176327005, 8.25451088], [-0.183148995, 8.251024246], [-0.185063004, 8.24977684], [-0.186754003, 8.248309135], [-0.188146994, 8.246570587], [-0.189256996, 8.244617462], [-0.190105006, 8.242510796], [-0.242480774, 8.301138779], [-0.236532121, 8.354676652], [-0.230583469, 8.408214524], [-0.218686164, 8.455803744], [-0.172166005, 8.50576973], [-0.177125007, 8.503647804], [-0.179474995, 8.503136635], [-0.181247994, 8.503403664], [-0.185018003, 8.505063057], [-0.188871995, 8.507599831], [-0.192059994, 8.510767937], [-0.194784001, 8.514703751], [-0.197051004, 8.518731117], [-0.197928995, 8.520750999], [-0.198716998, 8.523765564], [-0.199717999, 8.529990196], [-0.200523004, 8.532974243], [-0.207222998, 8.545507431], [-0.208510995, 8.547423363], [-0.210020006, 8.549120903], [-0.211804003, 8.55051136], [-0.213800997, 8.551589966], [-0.215948001, 8.552342415], [-0.218980998, 8.552783966], [-0.222054005, 8.552674294], [-0.225025997, 8.552010536], [-0.232815996, 8.548154831], [-0.241960004, 8.545834541], [-0.246324003, 8.544005394], [-0.248355001, 8.542780876], [-0.250734001, 8.540937424], [-0.25494799, 8.53663826], [-0.257515013, 8.533023834], [-0.26128, 8.52630043], [-0.262731999, 8.524544716], [-0.266339004, 8.521753311], [-0.27611199, 8.516215324], [-0.278708011, 8.514992714], [-0.281666994, 8.514298439], [-0.284747988, 8.514110565], [-0.287829012, 8.51434803], [-0.290794998, 8.51507473], [-0.298577994, 8.518911362], [-0.301569998, 8.519695282], [-0.314289987, 8.520947456], [-0.317286998, 8.521704674], [-0.319907993, 8.522929192], [-0.324999988, 8.525856018], [-0.332073987, 8.529388428], [-0.336483985, 8.532559395], [-0.33870399, 8.534626007], [-0.340739995, 8.536833763], [-0.34325099, 8.540424347], [-0.345665008, 8.546001434], [-0.348506987, 8.551027298], [-0.349730998, 8.55361557], [-0.350490004, 8.556585312], [-0.350849986, 8.559715271], [-0.351027995, 8.56620121], [-0.350926995, 8.579410553], [-0.351260006, 8.585910797], [-0.351866007, 8.589001656], [-0.352674991, 8.591148376], [-0.353787988, 8.593114853], [-0.355204999, 8.594836235], [-0.356950998, 8.5962286], [-0.358947992, 8.597315788], [-0.361122012, 8.598101616], [-0.364244014, 8.598678589], [-0.367500991, 8.598909378], [-0.384048015, 8.599034309], [-0.387216002, 8.599369049], [-0.390219986, 8.600110054], [-0.404987991, 8.607813835], [-0.409379989, 8.610993385], [-0.411585987, 8.613066673], [-0.413601011, 8.615286827], [-0.416076005, 8.618891716], [-0.418433011, 8.624489784], [-0.422690004, 8.632024765], [-0.425054014, 8.637608528], [-0.426734, 8.640230179], [-0.428761989, 8.642704964], [-0.433304012, 8.647452354], [-0.44995299, 8.663762093], [-0.454234004, 8.668619156], [-0.455936015, 8.671228409], [-0.458350003, 8.676794052], [-0.462485999, 8.684391975], [-0.463355005, 8.687333107], [-0.464533001, 8.693458557], [-0.465400994, 8.696408272], [-0.46796301, 8.701493263], [-0.468944997, 8.704017639], [-0.469143987, 8.706795692], [-0.468692988, 8.708841324], [-0.467830986, 8.710796356], [-0.466630012, 8.712596893], [-0.465193987, 8.714082718], [-0.463514, 8.715313911], [-0.458056003, 8.717886925], [-0.45580399, 8.719265938], [-0.447122991, 8.725889206], [-0.442880988, 8.728095055], [-0.440620005, 8.728860855], [-0.437458992, 8.729459763], [-0.434206992, 8.729738235], [-0.427628994, 8.729744911], [-0.424391001, 8.729467392], [-0.421272993, 8.728849411], [-0.419082999, 8.728054047], [-0.41703999, 8.726989746], [-0.415194005, 8.725669861], [-0.413681, 8.724175453], [-0.412436992, 8.722480774], [-0.409770012, 8.717165947], [-0.408535004, 8.715442657], [-0.407043993, 8.713899612], [-0.405241013, 8.712483406], [-0.393330991, 8.705668449], [-0.390693992, 8.704392433], [-0.387681007, 8.703607559], [-0.384526014, 8.703274727], [-0.381347001, 8.703276634], [-0.378252, 8.703639984], [-0.375387013, 8.704534531], [-0.373598009, 8.70563221], [-0.372018009, 8.707057953], [-0.370566994, 8.708828926], [-0.368084997, 8.712801933], [-0.366203994, 8.71679306], [-0.365464002, 8.719835281], [-0.364520013, 8.726106644], [-0.363676995, 8.729084015], [-0.362693995, 8.73101902], [-0.359504014, 8.73509407], [-0.357336015, 8.737160683], [-0.354977012, 8.738945961], [-0.352972001, 8.740059853], [-0.350885987, 8.740866661], [-0.348758012, 8.741287231], [-0.345912993, 8.741067886], [-0.343347013, 8.740084648], [-0.338185012, 8.737558365], [-0.335177988, 8.736745834], [-0.332015008, 8.736284256], [-0.322349012, 8.735246658], [-0.319296986, 8.734498978], [-0.313223988, 8.732076645], [-0.31120199, 8.731607437], [-0.309278011, 8.731630325], [-0.307599008, 8.732270241], [-0.30607599, 8.733407974], [-0.303366005, 8.736824036], [-0.301129997, 8.740712166], [-0.300283015, 8.742721558], [-0.299578011, 8.74576664], [-0.299270988, 8.748959541], [-0.298911005, 8.762007713], [-0.298539013, 8.765145302], [-0.297776014, 8.768112183], [-0.294174999, 8.775698662], [-0.293770999, 8.778497696], [-0.294155985, 8.78129673], [-0.295222998, 8.78380394], [-0.298002988, 8.788763046], [-0.300462991, 8.794317245], [-0.30222699, 8.796973228], [-0.306650996, 8.801909447], [-0.321058989, 8.816222191], [-0.323172003, 8.81872654], [-0.324930996, 8.821381569], [-0.327407002, 8.826950073], [-0.331602007, 8.834589958], [-0.332406998, 8.83757782], [-0.33278501, 8.840723038], [-0.332874, 8.843932152], [-0.332682997, 8.847126961], [-0.332096994, 8.850206375], [-0.331290007, 8.852353096], [-0.330175996, 8.854323387], [-0.328754008, 8.856040955], [-0.326999009, 8.857428551], [-0.324997991, 8.858513832], [-0.322811991, 8.859291077], [-0.319673002, 8.859853745], [-0.306448013, 8.86026001], [-0.303232014, 8.860553741], [-0.300175011, 8.861240387], [-0.298155993, 8.862083435], [-0.294211, 8.864325523], [-0.290546, 8.867093086], [-0.289128989, 8.868672371], [-0.288008988, 8.870445251], [-0.286976993, 8.873250961], [-0.285347015, 8.879154205], [-0.281547993, 8.886955261], [-0.279879987, 8.89275074], [-0.278793007, 8.895341873], [-0.277610004, 8.896817207], [-0.276089996, 8.897896767], [-0.273487002, 8.898649216], [-0.270615011, 8.898668289], [-0.267720997, 8.898024559], [-0.259880006, 8.894057274], [-0.256857991, 8.89321804], [-0.253702015, 8.892824173], [-0.250519991, 8.892771721], [-0.247427002, 8.893091202], [-0.244567007, 8.893954277], [-0.24278, 8.895031929], [-0.241193995, 8.896438599], [-0.239732996, 8.898194313], [-0.236073002, 8.904027939], [-0.235091999, 8.90598774], [-0.232948005, 8.911735535], [-0.228792995, 8.919319153], [-0.226482004, 8.924919128], [-0.223491997, 8.929242134], [-0.217843994, 8.935222626], [-0.211729005, 8.940747261], [-0.207330003, 8.94370079], [-0.201854005, 8.946201324], [-0.200150996, 8.947416306], [-0.198662996, 8.94890213], [-0.197361007, 8.950724602], [-0.196319997, 8.952741623], [-0.195548996, 8.954908371], [-0.194968, 8.957994461], [-0.194714993, 8.961202621], [-0.194796994, 8.974291801], [-0.195442006, 8.980623245], [-0.196248993, 8.983580589], [-0.200147003, 8.991264343], [-0.200937003, 8.994217873], [-0.202265993, 9.00676918], [-0.203054994, 9.009720802], [-0.207195997, 9.017273903], [-0.209565997, 9.02285099], [-0.213745996, 9.030399323], [-0.214545995, 9.033346176], [-0.214947, 9.03646183], [-0.215266004, 9.049477577], [-0.215038002, 9.062574387], [-0.214687005, 9.065755844], [-0.213969007, 9.068804741], [-0.211548999, 9.074158669], [-0.210608006, 9.076936722], [-0.210411996, 9.080322266], [-0.210889995, 9.083935738], [-0.213084996, 9.092193604], [-0.231051996, 9.095301628], [-0.234236002, 9.096227646], [-0.236961007, 9.097572327], [-0.242153004, 9.10062027], [-0.249277994, 9.104161263], [-0.253728986, 9.107327461], [-0.260675997, 9.113808632], [-0.289007992, 9.141956329], [-0.295958996, 9.148406029], [-0.300410002, 9.151533127], [-0.307482004, 9.155017853], [-0.315079004, 9.159568787], [-0.322167009, 9.16304493], [-0.326570004, 9.166193008], [-0.328779012, 9.168254852], [-0.332143009, 9.172216415], [-0.333278, 9.174064636], [-0.335707009, 9.179635048], [-0.337247998, 9.18210125], [-0.344942003, 9.191363335], [-0.346596986, 9.193808556], [-0.349168003, 9.198558807], [-0.351922989, 9.202202797], [-0.353664994, 9.203667641], [-0.355599999, 9.204919815], [-0.360424012, 9.207369804], [-0.367987007, 9.211799622], [-0.373677999, 9.214024544], [-0.381249011, 9.218296051], [-0.386922002, 9.220529556], [-0.394475013, 9.224821091], [-0.400142998, 9.227064133], [-0.407691002, 9.231365204], [-0.41335699, 9.233618736], [-0.420899004, 9.237937927], [-0.426562995, 9.240186691], [-0.434201986, 9.244263649], [-0.437162995, 9.245079994], [-0.443333, 9.246108055], [-0.446298003, 9.246908188], [-0.454037994, 9.250739098], [-0.457004994, 9.251537323], [-0.463174999, 9.252557755], [-0.466138005, 9.253376007], [-0.468730986, 9.254638672], [-0.473774999, 9.25761795], [-0.478724986, 9.259997368], [-0.482838988, 9.262440681], [-0.491402, 9.269141197], [-0.493638009, 9.270505905], [-0.499228001, 9.272937775], [-0.501464009, 9.274303436], [-0.507834017, 9.279368401], [-0.512049019, 9.282292366], [-0.519088984, 9.285834312], [-0.524129987, 9.288817406], [-0.526722014, 9.290085793], [-0.529680014, 9.290910721], [-0.535839975, 9.291959763], [-0.538796008, 9.292779922], [-0.546519995, 9.296648026], [-0.549503982, 9.297405243], [-0.552650988, 9.297768593], [-0.562452018, 9.297986031], [-0.612002015, 9.297821999], [-0.61857301, 9.298015594], [-0.621776998, 9.298377991], [-0.624846995, 9.299166679], [-0.62755698, 9.300483704], [-0.632992983, 9.303756714], [-0.637264013, 9.305744171], [-0.648069978, 9.309753418], [-0.667300999, 9.310808182]], [[-0.704691074, 9.481351438], [-0.6977150060367266, 9.454752292140036], [-0.6977150060367265, 9.454752292140036], [-0.704691074, 9.481351438]]]}}, {"type": "Feature", "properties": {"region": "Upper West", "constituency_count": 11, "winner_party": "NDC", "winner_votes": 242852, "winner_pct": 71.52, "total_valid_votes": 339548, "party_votes": {"NPP": 89906, "GCPP": 1251, "GFP": 0, "GUM": 556, "LPG": 293, "NDP": 239, "CPP": 1605, "NDC": 242852, "APC": 801, "IND": 2045}}, "geometry": {"type": "Polygon", "coordinates": [[[-2.503560066, 9.785059929], [-2.5189569, 9.781227112], [-2.526824951, 9.7774086], [-2.535868883, 9.775107384], [-2.537990093, 9.774248123], [-2.539962053, 9.773131371], [-2.54171896, 9.771747589], [-2.544478893, 9.768194199], [-2.551327944, 9.755921364], [-2.553556919, 9.750273705], [-2.557683945, 9.74267292], [-2.559870005, 9.736956596], [-2.560852051, 9.73500824], [-2.563199997, 9.731136322], [-2.56598711, 9.72752285], [-2.567574024, 9.72614193], [-2.569360018, 9.725079536], [-2.572225094, 9.724205017], [-2.575340986, 9.723814964], [-2.591767073, 9.72337532], [-2.594866037, 9.72279644], [-2.597024918, 9.722015381], [-2.599014044, 9.72094059], [-2.600780964, 9.719575882], [-2.60227108, 9.717905045], [-2.603540897, 9.716023445], [-2.606010914, 9.711258888], [-2.608989954, 9.706237793], [-2.610347986, 9.703682899], [-2.612572908, 9.698001862], [-2.619383097, 9.685675621], [-2.62065196, 9.683797836], [-2.62214303, 9.68212986], [-2.623907089, 9.680760384], [-2.625890017, 9.67967701], [-2.628036976, 9.678879738], [-2.631107092, 9.678243637], [-2.64063096, 9.677206993], [-2.643621922, 9.676454544], [-2.651405096, 9.672780991], [-2.654620886, 9.671987534], [-2.661499023, 9.671463013], [-2.682822943, 9.671533585], [-2.689829111, 9.671321869], [-2.693212986, 9.670929909], [-2.696418047, 9.670116425], [-2.704145908, 9.666354179], [-2.707350969, 9.665539742], [-2.714212894, 9.664980888], [-2.735594034, 9.665028572], [-2.742727041, 9.664847374], [-2.746229887, 9.664486885], [-2.749609947, 9.663701057], [-2.758131981, 9.659937859], [-2.760265112, 9.659511566], [-2.762897968, 9.673814774], [-2.770227909, 9.682190895], [-2.788223982, 9.691080093], [-2.792262077, 9.696755409], [-2.795654058, 9.705201149], [-2.791714907, 9.721592903], [-2.791551113, 9.722278595], [-2.792556047, 9.726860046], [-2.797211885, 9.741259575], [-2.795241117, 9.747728348], [-2.785734892, 9.760762215], [-2.783272982, 9.766854286], [-2.778625965, 9.778352737], [-2.768486023, 9.795071602], [-2.76325798, 9.800907135], [-2.758207083, 9.80429554], [-2.742177963, 9.815055847], [-2.737206936, 9.822492599], [-2.735682964, 9.828266144], [-2.737410069, 9.834212303], [-2.755120993, 9.85299015], [-2.763219118, 9.865264893], [-2.765614986, 9.869590759], [-2.770881891, 9.892486572], [-2.771399021, 9.89870739], [-2.771760941, 9.903045654], [-2.770838022, 9.909049988], [-2.770097971, 9.913876534], [-2.752377033, 9.948426247], [-2.752748966, 9.956466675], [-2.762684107, 9.980895042], [-2.767369032, 9.996906281], [-2.769211054, 10.00000095], [-2.783622026, 10.02421188], [-2.784486055, 10.03384972], [-2.791759014, 10.05165958], [-2.79349494, 10.07139874], [-2.792973042, 10.0812912], [-2.796423912, 10.10606003], [-2.790102005, 10.1293869], [-2.7897439, 10.13537025], [-2.795634985, 10.15366173], [-2.796576977, 10.15911198], [-2.798444986, 10.16990089], [-2.799592018, 10.18072033], [-2.794023991, 10.19415092], [-2.793755054, 10.19441319], [-2.770514965, 10.21708202], [-2.76969409, 10.21866131], [-2.764000893, 10.22961044], [-2.762532949, 10.23859882], [-2.764050961, 10.24570084], [-2.767900944, 10.25345039], [-2.777117014, 10.26272106], [-2.808202028, 10.27437019], [-2.839440107, 10.29430103], [-2.849397898, 10.30585194], [-2.854033947, 10.31842136], [-2.853641987, 10.32152081], [-2.853014946, 10.32647991], [-2.845871925, 10.34270096], [-2.839497089, 10.37614918], [-2.834779024, 10.38519096], [-2.827241898, 10.39245033], [-2.817996025, 10.39513874], [-2.810229063, 10.39338875], [-2.805635929, 10.39236069], [-2.799685001, 10.39752102], [-2.79135704, 10.39950085], [-2.780638933, 10.41072083], [-2.776345015, 10.41769123], [-2.778366089, 10.41864586], [-2.785247087, 10.42191029], [-2.807115078, 10.42360115], [-2.828579903, 10.42875195], [-2.84711194, 10.43877983], [-2.859236956, 10.44389915], [-2.864905119, 10.44629192], [-2.869884968, 10.45195103], [-2.872606039, 10.45932865], [-2.876966, 10.47115135], [-2.877778053, 10.47756863], [-2.882431984, 10.49082184], [-2.886976004, 10.49810123], [-2.896934032, 10.50920105], [-2.902601957, 10.52702999], [-2.905503035, 10.54629993], [-2.913131952, 10.55673885], [-2.925245047, 10.58411789], [-2.942348003, 10.61256886], [-2.94559598, 10.62952137], [-2.944583893, 10.63781929], [-2.940736055, 10.64363098], [-2.920804977, 10.66008186], [-2.916723967, 10.66590023], [-2.915712118, 10.67418957], [-2.911278963, 10.68622971], [-2.912071943, 10.69172955], [-2.916557074, 10.69532871], [-2.930090904, 10.69784927], [-2.93422699, 10.70179939], [-2.937191963, 10.7046299], [-2.942526102, 10.70384979], [-2.943063021, 10.70774078], [-2.941346884, 10.71582031], [-2.938662052, 10.72162056], [-2.934555054, 10.72605991], [-2.920084953, 10.73620033], [-2.901437044, 10.75998116], [-2.898379087, 10.76564026], [-2.893784046, 10.77414131], [-2.888884068, 10.78973866], [-2.886301994, 10.79796028], [-2.883517027, 10.81134129], [-2.882867098, 10.82699203], [-2.872004986, 10.84418964], [-2.871469021, 10.84578991], [-2.869132996, 10.85275078], [-2.870534897, 10.86606121], [-2.869360924, 10.87849998], [-2.867088079, 10.88152885], [-2.863904953, 10.88330936], [-2.861557007, 10.88461971], [-2.854330063, 10.88381958], [-2.84068203, 10.88842106], [-2.833612919, 10.89659691], [-2.825063944, 10.91330147], [-2.822252989, 10.92553043], [-2.823049068, 10.93103886], [-2.827393055, 10.93970203], [-2.839689016, 10.95053005], [-2.844743967, 10.95987034], [-2.844386101, 10.96153164], [-2.84216404, 10.97187042], [-2.842268944, 10.97784996], [-2.840688944, 10.98064041], [-2.836360931, 10.99911022], [-2.834326029, 11.00416088], [-2.818269014, 11.00381184], [-2.811774015, 11.00367069], [-2.772212982, 11.00465965], [-2.762303114, 10.99818039], [-2.754412889, 10.99853802], [-2.753463984, 10.99858093], [-2.744112968, 10.9966898], [-2.728379965, 10.99658871], [-2.717101097, 10.996521], [-2.704756975, 10.99629116], [-2.701237917, 10.99497986], [-2.697773933, 10.99642086], [-2.676079035, 10.99431038], [-2.633794069, 10.99538994], [-2.609972, 10.99599743], [-2.609057903, 10.99601936], [-2.59480691, 10.99353123], [-2.578255892, 10.9924593], [-2.555583, 10.98781872], [-2.551877022, 10.98881054], [-2.531843901, 10.98826122], [-2.518981934, 10.98526859], [-2.50544405, 10.98344994], [-2.445173025, 10.9850111], [-2.433069944, 10.98522091], [-2.40327096, 10.98530102], [-2.387892962, 10.98466015], [-2.370683908, 10.98565197], [-2.361368895, 10.98455334], [-2.35878396, 10.98425007], [-2.334100962, 10.98399925], [-2.295937061, 10.98490047], [-2.27688098, 10.98685074], [-2.260354996, 10.98713112], [-2.255023956, 10.98838043], [-2.234498024, 10.98620129], [-2.216089964, 10.98536873], [-2.203923941, 10.98213005], [-2.196494102, 10.983181], [-2.157985926, 10.97785854], [-2.13122201, 10.97832203], [-2.096060991, 10.9779892], [-2.060919046, 10.97858047], [-2.051120996, 10.97735977], [-2.047657013, 10.9790287], [-1.995309949, 10.98093414], [-1.978091002, 10.98156071], [-1.966405988, 10.9789896], [-1.933855057, 10.98159027], [-1.90307796, 10.9820919], [-1.897549033, 10.9821806], [-1.829576015, 10.98256969], [-1.816759944, 10.98185921], [-1.790696025, 10.98250198], [-1.756000996, 10.98211861], [-1.746636033, 10.97881889], [-1.741703987, 10.97614098], [-1.715878963, 10.97700024], [-1.703420997, 10.98408985], [-1.659855008, 10.99693966], [-1.64566803, 10.99785042], [-1.631168008, 10.99370193], [-1.621091962, 10.98948097], [-1.616688967, 10.99069977], [-1.59266901, 10.98830032], [-1.589467049, 10.99180126], [-1.587283015, 11.00125885], [-1.589027047, 11.0085907], [-1.588420033, 11.01458073], [-1.586861968, 11.01896954], [-1.53353703, 11.01861858], [-1.521643996, 11.01740932], [-1.50909102, 11.01874924], [-1.48765099, 11.01745033], [-1.462054014, 11.01850986], [-1.451074958, 11.01833725], [-1.451086998, 11.0167284], [-1.451303005, 10.98373985], [-1.451563001, 10.97724247], [-1.451966047, 10.97412586], [-1.452744007, 10.97117233], [-1.456454039, 10.96345997], [-1.457257986, 10.96023273], [-1.457787037, 10.95333385], [-1.457770944, 10.93555164], [-1.458305001, 10.92866039], [-1.459113955, 10.92543697], [-1.462805986, 10.91773319], [-1.463610053, 10.91455364], [-1.46399796, 10.91120434], [-1.464197993, 10.90426636], [-1.464064002, 10.88315392], [-1.46460402, 10.87635803], [-1.465399981, 10.87317371], [-1.469063997, 10.86545658], [-1.469812036, 10.86250782], [-1.470188022, 10.85940075], [-1.470675945, 10.84656143], [-1.471030951, 10.84344292], [-1.471752048, 10.84047318], [-1.475396037, 10.83271313], [-1.477717996, 10.82377434], [-1.479056001, 10.8206377], [-1.480911016, 10.81784439], [-1.482375026, 10.81634808], [-1.484040976, 10.81510639], [-1.489403009, 10.81247425], [-1.491871953, 10.81094742], [-1.501286983, 10.80361271], [-1.50375104, 10.80207634], [-1.509140968, 10.79944611], [-1.510843039, 10.7982111], [-1.512362957, 10.79672337], [-1.514389992, 10.79394722], [-1.517984033, 10.78685379], [-1.521425009, 10.78103256], [-1.531854987, 10.76567936], [-1.534826994, 10.75881195], [-1.53657496, 10.75588131], [-1.538967967, 10.75298786], [-1.540734053, 10.75136089], [-1.542629957, 10.74998856], [-1.551823974, 10.74476528], [-1.560454965, 10.73810768], [-1.56270504, 10.73676586], [-1.568318009, 10.73436642], [-1.572692037, 10.73139095], [-1.576787949, 10.72775364], [-1.582641006, 10.72188663], [-1.585991025, 10.71771431], [-1.587210059, 10.7154398], [-1.58802402, 10.71250629], [-1.58851397, 10.70617962], [-1.588238001, 10.66362095], [-1.587980986, 10.65717983], [-1.587586045, 10.65406704], [-1.586804986, 10.65111637], [-1.582887053, 10.64346695], [-1.582030058, 10.64054489], [-1.580891967, 10.63446712], [-1.580047011, 10.6315403], [-1.57615602, 10.62388229], [-1.575327039, 10.6209507], [-1.574236989, 10.61485004], [-1.573403001, 10.61192131], [-1.569288969, 10.604352], [-1.566879988, 10.59879589], [-1.565312028, 10.59635258], [-1.557641029, 10.58715153], [-1.55608201, 10.58470154], [-1.553599954, 10.57916069], [-1.552212, 10.57694626], [-1.548753977, 10.57279778], [-1.544878006, 10.56884766], [-1.540305972, 10.56472301], [-1.537873983, 10.56287861], [-1.533738971, 10.56045628], [-1.528766036, 10.55809498], [-1.521178961, 10.55352974], [-1.514114022, 10.55001545], [-1.509863019, 10.54713917], [-1.503427029, 10.54215908], [-1.501183987, 10.54080486], [-1.495720983, 10.53827763], [-1.493999958, 10.53706074], [-1.492468953, 10.53558159], [-1.489835978, 10.53183746], [-1.483096957, 10.51943874], [-1.482321978, 10.51647091], [-1.481953025, 10.5133419], [-1.481662989, 10.49048424], [-1.481044054, 10.48414612], [-1.480232, 10.48118305], [-1.47646904, 10.47359371], [-1.476035953, 10.47078609], [-1.476451039, 10.46798325], [-1.477668047, 10.46549129], [-1.479423046, 10.46309566], [-1.485780001, 10.45577526], [-1.487769008, 10.45304966], [-1.49012804, 10.44892883], [-1.493384957, 10.44206047], [-1.51391995, 10.42803574], [-1.525537014, 10.41810989], [-1.52800703, 10.41658783], [-1.533619046, 10.41426563], [-1.536077976, 10.41273212], [-1.54064095, 10.40882969], [-1.549512982, 10.4003973], [-1.551839948, 10.39854431], [-1.554311037, 10.39702225], [-1.55994904, 10.39472198], [-1.562180996, 10.39337254], [-1.566280961, 10.38993073], [-1.569957018, 10.3859911], [-1.571279049, 10.38423061], [-1.57238698, 10.38237572], [-1.574699998, 10.37678719], [-1.576225042, 10.37433147], [-1.583884954, 10.36516762], [-1.585414052, 10.36272335], [-1.587666035, 10.35712528], [-1.59196198, 10.34967041], [-1.594215989, 10.34407711], [-1.595747948, 10.34163189], [-1.60343802, 10.33249664], [-1.604977965, 10.33005619], [-1.607334971, 10.3245039], [-1.60887599, 10.32206345], [-1.616572022, 10.31293297], [-1.618108034, 10.31048965], [-1.620378017, 10.30490112], [-1.624693036, 10.29745483], [-1.626868963, 10.29182816], [-1.631193042, 10.28438377], [-1.633381009, 10.27876377], [-1.637714028, 10.2713232], [-1.639901996, 10.26570225], [-1.644235969, 10.25826263], [-1.646424055, 10.25264263], [-1.650758982, 10.24520397], [-1.652950048, 10.23958588], [-1.657281995, 10.23214436], [-1.659466028, 10.22651863], [-1.663810015, 10.21906185], [-1.66603899, 10.21339417], [-1.671468019, 10.20476723], [-1.674268961, 10.19927883], [-1.679960012, 10.18706322], [-1.662809014, 10.17189503], [-1.639515996, 10.14893532], [-1.635455012, 10.1452179], [-1.633337975, 10.14357281], [-1.631090045, 10.14223003], [-1.625386, 10.14005375], [-1.623134017, 10.13871574], [-1.621008039, 10.13707256], [-1.616927981, 10.13335991], [-1.611032009, 10.12744999], [-1.607529044, 10.12331581], [-1.606170058, 10.12108898], [-1.60395503, 10.11543369], [-1.602596998, 10.11320782], [-1.600932956, 10.11110401], [-1.597169995, 10.10708141], [-1.591804981, 10.10194588], [-1.58821106, 10.0990572], [-1.586161971, 10.09776402], [-1.577787995, 10.09353161], [-1.575309038, 10.09209824], [-1.553990006, 10.07833195], [-1.572056055, 10.07436943], [-1.578555942, 10.07264805], [-1.591050982, 10.06802368], [-1.598714948, 10.06400776], [-1.601927042, 10.06320095], [-1.605322957, 10.0628233], [-1.623044968, 10.06263065], [-1.637261987, 10.06298923], [-1.640699029, 10.06342888], [-1.643973947, 10.06429291], [-1.651849031, 10.0681057], [-1.654726982, 10.06871891], [-1.657518983, 10.06870079], [-1.65991497, 10.06798744], [-1.661144972, 10.06697083], [-1.661844969, 10.06559944], [-1.661906958, 10.06387138], [-1.661445975, 10.06196785], [-1.656368017, 10.050354], [-1.652048945, 10.04259777], [-1.651185989, 10.03959179], [-1.650720954, 10.03642559], [-1.650442958, 10.02993679], [-1.650578976, 10.02674866], [-1.651010036, 10.02373791], [-1.651972055, 10.02108479], [-1.653133988, 10.01956654], [-1.654667974, 10.01841831], [-1.65734601, 10.01746845], [-1.660388947, 10.01703453], [-1.666924953, 10.01685524], [-1.690330029, 10.01721954], [-1.696848035, 10.01688004], [-1.699939013, 10.01627827], [-1.702090025, 10.0154829], [-1.704077005, 10.01439285], [-1.705844045, 10.0130167], [-1.707334042, 10.01133728], [-1.708608031, 10.00944519], [-1.711102009, 10.00467968], [-1.715551019, 9.997142792], [-1.717864037, 9.991509438], [-1.721856952, 9.983896255], [-1.722540975, 9.980970383], [-1.722723007, 9.977927208], [-1.722481012, 9.974886894], [-1.721752048, 9.971956253], [-1.717847943, 9.96427536], [-1.716951966, 9.961353302], [-1.715711951, 9.955290794], [-1.714828014, 9.952370644], [-1.710940003, 9.944698334], [-1.710113049, 9.941527367], [-1.709707022, 9.938183784], [-1.709447026, 9.931268692], [-1.709193945, 9.899622917], [-1.709493041, 9.893183708], [-1.710049033, 9.890444756], [-1.711204052, 9.888230324], [-1.71320498, 9.886715889], [-1.717532992, 9.884405136], [-1.723322034, 9.880749702], [-1.725103021, 9.879308701], [-1.72654295, 9.877750397], [-1.72765696, 9.875992775], [-1.728600979, 9.873175621], [-1.729038954, 9.870117188], [-1.729153037, 9.863715172], [-1.728502989, 9.857387543], [-1.727676034, 9.854420662], [-1.723773956, 9.846696854], [-1.722980976, 9.843738556], [-1.722573042, 9.840622902], [-1.721987009, 9.827754974], [-1.721595049, 9.824642181], [-1.720811009, 9.821689606], [-1.71668601, 9.814121246], [-1.71428299, 9.808552742], [-1.710108042, 9.800982475], [-1.709293962, 9.798030853], [-1.708678961, 9.791716576], [-1.708840966, 9.782049179], [-1.709234953, 9.778936386], [-1.710010052, 9.775979996], [-1.713780046, 9.768279076], [-1.714540958, 9.765324593], [-1.715769053, 9.752782822], [-1.716518998, 9.749829292], [-1.720478058, 9.742230415], [-1.722736955, 9.736631393], [-1.726976037, 9.729129791], [-1.729341984, 9.723560333], [-1.731780052, 9.719957352], [-1.736420989, 9.715112686], [-1.738994002, 9.712988853], [-1.741744995, 9.711227417], [-1.747315049, 9.708751678], [-1.750095963, 9.707017899], [-1.758154988, 9.700892448], [-1.762344003, 9.698694229], [-1.764554024, 9.697892189], [-1.773615956, 9.695594788], [-1.781360984, 9.691847801], [-1.784343958, 9.691114426], [-1.78748703, 9.690755844], [-1.800464034, 9.690283775], [-1.803603053, 9.689914703], [-1.806581974, 9.689169884], [-1.814331055, 9.68545723], [-1.817302942, 9.684696198], [-1.829934001, 9.683389664], [-1.832908034, 9.6826334], [-1.840666056, 9.678940773], [-1.84364295, 9.678191185], [-1.856295943, 9.676944733], [-1.859271049, 9.676188469], [-1.866909981, 9.672212601], [-1.872531056, 9.669922829], [-1.880038023, 9.665639877], [-1.885658026, 9.663345337], [-1.893177032, 9.659083366], [-1.898805022, 9.656794548], [-1.90634203, 9.652515411], [-1.912024021, 9.650217056], [-1.919864058, 9.646000862], [-1.94313395, 9.639705658], [-1.950942039, 9.659998894], [-1.952826977, 9.6638937], [-1.956037998, 9.668972015], [-1.957362056, 9.671554565], [-1.95806706, 9.673904419], [-1.959341049, 9.681255341], [-1.960034013, 9.683590889], [-1.964210987, 9.691129684], [-1.966464996, 9.696749687], [-1.970865965, 9.704200745], [-1.973216057, 9.709781647], [-1.974779963, 9.712227821], [-1.982529044, 9.7213974], [-1.984087944, 9.723849297], [-1.986493945, 9.729429245], [-1.987622023, 9.731290817], [-1.990762949, 9.735125542], [-1.994727015, 9.739085197], [-1.999091029, 9.74276638], [-2.01610899, 9.755098343], [-2.029840946, 9.743650436], [-2.03501296, 9.739732742], [-2.038424015, 9.737671852], [-2.044161081, 9.735303879], [-2.051729918, 9.730861664], [-2.058744907, 9.727330208], [-2.070108891, 9.719388962], [-2.077105999, 9.715833664], [-2.084615946, 9.711363792], [-2.090243101, 9.709023476], [-2.097790956, 9.704715729], [-2.107527971, 9.701552391], [-2.110413074, 9.701360703], [-2.113250971, 9.701896667], [-2.116063118, 9.70330143], [-2.124228954, 9.708889008], [-2.129801989, 9.711429596], [-2.132564068, 9.713232994], [-2.13518095, 9.715385437], [-2.145288944, 9.724820137], [-2.147910118, 9.72694397], [-2.150676012, 9.728711128], [-2.156246901, 9.731189728], [-2.159015894, 9.732954025], [-2.161637068, 9.735074043], [-2.171761036, 9.744439125], [-2.174384117, 9.746552467], [-2.177155018, 9.748311043], [-2.182734966, 9.750769615], [-2.185511112, 9.752518654], [-2.188141108, 9.754624367], [-2.202519894, 9.768461227], [-2.211522102, 9.777750969], [-2.21348691, 9.780186653], [-2.215127945, 9.782757759], [-2.217612028, 9.788295746], [-2.219285011, 9.790926933], [-2.221292973, 9.793421745], [-2.225769043, 9.798231125], [-2.232855082, 9.805285454], [-2.237445116, 9.809421539], [-2.241950989, 9.812432289], [-2.246361017, 9.814154625], [-2.249651909, 9.814745903], [-2.256469011, 9.815080643], [-2.308255911, 9.815044403], [-2.315052032, 9.814821243], [-2.31833601, 9.814439774], [-2.321446896, 9.813649178], [-2.329174042, 9.809884071], [-2.332143068, 9.809116364], [-2.344774008, 9.807812691], [-2.347748995, 9.807056427], [-2.355490923, 9.803330421], [-2.358464956, 9.802571297], [-2.371098042, 9.801278114], [-2.374073029, 9.800517082], [-2.381813049, 9.79678154], [-2.38478899, 9.796031952], [-2.387928009, 9.79566288], [-2.400896072, 9.795157433], [-2.404030085, 9.794780731], [-2.407004118, 9.794018745], [-2.414726019, 9.79023838], [-2.417913914, 9.789430618], [-2.421283007, 9.78904438], [-2.428251982, 9.788825035], [-2.463953018, 9.788966179], [-2.488658905, 9.790066719], [-2.503560066, 9.785059929]]]}}, {"type": "Feature", "properties": {"region": "Bono East", "constituency_count": 11, "winner_party": "NDC", "winner_votes": 267451, "winner_pct": 61.59, "total_valid_votes": 434221, "party_votes": {"NPP": 161232, "GCPP": 730, "GFP": 0, "GUM": 614, "LPG": 179, "NDP": 131, "CPP": 889, "NDC": 267451, "APC": 708, "IND": 2287}}, "geometry": {"type": "Polygon", "coordinates": [[[-1.406057954, 7.618195057], [-1.408046961, 7.617101192], [-1.409808993, 7.615715027], [-1.411285996, 7.614018917], [-1.412534952, 7.6121068], [-1.41495502, 7.607297897], [-1.419342995, 7.599761009], [-1.421656013, 7.594157219], [-1.423182964, 7.591701984], [-1.43077004, 7.582509995], [-1.432301998, 7.580064774], [-1.434620023, 7.574497223], [-1.438866019, 7.567020893], [-1.441179037, 7.561450958], [-1.442718029, 7.559010029], [-1.446619034, 7.554464817], [-1.455044985, 7.545630932], [-1.456897974, 7.543317795], [-1.458436966, 7.540874958], [-1.460837007, 7.535340786], [-1.462453008, 7.532776833], [-1.466539025, 7.527993202], [-1.482563972, 7.511957169], [-1.487099051, 7.507833958], [-1.48950398, 7.505990028], [-1.493602037, 7.50357008], [-1.498540044, 7.501215935], [-1.506067991, 7.496647835], [-1.511016011, 7.494288921], [-1.515136957, 7.491887093], [-1.523764014, 7.485300064], [-1.526018023, 7.483951092], [-1.531509995, 7.481445789], [-1.533220053, 7.480219841], [-1.53470397, 7.478723049], [-1.53599596, 7.476892948], [-1.537004948, 7.474873066], [-1.537709951, 7.472725868], [-1.538094997, 7.469704151], [-1.537935019, 7.466654778], [-1.537210941, 7.463715076], [-1.533197045, 7.456029892], [-1.532363057, 7.453066826], [-1.531931996, 7.44994688], [-1.53162396, 7.443491936], [-1.531378031, 7.413953781], [-1.531790972, 7.407529831], [-1.532500029, 7.404496193], [-1.534418941, 7.400544167], [-1.536946058, 7.396605968], [-1.538416028, 7.39484787], [-1.540012002, 7.393435001], [-1.54181397, 7.392356873], [-1.544692993, 7.391496181], [-1.547795057, 7.39117384], [-1.550976992, 7.391214848], [-1.554123998, 7.391592026], [-1.557129979, 7.392412186], [-1.564949989, 7.396478176], [-1.567952037, 7.397305012], [-1.571105957, 7.397702217], [-1.577546954, 7.397643089], [-1.580695987, 7.397105217], [-1.582947969, 7.39636898], [-1.587170959, 7.394162178], [-1.589609981, 7.392336845], [-1.594146013, 7.388167858], [-1.597985983, 7.384180069], [-1.601405025, 7.380003929], [-1.602756023, 7.377772808], [-1.605026007, 7.372152805], [-1.609053016, 7.364553928], [-1.610687971, 7.358716965], [-1.611708999, 7.355923176], [-1.612828016, 7.354147911], [-1.614251971, 7.35255003], [-1.616008997, 7.35104084], [-1.62468195, 7.344770908], [-1.629781961, 7.340760231], [-1.640375972, 7.33156395], [-1.655696034, 7.336489201], [-1.668899059, 7.340232849], [-1.67663002, 7.344509125], [-1.682302952, 7.346862793], [-1.687360048, 7.3497262], [-1.68995595, 7.350938797], [-1.692906976, 7.35163784], [-1.695974946, 7.35183382], [-1.699041009, 7.351605892], [-1.701987982, 7.350887775], [-1.709715962, 7.347056866], [-1.712697029, 7.346274853], [-1.715842009, 7.345877171], [-1.728837967, 7.345285892], [-1.731982946, 7.344882965], [-1.734966993, 7.344091892], [-1.742707014, 7.340268135], [-1.745656013, 7.339585781], [-1.74872601, 7.33945179], [-1.751793027, 7.339844227], [-1.754016042, 7.340529919], [-1.758213997, 7.342701912], [-1.760655046, 7.344530106], [-1.76522398, 7.34871912], [-1.778458953, 7.361962795], [-1.783023953, 7.366113186], [-1.785444975, 7.367970943], [-1.789551973, 7.370416164], [-1.794504046, 7.372793198], [-1.802088976, 7.377186775], [-1.807773948, 7.379429817], [-1.815430999, 7.383601189], [-1.821218014, 7.385776997], [-1.825124979, 7.387872219], [-1.829069972, 7.390412807], [-1.830836058, 7.391867161], [-1.832260966, 7.39343977], [-1.83336103, 7.39521122], [-1.834282041, 7.398044109], [-1.834890962, 7.404325008], [-1.834717989, 7.444008827], [-1.832497954, 7.467456818], [-1.850914955, 7.46416378], [-1.857820988, 7.463534832], [-1.867820024, 7.463065147], [-1.870978951, 7.462656975], [-1.873962045, 7.461875916], [-1.881724954, 7.458130836], [-1.884703994, 7.457376003], [-1.887842059, 7.456995964], [-1.900807977, 7.456417084], [-1.903946042, 7.456016064], [-1.90692699, 7.455235958], [-1.914669991, 7.451485157], [-1.917611957, 7.450780869], [-1.920668006, 7.450557232], [-1.923728943, 7.450756073], [-1.926681042, 7.451438904], [-1.934455037, 7.455238819], [-1.94353497, 7.457695961], [-1.945757031, 7.458540916], [-1.949983001, 7.460803986], [-1.957386971, 7.46608305], [-1.961503983, 7.467986107], [-1.963613987, 7.46842289], [-1.966420054, 7.468241215], [-1.96894002, 7.467284203], [-1.973927021, 7.464588165], [-1.979547024, 7.462187767], [-1.984583974, 7.459307194], [-1.987175941, 7.45809412], [-1.990120053, 7.457389832], [-1.99318099, 7.457193851], [-1.996247053, 7.45743084], [-1.999202967, 7.458158016], [-2.006977081, 7.461942196], [-2.009927988, 7.462664127], [-2.012986898, 7.462893963], [-2.01604104, 7.462697983], [-2.01898098, 7.462007999], [-2.026711941, 7.458259106], [-2.029891014, 7.457433224], [-2.036691904, 7.456836224], [-2.071934938, 7.456902027], [-2.10691905, 7.459464073], [-2.10099411, 7.47648716], [-2.099416018, 7.482811928], [-2.098885059, 7.489422798], [-2.099076986, 7.518949986], [-2.098624945, 7.52528286], [-2.097884893, 7.528238773], [-2.093822956, 7.535799026], [-2.091495991, 7.541374207], [-2.090121984, 7.543582916], [-2.086664915, 7.547709942], [-2.08082509, 7.553581238], [-2.07675004, 7.557225227], [-2.074624062, 7.558838844], [-2.072387934, 7.560185909], [-2.066778898, 7.562542915], [-2.064549923, 7.563893795], [-2.060390949, 7.567292213], [-2.027057886, 7.600296974], [-2.022980928, 7.604972839], [-2.021364927, 7.607487202], [-2.019001961, 7.613059998], [-2.016134024, 7.618051052], [-2.014916897, 7.620616913], [-2.014230967, 7.623550892], [-2.014058113, 7.626606941], [-2.014307022, 7.629661083], [-2.015058994, 7.632594109], [-2.019047022, 7.640252113], [-2.019849062, 7.643212795], [-2.021126032, 7.655814171], [-2.021903038, 7.658771992], [-2.026056051, 7.666327953], [-2.028373003, 7.671923161], [-2.032804012, 7.67936182], [-2.035108089, 7.684961796], [-2.039258957, 7.692512989], [-2.040087938, 7.695446014], [-2.04113698, 7.701560974], [-2.041964054, 7.704495907], [-2.046109915, 7.712049007], [-2.048402071, 7.717654228], [-2.052809954, 7.725103855], [-2.055125952, 7.730703831], [-2.059571981, 7.738154888], [-2.061930895, 7.743756771], [-2.06487608, 7.748743057], [-2.066138983, 7.751307011], [-2.066869974, 7.754236221], [-2.067089081, 7.757289886], [-2.066879034, 7.760346889], [-2.066164017, 7.763279915], [-2.06220293, 7.770922184], [-2.061341047, 7.773852825], [-2.060216904, 7.779959202], [-2.059371948, 7.782885075], [-2.05676198, 7.78790617], [-2.055696011, 7.790410995], [-2.055324078, 7.793204784], [-2.0557549, 7.79599905], [-2.059551954, 7.803535938], [-2.060376883, 7.806489944], [-2.060807943, 7.809611797], [-2.061142921, 7.816082954], [-2.061187983, 7.825893879], [-2.060712099, 7.832236767], [-2.059964895, 7.835199833], [-2.055888891, 7.842764854], [-2.053560019, 7.848343849], [-2.052184105, 7.850552082], [-2.050533056, 7.852649212], [-2.046823025, 7.85667181], [-2.038810015, 7.864198208], [-2.03668499, 7.865814209], [-2.034450054, 7.867160797], [-2.028845072, 7.869525909], [-2.026618004, 7.870880127], [-2.024509907, 7.872505188], [-2.02046895, 7.876176834], [-2.00970006, 7.886769772], [-2.005014896, 7.890672207], [-2.003004074, 7.891963959], [-1.995952964, 7.895507812], [-1.988289952, 7.900344849], [-1.984480023, 7.902206898], [-1.965165973, 7.909864902], [-1.971740961, 7.920750141], [-1.975146055, 7.925601959], [-1.984892011, 7.93622303], [-1.986595035, 7.93835783], [-1.987987041, 7.940612793], [-1.990283966, 7.946224213], [-1.991768003, 7.948588848], [-1.99358201, 7.95082283], [-1.999765992, 7.95720911], [-2.042414904, 7.999214172], [-2.046199083, 8.003623962], [-2.04767108, 8.006001472], [-2.04994297, 8.011636734], [-2.051058054, 8.013497353], [-2.053904057, 8.01693821], [-2.057219982, 8.020065308], [-2.061058044, 8.022747993], [-2.068178892, 8.026209831], [-2.073843956, 8.029650688], [-2.075807095, 8.030596733], [-2.078202009, 8.031255722], [-2.080739021, 8.031598091], [-2.086070061, 8.031809807], [-2.10878396, 8.031327248], [-2.118221045, 8.043421745], [-2.125740051, 8.055608749], [-2.127038956, 8.058245659], [-2.127846003, 8.061238289], [-2.128319979, 8.067550659], [-2.127808094, 8.073827744], [-2.127018929, 8.076782227], [-2.123197079, 8.084483147], [-2.122371912, 8.087712288], [-2.121838093, 8.094622612], [-2.121906996, 8.112500191], [-2.121421099, 8.119538307], [-2.120583057, 8.122881889], [-2.119277, 8.125596046], [-2.115956068, 8.131038666], [-2.114267111, 8.134393692], [-2.111433983, 8.141474724], [-2.109915972, 8.145951271], [-2.103406906, 8.147332191], [-2.100362062, 8.147542], [-2.097429037, 8.147263527], [-2.09452796, 8.146300316], [-2.088951111, 8.143865585], [-2.085817099, 8.143127441], [-2.079272985, 8.142580032], [-2.06944108, 8.142773628], [-2.066296101, 8.143179893], [-2.063313007, 8.143963814], [-2.055562973, 8.147745132], [-2.052592039, 8.14852047], [-2.039969921, 8.149862289], [-2.036998034, 8.150632858], [-2.029258013, 8.154363632], [-2.026278973, 8.155117989], [-2.019916058, 8.155653954], [-2.006783009, 8.155767441], [-2.000417948, 8.156298637], [-1.997439027, 8.157048225], [-1.989689946, 8.160758972], [-1.986713052, 8.161511421], [-1.974048018, 8.162741661], [-1.971061945, 8.163496017], [-1.958433986, 8.169976234], [-1.954342961, 8.172434807], [-1.951964974, 8.174310684], [-1.947728038, 8.178631783], [-1.945214987, 8.1823349], [-1.940601945, 8.193657875], [-1.933576941, 8.208468437], [-1.927531004, 8.216321945], [-1.921197057, 8.22517395], [-1.919661045, 8.227815628], [-1.917168021, 8.233556747], [-1.914662957, 8.237200737], [-1.912646055, 8.239430428], [-1.910446048, 8.241505623], [-1.906077027, 8.244686127], [-1.891381025, 8.25234127], [-1.888393044, 8.253097534], [-1.875718951, 8.254356384], [-1.872738004, 8.25512886], [-1.864977956, 8.258918762], [-1.861997008, 8.259700775], [-1.855669975, 8.260204315], [-1.849336028, 8.259745598], [-1.846353054, 8.258963585], [-1.843742967, 8.257708549], [-1.838685989, 8.254701614], [-1.83375597, 8.252236366], [-1.829640031, 8.249764442], [-1.822250962, 8.244357109], [-1.81803, 8.242139816], [-1.815804958, 8.241318703], [-1.806715965, 8.238935471], [-1.798936963, 8.235103607], [-1.79597497, 8.234399796], [-1.792901993, 8.234181404], [-1.789829969, 8.234376907], [-1.786874056, 8.235070229], [-1.77918601, 8.239040375], [-1.77344799, 8.241312981], [-1.76750803, 8.244692802], [-1.763576984, 8.247425079], [-1.760355949, 8.250595093], [-1.757604957, 8.254481316], [-1.755344033, 8.258454323], [-1.754500985, 8.260450363], [-1.753844976, 8.263428688], [-1.753684998, 8.266510963], [-1.753942966, 8.269580841], [-1.754683018, 8.272527695], [-1.758566976, 8.280254364], [-1.759441972, 8.283191681], [-1.760663986, 8.289272308], [-1.761607051, 8.292174339], [-1.763026953, 8.294692039], [-1.764809966, 8.297064781], [-1.770637035, 8.304009438], [-1.776268959, 8.313028336], [-1.777780056, 8.314704895], [-1.779556036, 8.316090584], [-1.783664942, 8.318076134], [-1.792688012, 8.320411682], [-1.800492048, 8.324176788], [-1.803647995, 8.324950218], [-1.806970954, 8.325317383], [-1.813832045, 8.325519562], [-1.848610997, 8.325346947], [-1.858935952, 8.325565338], [-1.862254024, 8.325941086], [-1.865407944, 8.326721191], [-1.873226047, 8.330424309], [-1.876217961, 8.331190109], [-1.885573983, 8.332467079], [-1.888429999, 8.333387375], [-1.890226007, 8.33446312], [-1.891827941, 8.335852623], [-1.893314004, 8.337578773], [-1.895923972, 8.34143734], [-1.898079991, 8.345274925], [-1.900336027, 8.350977898], [-1.904363036, 8.358635902], [-1.905208945, 8.361566544], [-1.906355023, 8.367651939], [-1.907209992, 8.370575905], [-1.911054969, 8.378260612], [-1.911880016, 8.381451607], [-1.912467957, 8.388273239], [-1.912678003, 8.412946701], [-1.912147045, 8.41975975], [-1.911255002, 8.422906876], [-1.909644008, 8.425704002], [-1.907542944, 8.428299904], [-1.89794302, 8.438188553], [-1.895841956, 8.440785408], [-1.894232988, 8.443580627], [-1.893357038, 8.446651459], [-1.892968059, 8.449924469], [-1.892807961, 8.456720352], [-1.893069983, 8.49119854], [-1.893385053, 8.501414299], [-1.893805981, 8.504689217], [-1.894642949, 8.507798195], [-1.898548961, 8.51547718], [-1.899366975, 8.518427849], [-1.899798036, 8.521536827], [-1.900084972, 8.527956963], [-1.899883032, 8.534383774], [-1.899492979, 8.537490845], [-1.898720026, 8.540447235], [-1.894938946, 8.548138618], [-1.894171, 8.551088333], [-1.892894983, 8.563607216], [-1.892145038, 8.566560745], [-1.888443947, 8.574257851], [-1.887698054, 8.577212334], [-1.886492968, 8.589767456], [-1.885725021, 8.59273243], [-1.884475946, 8.595335007], [-1.88140595, 8.600428581], [-1.879521012, 8.604363441], [-1.876953959, 8.610669136], [-1.870429039, 8.628236771], [-1.855837941, 8.633441925], [-1.849622965, 8.636772156], [-1.847555995, 8.6376791], [-1.844467998, 8.63846302], [-1.841249943, 8.638849258], [-1.834661007, 8.639103889], [-1.82139802, 8.639115334], [-1.814883947, 8.638861656], [-1.811741948, 8.638471603], [-1.808760047, 8.637698174], [-1.801095963, 8.633653641], [-1.795464039, 8.631322861], [-1.787922025, 8.626990318], [-1.782281041, 8.624676704], [-1.774616957, 8.620621681], [-1.771664977, 8.619771957], [-1.765524983, 8.618610382], [-1.762565017, 8.617753029], [-1.754786015, 8.613958359], [-1.751824975, 8.613256454], [-1.748757958, 8.613043785], [-1.745694041, 8.613248825], [-1.742750049, 8.613950729], [-1.735126019, 8.617994308], [-1.729488015, 8.620324135], [-1.721822977, 8.62434864], [-1.718845963, 8.625155449], [-1.71261704, 8.626178741], [-1.709599972, 8.626962662], [-1.707587004, 8.627826691], [-1.703642011, 8.630060196], [-1.699993014, 8.632816315], [-1.698603034, 8.634394646], [-1.697540998, 8.636177063], [-1.69667697, 8.639028549], [-1.69630599, 8.642127991], [-1.695973039, 8.65845108], [-1.695410013, 8.661540031], [-1.694636941, 8.663690567], [-1.693565965, 8.665682793], [-1.692201018, 8.667453766], [-1.690528035, 8.668955803], [-1.688639045, 8.670239449], [-1.67879498, 8.675679207], [-1.676169038, 8.676896095], [-1.673167944, 8.677653313], [-1.67000699, 8.678019524], [-1.663468003, 8.678236961], [-1.646955013, 8.678082466], [-1.640584946, 8.677483559], [-1.637601972, 8.676710129], [-1.629822969, 8.672942162], [-1.626847029, 8.672164917], [-1.614217997, 8.670800209], [-1.611238956, 8.670024872], [-1.603459954, 8.666256905], [-1.600479007, 8.66547966], [-1.597339034, 8.665081024], [-1.587538004, 8.664757729], [-1.574342012, 8.664810181], [-1.567970037, 8.665358543], [-1.564993024, 8.666131973], [-1.550392985, 8.673919678], [-1.548382998, 8.675203323], [-1.540362954, 8.681429863], [-1.537580013, 8.683161736], [-1.532004952, 8.685625076], [-1.529247046, 8.687382698], [-1.526672006, 8.689499855], [-1.522017956, 8.694335938], [-1.51957202, 8.697935104], [-1.517223001, 8.703508377], [-1.513275027, 8.711131096], [-1.51247704, 8.714069366], [-1.511446953, 8.720176697], [-1.510661006, 8.723121643], [-1.506957054, 8.730856895], [-1.504706025, 8.739821434], [-1.50385499, 8.741933823], [-1.502745032, 8.743895531], [-1.501360059, 8.745649338], [-1.49968195, 8.74713707], [-1.497792959, 8.748409271], [-1.493023038, 8.750902176], [-1.485476017, 8.755318642], [-1.47981298, 8.75758934], [-1.472144008, 8.761529922], [-1.469161987, 8.762280464], [-1.456508994, 8.763542175], [-1.453534007, 8.764304161], [-1.445790052, 8.768044472], [-1.442816019, 8.76881218], [-1.436455011, 8.769392967], [-1.419975996, 8.769470215], [-1.41347599, 8.769197464], [-1.410333037, 8.76880455], [-1.407351971, 8.76803875], [-1.399562001, 8.764306068], [-1.396579027, 8.763540268], [-1.387047052, 8.762495995], [-1.383918047, 8.761892319], [-1.381675959, 8.761144638], [-1.377460957, 8.758958817], [-1.374848962, 8.757017136], [-1.365123987, 8.748140335], [-1.362625957, 8.746127129], [-1.359992027, 8.744444847], [-1.354442, 8.741933823], [-1.351804972, 8.74025631], [-1.349303007, 8.73825264], [-1.339568019, 8.729398727], [-1.336982012, 8.727401733], [-1.332880974, 8.724945068], [-1.327942967, 8.722546577], [-1.320363998, 8.718159676], [-1.314702988, 8.715881348], [-1.307124972, 8.711494446], [-1.302186012, 8.709097862], [-1.298086047, 8.70663929], [-1.295500994, 8.704640388], [-1.285765052, 8.695788383], [-1.283262014, 8.693784714], [-1.280627966, 8.692107201], [-1.275076032, 8.689593315], [-1.272446036, 8.687907219], [-1.269948006, 8.685892105], [-1.260233998, 8.676976204], [-1.257630944, 8.675018311], [-1.255578041, 8.67380619], [-1.251181006, 8.672060013], [-1.247774005, 8.671442032], [-1.244264007, 8.671177864], [-1.219190955, 8.671271324], [-1.212237954, 8.671907425], [-1.208987951, 8.672745705], [-1.203868985, 8.675224304], [-1.201339006, 8.67618084], [-1.19856298, 8.676364899], [-1.196519017, 8.675895691], [-1.194569945, 8.674988747], [-1.192790031, 8.673689842], [-1.19124496, 8.672019005], [-1.189888954, 8.670075417], [-1.187036991, 8.665021896], [-1.184514046, 8.661466599], [-1.179962993, 8.656420708], [-1.174806952, 8.651435852], [-1.171061039, 8.633205414], [-1.168460011, 8.62249279], [-1.167466044, 8.619548798], [-1.163406968, 8.611879349], [-1.162624955, 8.608917236], [-1.161314964, 8.596340179], [-1.160514951, 8.59338665], [-1.156540036, 8.585717201], [-1.155732989, 8.582758904], [-1.155336976, 8.579649925], [-1.155274987, 8.573290825], [-1.155612946, 8.570178032], [-1.156376004, 8.567221642], [-1.160495043, 8.559659958], [-1.162773967, 8.554059982], [-1.167101979, 8.546609879], [-1.169453979, 8.541052818], [-1.170992017, 8.538610458], [-1.178575039, 8.52942276], [-1.180106044, 8.526974678], [-1.182515979, 8.521431923], [-1.183877945, 8.519216537], [-1.18729496, 8.515072823], [-1.193092942, 8.509185791], [-1.197157025, 8.505541801], [-1.201509953, 8.502570152], [-1.207106948, 8.500179291], [-1.20957303, 8.498649597], [-1.214172959, 8.494795799], [-1.223140955, 8.486474991], [-1.225492954, 8.484640121], [-1.227967978, 8.483111382], [-1.233435988, 8.480622292], [-1.235138059, 8.479409218], [-1.236619949, 8.477918625], [-1.237913966, 8.476091385], [-1.238947034, 8.474068642], [-1.239706039, 8.471901894], [-1.240264058, 8.468813896], [-1.24048996, 8.465606689], [-1.239987969, 8.413188934], [-1.240471959, 8.406868935], [-1.241287947, 8.403944969], [-1.242737055, 8.401349068], [-1.246747971, 8.396613121], [-1.267321944, 8.37630558], [-1.276852965, 8.367300987], [-1.297606945, 8.348693848], [-1.280117035, 8.339802742], [-1.273221016, 8.337173462], [-1.271214962, 8.336193085], [-1.264961004, 8.332946777], [-1.259956002, 8.330636024], [-1.254889011, 8.327671051], [-1.25228405, 8.326411247], [-1.24931705, 8.325592995], [-1.243121982, 8.324571609], [-1.240136981, 8.323784828], [-1.232349038, 8.319966316], [-1.226559997, 8.31826973], [-1.223932028, 8.317177773], [-1.222386956, 8.315991402], [-1.221176028, 8.31447506], [-1.22005105, 8.311883926], [-1.218281984, 8.306167603], [-1.214385033, 8.298476219], [-1.213639021, 8.29549408], [-1.213284016, 8.29235363], [-1.212816954, 8.27943325], [-1.212440968, 8.276312828], [-1.211668015, 8.27335453], [-1.207792997, 8.265687943], [-1.207008958, 8.26273632], [-1.205698967, 8.250183105], [-1.204918981, 8.247228622], [-1.20106101, 8.239555359], [-1.200288057, 8.236603737], [-1.199025989, 8.224027634], [-1.198246002, 8.221076012], [-1.19411397, 8.213516235], [-1.191792011, 8.207924843], [-1.187631965, 8.200374603], [-1.186790943, 8.197447777], [-1.185701966, 8.19134903], [-1.184862971, 8.188421249], [-1.180716991, 8.180865288], [-1.178411007, 8.175265312], [-1.174270034, 8.167710304], [-1.173429012, 8.164780617], [-1.172343969, 8.158684731], [-1.171504974, 8.155755997], [-1.167358994, 8.148200989], [-1.16505003, 8.142602921], [-1.160892963, 8.135051727], [-1.160050035, 8.132125854], [-1.158957958, 8.126027107], [-1.158125997, 8.123096466], [-1.154240966, 8.115433693], [-1.153409004, 8.112504959], [-1.152317047, 8.106406212], [-1.151471019, 8.103480339], [-1.147317052, 8.095929146], [-1.145007968, 8.090331078], [-1.140861988, 8.082777977], [-1.140022993, 8.079847336], [-1.13893795, 8.073747635], [-1.138100028, 8.070819855], [-1.133955956, 8.063263893], [-1.131649971, 8.057666779], [-1.127506018, 8.050110817], [-1.126667976, 8.047180176], [-1.125579953, 8.041081429], [-1.124742031, 8.038152695], [-1.120601058, 8.030596733], [-1.118296027, 8.024997711], [-1.114159942, 8.017437935], [-1.113325953, 8.014504433], [-1.112261057, 8.008389473], [-1.111438036, 8.005447388], [-1.10738802, 7.997809887], [-1.105170965, 7.992095947], [-1.104163051, 7.99015379], [-1.100419044, 7.984381199], [-1.098937035, 7.982646942], [-1.097337008, 7.981248856], [-1.095536947, 7.980171204], [-1.092664957, 7.97925806], [-1.086398005, 7.97833395], [-1.083261013, 7.97770977], [-1.081001043, 7.976955891], [-1.076729059, 7.974773884], [-1.069249034, 7.969346046], [-1.067152977, 7.968119144], [-1.062703967, 7.966332912], [-1.059571981, 7.965778828], [-1.056429029, 7.965666771], [-1.05341804, 7.965985775], [-1.050737977, 7.966895103], [-1.049188018, 7.968043804], [-1.047986984, 7.969562054], [-1.046893001, 7.972183228], [-1.045210958, 7.977979183], [-1.041406989, 7.98573494], [-1.040629983, 7.98870182], [-1.039638996, 7.994846821], [-1.038838983, 7.997786999], [-1.034785986, 8.005357742], [-1.032518983, 8.010955811], [-1.028149962, 8.018399239], [-1.025828958, 8.023991585], [-1.022953033, 8.028979301], [-1.021731973, 8.031542778], [-1.021036029, 8.034464836], [-1.020853996, 8.037514687], [-1.021095991, 8.040556908], [-1.021839023, 8.043487549], [-1.025781989, 8.05115509], [-1.026587963, 8.054113388], [-1.027940035, 8.066684723], [-1.028718948, 8.069641113], [-1.032629967, 8.077299118], [-1.033485055, 8.080221176], [-1.034631968, 8.086298943], [-1.035495043, 8.089219093], [-1.03944695, 8.0968647], [-1.04024303, 8.099819183], [-1.040645957, 8.102938652], [-1.040945053, 8.109402657], [-1.040985942, 8.125828743], [-1.040740013, 8.129031181], [-1.040146947, 8.132102966], [-1.039352059, 8.13424778], [-1.038257957, 8.136223793], [-1.036862969, 8.137978554], [-1.035159945, 8.139455795], [-1.033239007, 8.140707016], [-1.028403044, 8.1431427], [-1.020822048, 8.147538185], [-1.01513803, 8.149768829], [-1.007603049, 8.1540308], [-1.001955986, 8.156267166], [-0.994336009, 8.160293579], [-0.991378009, 8.161097527], [-0.985211015, 8.162110329], [-0.982245982, 8.162905693], [-0.974565029, 8.166877747], [-0.968816996, 8.169042587], [-0.96686399, 8.170033455], [-0.961046994, 8.173707008], [-0.959288001, 8.175157547], [-0.957857013, 8.176721573], [-0.956726015, 8.178474426], [-0.955677986, 8.181247711], [-0.95400703, 8.187068939], [-0.950214982, 8.194759369], [-0.949504018, 8.197732925], [-0.948477983, 8.210362434], [-0.947754979, 8.213324547], [-0.943768978, 8.22091198], [-0.941438019, 8.226470947], [-0.939715028, 8.229146957], [-0.937627017, 8.23167038], [-0.932983994, 8.236523628], [-0.906457007, 8.26286602], [-0.901930988, 8.266998291], [-0.89952898, 8.268847466], [-0.895439982, 8.271279335], [-0.890507996, 8.273639679], [-0.882988989, 8.278059006], [-0.877331972, 8.280282974], [-0.869681001, 8.284298897], [-0.860603988, 8.286482811], [-0.856419027, 8.288347244], [-0.854583979, 8.289639473], [-0.853084981, 8.291107178], [-0.851858974, 8.292779922], [-0.849263012, 8.298030853], [-0.848047972, 8.299729347], [-0.846569002, 8.301244736], [-0.844775021, 8.302630424], [-0.837992013, 8.306277275], [-0.830487013, 8.310750961], [-0.824841976, 8.313026428], [-0.817228973, 8.317077637], [-0.814158976, 8.317850113], [-0.807578981, 8.318349838], [-0.715806007, 8.318322182], [-0.709200978, 8.317834854], [-0.706107974, 8.317064285], [-0.703494012, 8.315823555], [-0.698448002, 8.312843323], [-0.693632007, 8.310359001], [-0.691703975, 8.309088707], [-0.68996501, 8.307609558], [-0.68848598, 8.305875778], [-0.68027401, 8.291636467], [-0.678014994, 8.285973549], [-0.676612973, 8.283441544], [-0.673547983, 8.278467178], [-0.671059012, 8.273696899], [-0.668300986, 8.270066261], [-0.664618015, 8.26735878], [-0.659786999, 8.264910698], [-0.65219897, 8.260356903], [-0.645114005, 8.25687027], [-0.640658021, 8.25374794], [-0.633857012, 8.247459412], [-0.612205029, 8.226126671], [-0.608013988, 8.222723961], [-0.605777979, 8.221363068], [-0.600169003, 8.218960762], [-0.595789015, 8.215985298], [-0.59167701, 8.212312698], [-0.577776015, 8.198863983], [-0.564929008, 8.187134743], [-0.553220987, 8.179338455], [-0.542451978, 8.170793533], [-0.539708018, 8.169102669], [-0.534009993, 8.166719437], [-0.52641201, 8.162443161], [-0.520743012, 8.160181999], [-0.513179004, 8.155916214], [-0.507526994, 8.153632164], [-0.499978006, 8.149331093], [-0.494331002, 8.147041321], [-0.48665899, 8.143029213], [-0.483675987, 8.142272949], [-0.470999002, 8.141010284], [-0.468015999, 8.140239716], [-0.460238993, 8.13643074], [-0.457251012, 8.135649681], [-0.454108, 8.135246277], [-0.447614998, 8.135006905], [-0.441123992, 8.135238647], [-0.437981009, 8.13563633], [-0.435000002, 8.13642025], [-0.427255988, 8.140292168], [-0.424203992, 8.14111042], [-0.407555014, 8.142689705], [-0.389674991, 8.144954681], [-0.380115986, 8.139921188], [-0.373980999, 8.137194633], [-0.370931, 8.13624382], [-0.367817998, 8.135684013], [-0.35868299, 8.134655952], [-0.355874985, 8.133900642], [-0.353258997, 8.132642746], [-0.348194987, 8.129669189], [-0.343234986, 8.127291679], [-0.339127988, 8.124828339], [-0.334407985, 8.120915413], [-0.323534012, 8.110292435], [-0.319462001, 8.106611252], [-0.317339987, 8.104981422], [-0.315106004, 8.103613853], [-0.309509009, 8.101204872], [-0.307036012, 8.099666595], [-0.304693013, 8.097816467], [-0.295724005, 8.089426041], [-0.291110992, 8.085542679], [-0.288641006, 8.083996773], [-0.283048004, 8.081569672], [-0.28057301, 8.080040932], [-0.271248996, 8.072507858], [-0.268770993, 8.070977211], [-0.263181001, 8.068552017], [-0.260710001, 8.067004204], [-0.256096989, 8.063120842], [-0.247125998, 8.054733276], [-0.244781002, 8.052883148], [-0.242308006, 8.051348686], [-0.236708, 8.048941612], [-0.232345998, 8.045953751], [-0.226264998, 8.040356636], [-0.211028993, 8.025286674], [-0.206934005, 8.021629333], [-0.204797998, 8.020010948], [-0.202548996, 8.018656731], [-0.196909994, 8.016280174], [-0.194665, 8.014927864], [-0.190522, 8.011505127], [-0.186807007, 8.007577896], [-0.184333995, 8.003968239], [-0.181977004, 7.998373032], [-0.177661002, 7.990867138], [-0.175391003, 7.985247135], [-0.171044007, 7.977772236], [-0.168753996, 7.972167015], [-0.164388999, 7.964701176], [-0.162093997, 7.959098816], [-0.157722995, 7.951636791], [-0.155417994, 7.946036816], [-0.151029006, 7.938581944], [-0.148725003, 7.932981968], [-0.144574001, 7.925430775], [-0.143730998, 7.922502041], [-0.142642006, 7.91640377], [-0.141804993, 7.913475037], [-0.137915, 7.905815125], [-0.137143999, 7.902859211], [-0.135882005, 7.890285015], [-0.135104999, 7.887331009], [-0.131228, 7.879665852], [-0.130450994, 7.876711845], [-0.129182994, 7.864140987], [-0.128410995, 7.861186981], [-0.124499999, 7.853536129], [-0.123649999, 7.850608826], [-0.122534998, 7.844523907], [-0.121687002, 7.841598034], [-0.117788002, 7.833941936], [-0.117023997, 7.830984116], [-0.115824997, 7.818385124], [-0.115061998, 7.815423965], [-0.113824002, 7.812846184], [-0.110953003, 7.807855129], [-0.108548, 7.802296162], [-0.106974997, 7.799855232], [-0.099261001, 7.790679932], [-0.097701997, 7.78823185], [-0.095236003, 7.782692909], [-0.093548998, 7.780075073], [-0.091521002, 7.777595043], [-0.087001003, 7.772818089], [-0.079885997, 7.765807152], [-0.075301997, 7.761663914], [-0.072876997, 7.759801865], [-0.068760999, 7.757349014], [-0.063801996, 7.754979134], [-0.058742002, 7.752029896], [-0.056134999, 7.750796795], [-0.053144999, 7.750049114], [-0.040413, 7.748935223], [-0.037416, 7.748200893], [-0.029611999, 7.744459152], [-0.026611, 7.743715763], [-0.017184, 7.742561817], [-0.014306, 7.741671085], [-0.012501, 7.740595818], [-0.010901, 7.739195824], [-0.009424, 7.737452984], [-0.006876, 7.733543873], [-0.004909, 7.729621887], [-0.004109, 7.72662878], [-0.003081, 7.72044611], [-0.002261, 7.717496872], [0.001632, 7.709819794], [0.002382, 7.70697403], [0.002934, 7.700891018], [0.003168, 7.685143948], [0.00375, 7.678812981], [0.010161, 7.644436836], [0.01009, 7.643297195], [0.010635, 7.640810013], [0.011861, 7.63801384], [0.014888, 7.63231802], [0.017436, 7.626254082], [0.019083999, 7.62368679], [0.023145, 7.619003773], [0.031711999, 7.610066891], [0.033588, 7.607741833], [0.035147, 7.605291843], [0.037615001, 7.599755764], [0.039299, 7.597139835], [0.041328002, 7.594666958], [0.045859002, 7.589912891], [0.062445998, 7.573583126], [0.066702001, 7.568717003], [0.068392999, 7.566106796], [0.070877001, 7.560579777], [0.072435997, 7.558135033], [0.080100998, 7.548941135], [0.081661999, 7.546494961], [0.084062003, 7.540935993], [0.088414997, 7.53346777], [0.090719, 7.527867794], [0.095109001, 7.520412922], [0.097442999, 7.514826775], [0.101579003, 7.507266998], [0.102353998, 7.504311085], [0.102725998, 7.501191139], [0.103009999, 7.484942913], [0.103573002, 7.478627205], [0.104362004, 7.475679874], [0.108292997, 7.468036175], [0.109090999, 7.465091228], [0.109494999, 7.461983204], [0.109788999, 7.452284813], [0.109727003, 7.416205883], [0.110311002, 7.409911156], [0.111220002, 7.407069206], [0.112320997, 7.405293941], [0.113750003, 7.403720856], [0.115523003, 7.402266979], [0.119476996, 7.399716854], [0.123383999, 7.397611141], [0.129175007, 7.395442963], [0.136914998, 7.391472816], [0.139889002, 7.390673161], [0.146070004, 7.389651775], [0.149032995, 7.388841152], [0.156691, 7.384792805], [0.162349999, 7.382524967], [0.169889003, 7.378182888], [0.175558001, 7.375893116], [0.183272004, 7.371760845], [0.186307997, 7.370943069], [0.189541996, 7.370493889], [0.213846996, 7.368127823], [0.226926997, 7.34606123], [0.230259001, 7.338514805], [0.234331995, 7.330839157], [0.235149994, 7.327672958], [0.235549003, 7.324337006], [0.235801995, 7.317447186], [0.235907003, 7.292988777], [0.235698998, 7.286112785], [0.235319003, 7.282790184], [0.234530002, 7.279637814], [0.230802, 7.271947861], [0.227945998, 7.260083199], [0.224251002, 7.252379894], [0.223499, 7.249427795], [0.222179994, 7.236934185], [0.221417993, 7.233986855], [0.217735007, 7.226272106], [0.216923997, 7.223042965], [0.216379002, 7.21612978], [0.216419995, 7.201648235], [0.216750994, 7.186200142], [0.217504993, 7.174184799], [0.198772997, 7.174424171], [0.191245005, 7.174743176], [0.187710002, 7.175188065], [0.184394002, 7.176054001], [0.176496997, 7.179848194], [0.173494995, 7.18063879], [0.170344993, 7.181058884], [0.163854003, 7.181332111], [0.157370001, 7.181110859], [0.154231995, 7.180709839], [0.151254997, 7.179927826], [0.143597007, 7.175928116], [0.137992993, 7.173573971], [0.130478993, 7.169280052], [0.124876, 7.166919231], [0.117357999, 7.162607193], [0.111741997, 7.160233974], [0.104098, 7.156266212], [0.101158001, 7.155572891], [0.098100998, 7.155371189], [0.095043004, 7.155584812], [0.092083998, 7.156278133], [0.084280998, 7.159993172], [0.072254002, 7.162937164], [0.064571001, 7.166954994], [0.058940999, 7.169295788], [0.05139, 7.173598766], [0.045768, 7.175955772], [0.038082, 7.179927826], [0.034867, 7.180737019], [0.031475, 7.181119919], [0.024455, 7.181321144], [0.003136, 7.181276798], [-0.003726, 7.181859016], [-0.00694, 7.182674885], [-0.014732, 7.186385155], [-0.01805, 7.18722105], [-0.021544, 7.187629223], [-0.032427002, 7.187889099], [-0.204825997, 7.187932968], [-0.215957001, 7.188501835], [-0.234396994, 7.190869808], [-0.237367004, 7.205688953], [-0.238470003, 7.210195065], [-0.239489004, 7.213264942], [-0.243857995, 7.220993996], [-0.246182993, 7.226641178], [-0.250604004, 7.234106064], [-0.252905995, 7.239712238], [-0.257043004, 7.247270107], [-0.257871985, 7.250203133], [-0.258929998, 7.256316185], [-0.259757012, 7.25924921], [-0.263882995, 7.266816139], [-0.266158998, 7.272436142], [-0.27047801, 7.279959202], [-0.272695988, 7.28566885], [-0.273701012, 7.287612915], [-0.277426988, 7.293410778], [-0.278896987, 7.295167923], [-0.280481011, 7.296601772], [-0.282256991, 7.297733784], [-0.285062999, 7.29878521], [-0.29094699, 7.300474167], [-0.298707992, 7.304320812], [-0.301712006, 7.305049896], [-0.304874986, 7.305385113], [-0.317909002, 7.305778027], [-0.321060985, 7.306130886], [-0.324048996, 7.306880951], [-0.331799001, 7.31069994], [-0.334782004, 7.311457157], [-0.347483993, 7.312637806], [-0.350466996, 7.31339407], [-0.358107001, 7.317475796], [-0.363763005, 7.319750786], [-0.371392012, 7.323860168], [-0.374348015, 7.324683189], [-0.380510002, 7.325724125], [-0.383475989, 7.326533794], [-0.39121601, 7.330368996], [-0.394178003, 7.331175804], [-0.400344014, 7.33221817], [-0.403299987, 7.333037853], [-0.410932004, 7.337135792], [-0.416593999, 7.339398861], [-0.424221992, 7.343509197], [-0.427177995, 7.344336033], [-0.433331996, 7.345397949], [-0.436289996, 7.346218109], [-0.44402799, 7.35006094], [-0.447017998, 7.350806236], [-0.45017001, 7.351157188], [-0.463178992, 7.351587772], [-0.466327012, 7.351951122], [-0.469309986, 7.352708817], [-0.47704801, 7.356556892], [-0.480031013, 7.357316017], [-0.483175993, 7.357677937], [-0.496181011, 7.358127117], [-0.499329001, 7.358487129], [-0.502313972, 7.359241009], [-0.510056973, 7.36307478], [-0.51303798, 7.363838196], [-0.525721014, 7.365057945], [-0.528703988, 7.365814209], [-0.536458015, 7.369625092], [-0.539445996, 7.370375156], [-0.552159011, 7.371528149], [-0.555146992, 7.372273922], [-0.562819004, 7.376303196], [-0.568499982, 7.378552914], [-0.576050997, 7.383015156], [-0.580869019, 7.385477066], [-0.582801998, 7.386732101], [-0.58454603, 7.388199806], [-0.586027026, 7.389929771], [-0.587302983, 7.391841888], [-0.589887977, 7.396584988], [-0.591552019, 7.39902401], [-0.597450018, 7.40591383], [-0.599307001, 7.408245087], [-0.600862026, 7.410697937], [-0.603236973, 7.416272163], [-0.607582986, 7.423746109], [-0.609860003, 7.429358959], [-0.61421299, 7.436828136], [-0.616500974, 7.442433834], [-0.62085402, 7.449903011], [-0.623134017, 7.455513954], [-0.627484024, 7.462983131], [-0.629871011, 7.468548775], [-0.63142997, 7.470993996], [-0.639117002, 7.480178833], [-0.640676022, 7.482626915], [-0.643144011, 7.488158226], [-0.644869983, 7.490818024], [-0.649224997, 7.495763779], [-0.663480997, 7.51015377], [-0.665601015, 7.512680054], [-0.66742599, 7.515338898], [-0.669983029, 7.520106792], [-0.672721028, 7.523778915], [-0.674454987, 7.525262833], [-0.676379025, 7.526538849], [-0.681187987, 7.529038906], [-0.686231017, 7.532063961], [-0.688845992, 7.533326149], [-0.691847026, 7.534097195], [-0.695003986, 7.534440994], [-0.701442003, 7.534407139], [-0.704587996, 7.534032822], [-0.70757103, 7.533250809], [-0.715278983, 7.529316902], [-0.718227983, 7.528476238], [-0.72437501, 7.527391911], [-0.727326989, 7.526570797], [-0.735019028, 7.522715092], [-0.737972021, 7.521907806], [-0.744126022, 7.520868778], [-0.747075021, 7.52005291], [-0.754665017, 7.515965939], [-0.76030302, 7.513717175], [-0.767902017, 7.509645939], [-0.770852983, 7.508837223], [-0.777019024, 7.507815838], [-0.779972017, 7.506996155], [-0.782558978, 7.505725861], [-0.78758198, 7.502717972], [-0.79459101, 7.499094009], [-0.796595991, 7.497787952], [-0.802852988, 7.492926121], [-0.804858029, 7.491721153], [-0.806868017, 7.491171837], [-0.808569014, 7.491443157], [-0.810304999, 7.492204189], [-0.820885003, 7.497897148], [-0.837752998, 7.505906105], [-0.861957014, 7.5122509], [-0.869240999, 7.513950825], [-0.876151979, 7.514867783], [-0.882718027, 7.514978886], [-0.889078975, 7.514422894], [-0.892055988, 7.513648033], [-0.899788976, 7.509847164], [-0.911763012, 7.506917953], [-0.919511974, 7.503094196], [-0.922497988, 7.502303123], [-0.928879976, 7.501694202], [-0.935424984, 7.501730919], [-0.938665986, 7.502004147], [-0.941815972, 7.502604008], [-0.944065988, 7.503366947], [-0.948264003, 7.505602837], [-0.950652003, 7.50745821], [-0.952857971, 7.509550095], [-0.956268013, 7.513585091], [-0.960097015, 7.520215034], [-0.962875009, 7.523806095], [-0.964636981, 7.525197029], [-0.966615021, 7.526295185], [-0.968757987, 7.527101994], [-0.971831977, 7.527719975], [-0.975039005, 7.528005123], [-0.984809995, 7.528400898], [-0.987959027, 7.528772831], [-0.990953982, 7.529518127], [-0.998758018, 7.533218861], [-1.002022028, 7.534030914], [-1.008998036, 7.534577847], [-1.02700305, 7.53471899], [-1.034013987, 7.535346031], [-1.03729403, 7.536189079], [-1.042440057, 7.538630009], [-1.044973969, 7.539557934], [-1.047726989, 7.539717197], [-1.04973495, 7.539237976], [-1.051633954, 7.5383358], [-1.053346038, 7.537056923], [-1.054805994, 7.535425186], [-1.063084006, 7.521155834], [-1.066717029, 7.514331818], [-1.069592953, 7.511000156], [-1.071280003, 7.509730816], [-1.076583982, 7.506940842], [-1.078328967, 7.50566721], [-1.079920053, 7.504124165], [-1.082741976, 7.500157833], [-1.086900949, 7.492716789], [-1.092033982, 7.485272884], [-1.115779996, 7.477901936], [-1.122468948, 7.475009918], [-1.127606988, 7.471929073], [-1.130224943, 7.470673084], [-1.133448005, 7.469841003], [-1.140333056, 7.469301224], [-1.165187001, 7.469339848], [-1.172044992, 7.468773842], [-1.175250053, 7.467965126], [-1.183006048, 7.464265823], [-1.186318994, 7.46344614], [-1.193411946, 7.462903023], [-1.207944036, 7.462632179], [-1.211441994, 7.462246895], [-1.214756012, 7.461423874], [-1.222512007, 7.457714081], [-1.225716949, 7.456898212], [-1.229099035, 7.45649004], [-1.236103058, 7.456227779], [-1.253900051, 7.456198215], [-1.260921955, 7.456426144], [-1.264315963, 7.456818104], [-1.267536044, 7.45762682], [-1.275225997, 7.461606979], [-1.280864954, 7.463931084], [-1.28846097, 7.468176842], [-1.294142962, 7.470479012], [-1.306555033, 7.477371216], [-1.30844903, 7.478650093], [-1.31013298, 7.48014307], [-1.311519027, 7.481900215], [-1.312621951, 7.483869076], [-1.313444972, 7.48599577], [-1.314115047, 7.489036083], [-1.31525898, 7.4984622], [-1.316035986, 7.501430035], [-1.319746971, 7.509181023], [-1.320582986, 7.512478828], [-1.320991039, 7.515950203], [-1.321244001, 7.523122787], [-1.321354032, 7.559515953], [-1.321725011, 7.578920841], [-1.320430994, 7.597654819], [-1.331745982, 7.602701187], [-1.338404059, 7.606050968], [-1.341431022, 7.60792923], [-1.351588964, 7.615987778], [-1.355834961, 7.618192196], [-1.35808897, 7.618937969], [-1.361240983, 7.619506836], [-1.367761016, 7.619853973], [-1.397578955, 7.619835854], [-1.400807023, 7.619585037], [-1.403902054, 7.618991852], [-1.406057954, 7.618195057]]]}}, {"type": "Feature", "properties": {"region": "Bono", "constituency_count": 12, "winner_party": "NDC", "winner_votes": 235681, "winner_pct": 53.75, "total_valid_votes": 438486, "party_votes": {"NPP": 192773, "GCPP": 636, "GFP": 0, "GUM": 719, "LPG": 174, "NDP": 271, "CPP": 880, "NDC": 235681, "APC": 776, "IND": 6576}}, "geometry": {"type": "Polygon", "coordinates": [[[-2.776673079, 7.002419949], [-2.78887105, 6.977413177], [-2.79105401, 6.975282192], [-2.79253602, 6.973241806], [-2.795068026, 6.968748093], [-2.797012091, 6.965953827], [-2.801511049, 6.96084404], [-2.808531046, 6.953723907], [-2.817822933, 6.944528103], [-2.823929071, 6.938980103], [-2.828304052, 6.936019897], [-2.833782911, 6.93355608], [-2.835488081, 6.932347775], [-2.836971998, 6.930857182], [-2.838267088, 6.929031849], [-2.839298964, 6.927010059], [-2.840055943, 6.924839973], [-2.840611935, 6.921751976], [-2.840835094, 6.918542862], [-2.840502024, 6.889015198], [-2.840651035, 6.882553101], [-2.840996981, 6.879426003], [-2.84175992, 6.876453876], [-2.84285903, 6.874164104], [-2.845604897, 6.869682789], [-2.848561049, 6.86359787], [-2.856707096, 6.842101097], [-2.867747068, 6.866679192], [-2.872442007, 6.876342773], [-2.874669075, 6.882062912], [-2.878964901, 6.889577866], [-2.881267071, 6.895182133], [-2.885555983, 6.902696133], [-2.887964964, 6.908268929], [-2.890440941, 6.911870003], [-2.895136118, 6.916708946], [-2.897733927, 6.918826103], [-2.900510073, 6.920578957], [-2.906110048, 6.923041821], [-2.908761978, 6.924704075], [-2.911278963, 6.926698208], [-2.921029091, 6.935567856], [-2.923609018, 6.937584877], [-2.927700043, 6.940073967], [-2.932626963, 6.942502022], [-2.93768692, 6.945453167], [-2.940294027, 6.946685791], [-2.943459988, 6.947484016], [-2.95022893, 6.948002815], [-2.985202074, 6.948040009], [-2.992099047, 6.947832108], [-2.995429039, 6.947452068], [-2.998579025, 6.946644783], [-3.006181955, 6.942557812], [-3.011789083, 6.940193176], [-3.019404888, 6.936077118], [-3.022377014, 6.935295105], [-3.028707027, 6.934824944], [-3.035043001, 6.935313225], [-3.038037062, 6.936086178], [-3.045866013, 6.939855099], [-3.048870087, 6.940624237], [-3.058425903, 6.941671848], [-3.061511993, 6.942303181], [-3.063674927, 6.943102837], [-3.065674067, 6.944188118], [-3.067459106, 6.945558071], [-3.068969965, 6.947230816], [-3.070261955, 6.949112892], [-3.072798967, 6.95386982], [-3.077295065, 6.961389065], [-3.07961297, 6.967018127], [-3.083641052, 6.9746418], [-3.084414959, 6.977600098], [-3.08574605, 6.990149021], [-3.086530924, 6.99310112], [-3.090346098, 7.00079298], [-3.091104984, 7.003601074], [-3.091717958, 7.009596825], [-3.092396975, 7.028808117], [-3.093807936, 7.046434879], [-3.090312004, 7.052660942], [-3.07652998, 7.059156895], [-3.071141958, 7.06054306], [-3.051903963, 7.065493107], [-3.040198088, 7.068503857], [-3.035837889, 7.071743965], [-3.027152061, 7.138442993], [-3.001837969, 7.167612076], [-3.000032902, 7.170033932], [-2.969449043, 7.211091042], [-2.954354048, 7.235057831], [-2.972425938, 7.261415958], [-2.976835966, 7.269898891], [-2.977364063, 7.275258064], [-2.977560043, 7.277254105], [-2.971520901, 7.333005905], [-2.969141006, 7.354969978], [-2.958719015, 7.394540787], [-2.957047939, 7.399522781], [-2.950304031, 7.419624805], [-2.949282885, 7.449962139], [-2.944736004, 7.464457989], [-2.940618038, 7.470449924], [-2.934699059, 7.486558914], [-2.933546066, 7.499086857], [-2.933377028, 7.500930786], [-2.931478977, 7.521573067], [-2.923466921, 7.608613014], [-2.921257019, 7.613380909], [-2.907084942, 7.643918991], [-2.88854003, 7.683882236], [-2.882848978, 7.699985981], [-2.873254061, 7.71931982], [-2.869390011, 7.731970787], [-2.85323596, 7.757740974], [-2.850621939, 7.761909962], [-2.849694014, 7.770454884], [-2.848624945, 7.780293941], [-2.835088968, 7.79390192], [-2.83166194, 7.800806046], [-2.830302954, 7.807013988], [-2.830358028, 7.820105076], [-2.81705904, 7.836007118], [-2.809015989, 7.840861797], [-2.798227072, 7.85078001], [-2.793096066, 7.86147213], [-2.791599035, 7.86458683], [-2.7856071, 7.920882225], [-2.782186031, 7.929852962], [-2.780884981, 7.949607849], [-2.766807079, 7.944612026], [-2.759643078, 7.939587116], [-2.754296064, 7.927661896], [-2.749670029, 7.922737122], [-2.745270967, 7.918054104], [-2.732717037, 7.948646069], [-2.699013948, 7.991950035], [-2.690155029, 8.0], [-2.682101965, 8.018568039], [-2.673052073, 8.027001381], [-2.660933971, 8.031593323], [-2.631155014, 8.039959908], [-2.604666948, 8.040000916], [-2.600106001, 8.042380333], [-2.592008114, 8.052630424], [-2.588551044, 8.064628601], [-2.588279963, 8.074504852], [-2.591516018, 8.087294579], [-2.603413105, 8.107036591], [-2.618148088, 8.130628586], [-2.621129036, 8.141820908], [-2.61918211, 8.148514748], [-2.609386921, 8.154436111], [-2.601826906, 8.168810844], [-2.594105005, 8.1746912], [-2.588310957, 8.172966003], [-2.575579882, 8.169988632], [-2.556461096, 8.170345306], [-2.552169085, 8.172122955], [-2.548917055, 8.173469543], [-2.522908926, 8.18800354], [-2.517901897, 8.190799713], [-2.508965969, 8.193491936], [-2.496696949, 8.202899933], [-2.494896889, 8.205226898], [-2.495965004, 8.213009834], [-2.497714043, 8.244883537], [-2.50000596, 8.256550789], [-2.500062943, 8.271929741], [-2.501419067, 8.307482719], [-2.504457951, 8.334056854], [-2.512727976, 8.369488716], [-2.516448021, 8.383195877], [-2.516149044, 8.391924858], [-2.51748991, 8.401770592], [-2.524446011, 8.440672874], [-2.533049107, 8.480922699], [-2.539649963, 8.500546455], [-2.542467117, 8.515417099], [-2.546410084, 8.528660774], [-2.548975945, 8.542392731], [-2.562119961, 8.614937782], [-2.56261611, 8.628933907], [-2.565403938, 8.641972542], [-2.567121983, 8.659623146], [-2.573952913, 8.690958977], [-2.573441982, 8.700613022], [-2.57567811, 8.708838463], [-2.582807064, 8.752160072], [-2.587167025, 8.778669357], [-2.590847969, 8.784797668], [-2.589775085, 8.785096169], [-2.583659887, 8.783485413], [-2.580866098, 8.782359123], [-2.573146105, 8.77767086], [-2.566041946, 8.774148941], [-2.561642885, 8.770960808], [-2.557384014, 8.766643524], [-2.554788113, 8.763035774], [-2.552284956, 8.758234024], [-2.551033974, 8.756295204], [-2.549567938, 8.754550934], [-2.547828913, 8.753081322], [-2.545892, 8.751832008], [-2.54105401, 8.749408722], [-2.53350091, 8.744967461], [-2.527784109, 8.742781639], [-2.5201931, 8.738365173], [-2.513077021, 8.734918594], [-2.508651018, 8.731768608], [-2.504395962, 8.727493286], [-2.501912117, 8.723890305], [-2.49960494, 8.718272209], [-2.495260954, 8.710778236], [-2.493030071, 8.705143929], [-2.488656044, 8.697677612], [-2.486413956, 8.692054749], [-2.482033014, 8.684593201], [-2.479691982, 8.679009438], [-2.478132963, 8.676564217], [-2.470383883, 8.667404175], [-2.468827963, 8.664958], [-2.466420889, 8.659399033], [-2.464862108, 8.656953812], [-2.462976933, 8.654643059], [-2.458759069, 8.650202751], [-2.443197012, 8.634993553], [-2.438968897, 8.630558968], [-2.437082052, 8.628248215], [-2.435529947, 8.625798225], [-2.43323493, 8.62019825], [-2.428913116, 8.612713814], [-2.426615953, 8.607113838], [-2.425064087, 8.604663849], [-2.423177004, 8.602355003], [-2.418946981, 8.597917557], [-2.401185036, 8.580528259], [-2.397203922, 8.575989723], [-2.395631075, 8.573551178], [-2.393290043, 8.567967415], [-2.390396118, 8.562982559], [-2.389144897, 8.560412407], [-2.388468027, 8.557884216], [-2.388109922, 8.555225372], [-2.387569904, 8.547031403], [-2.387207031, 8.544374466], [-2.386526108, 8.541848183], [-2.382561922, 8.534219742], [-2.381866932, 8.531888962], [-2.380574942, 8.524565697], [-2.379874945, 8.522232056], [-2.375673056, 8.514701843], [-2.373403072, 8.509085655], [-2.368993044, 8.50164032], [-2.366744995, 8.496017456], [-2.362382889, 8.488553047], [-2.360063076, 8.482959747], [-2.358505964, 8.480511665], [-2.356616974, 8.478203773], [-2.352386951, 8.473768234], [-2.327995062, 8.449842453], [-2.324037075, 8.445297241], [-2.322474957, 8.44285202], [-2.320151091, 8.437260628], [-2.315768003, 8.429803848], [-2.313515902, 8.424183846], [-2.309322119, 8.416648865], [-2.308623075, 8.414317131], [-2.307323933, 8.406996727], [-2.306622028, 8.404664993], [-2.302633047, 8.397047997], [-2.30192709, 8.394427299], [-2.301395893, 8.388827324], [-2.301009893, 8.377346992], [-2.300638914, 8.374591827], [-2.299916029, 8.371977806], [-2.295886993, 8.364377022], [-2.295130014, 8.361633301], [-2.294747114, 8.358736038], [-2.294493914, 8.35272789], [-2.294471979, 8.328300476], [-2.293946981, 8.322403908], [-2.293209076, 8.319652557], [-2.289005995, 8.312111855], [-2.286726952, 8.306487083], [-2.282156944, 8.299027443], [-2.279689074, 8.294230461], [-2.278424025, 8.292305946], [-2.276941061, 8.290574074], [-2.275182962, 8.289114952], [-2.273231983, 8.287875175], [-2.268368959, 8.285470963], [-2.260797024, 8.281038284], [-2.255085945, 8.27885437], [-2.247509956, 8.274428368], [-2.242518902, 8.272112846], [-2.238373041, 8.269699097], [-2.235943079, 8.267846107], [-2.231380939, 8.26369381], [-2.225687027, 8.25769043], [-2.224041939, 8.255579948], [-2.222676992, 8.253351212], [-2.220321894, 8.247747421], [-2.21895504, 8.245519638], [-2.215497017, 8.24136734], [-2.209363937, 8.235293388], [-2.204605103, 8.231423378], [-2.202560902, 8.230154037], [-2.195420027, 8.226723671], [-2.18779397, 8.222167969], [-2.182903051, 8.219772339], [-2.180957079, 8.218535423], [-2.179229021, 8.217066765], [-2.177824974, 8.215308189], [-2.176728964, 8.213319778], [-2.175935984, 8.211159706], [-2.175415993, 8.2084589], [-2.175185919, 8.205659866], [-2.174894094, 8.194259644], [-2.174546003, 8.191534042], [-2.173811913, 8.188964844], [-2.172514915, 8.186599731], [-2.168925047, 8.182275772], [-2.160667896, 8.174066544], [-2.153964996, 8.167907715], [-2.149499893, 8.164770126], [-2.142395973, 8.161261559], [-2.13376689, 8.155880928], [-2.125475883, 8.15218544], [-2.109915972, 8.145951271], [-2.111433983, 8.141474724], [-2.114267111, 8.134393692], [-2.115956068, 8.131038666], [-2.119277, 8.125596046], [-2.120583057, 8.122881889], [-2.121421099, 8.119538307], [-2.121906996, 8.112500191], [-2.121838093, 8.094622612], [-2.122371912, 8.087712288], [-2.123197079, 8.084483147], [-2.127018929, 8.076782227], [-2.127808094, 8.073827744], [-2.128319979, 8.067550659], [-2.127846003, 8.061238289], [-2.127038956, 8.058245659], [-2.125740051, 8.055608749], [-2.118221045, 8.043421745], [-2.10878396, 8.031327248], [-2.086070061, 8.031809807], [-2.080739021, 8.031598091], [-2.078202009, 8.031255722], [-2.075807095, 8.030596733], [-2.073843956, 8.029650688], [-2.068178892, 8.026209831], [-2.061058044, 8.022747993], [-2.057219982, 8.020065308], [-2.053904057, 8.01693821], [-2.051058054, 8.013497353], [-2.04994297, 8.011636734], [-2.04767108, 8.006001472], [-2.046199083, 8.003623962], [-2.042414904, 7.999214172], [-1.999765992, 7.95720911], [-1.99358201, 7.95082283], [-1.991768003, 7.948588848], [-1.990283966, 7.946224213], [-1.987987041, 7.940612793], [-1.986595035, 7.93835783], [-1.984892011, 7.93622303], [-1.975146055, 7.925601959], [-1.971740961, 7.920750141], [-1.965165973, 7.909864902], [-1.984480023, 7.902206898], [-1.988289952, 7.900344849], [-1.995952964, 7.895507812], [-2.003004074, 7.891963959], [-2.005014896, 7.890672207], [-2.00970006, 7.886769772], [-2.02046895, 7.876176834], [-2.024509907, 7.872505188], [-2.026618004, 7.870880127], [-2.028845072, 7.869525909], [-2.034450054, 7.867160797], [-2.03668499, 7.865814209], [-2.038810015, 7.864198208], [-2.046823025, 7.85667181], [-2.050533056, 7.852649212], [-2.052184105, 7.850552082], [-2.053560019, 7.848343849], [-2.055888891, 7.842764854], [-2.059964895, 7.835199833], [-2.060712099, 7.832236767], [-2.061187983, 7.825893879], [-2.061142921, 7.816082954], [-2.060807943, 7.809611797], [-2.060376883, 7.806489944], [-2.059551954, 7.803535938], [-2.0557549, 7.79599905], [-2.055324078, 7.793204784], [-2.055696011, 7.790410995], [-2.05676198, 7.78790617], [-2.059371948, 7.782885075], [-2.060216904, 7.779959202], [-2.061341047, 7.773852825], [-2.06220293, 7.770922184], [-2.066164017, 7.763279915], [-2.066879034, 7.760346889], [-2.067089081, 7.757289886], [-2.066869974, 7.754236221], [-2.066138983, 7.751307011], [-2.06487608, 7.748743057], [-2.061930895, 7.743756771], [-2.059571981, 7.738154888], [-2.055125952, 7.730703831], [-2.052809954, 7.725103855], [-2.048402071, 7.717654228], [-2.046109915, 7.712049007], [-2.041964054, 7.704495907], [-2.04113698, 7.701560974], [-2.040087938, 7.695446014], [-2.039258957, 7.692512989], [-2.035108089, 7.684961796], [-2.032804012, 7.67936182], [-2.028373003, 7.671923161], [-2.026056051, 7.666327953], [-2.021903038, 7.658771992], [-2.021126032, 7.655814171], [-2.019849062, 7.643212795], [-2.019047022, 7.640252113], [-2.015058994, 7.632594109], [-2.014307022, 7.629661083], [-2.014058113, 7.626606941], [-2.014230967, 7.623550892], [-2.014916897, 7.620616913], [-2.016134024, 7.618051052], [-2.019001961, 7.613059998], [-2.021364927, 7.607487202], [-2.022980928, 7.604972839], [-2.027057886, 7.600296974], [-2.060390949, 7.567292213], [-2.064549923, 7.563893795], [-2.066778898, 7.562542915], [-2.072387934, 7.560185909], [-2.074624062, 7.558838844], [-2.07675004, 7.557225227], [-2.08082509, 7.553581238], [-2.086664915, 7.547709942], [-2.090121984, 7.543582916], [-2.091495991, 7.541374207], [-2.093822956, 7.535799026], [-2.097884893, 7.528238773], [-2.098624945, 7.52528286], [-2.099076986, 7.518949986], [-2.098885059, 7.489422798], [-2.099416018, 7.482811928], [-2.10099411, 7.47648716], [-2.10691905, 7.459464073], [-2.113620043, 7.454359055], [-2.114933014, 7.453001022], [-2.116763115, 7.450130939], [-2.117932081, 7.447038174], [-2.118837118, 7.440659046], [-2.119801044, 7.437779903], [-2.128035069, 7.420771122], [-2.133723974, 7.41200304], [-2.136631966, 7.406182766], [-2.139086962, 7.398910046], [-2.143119097, 7.391098976], [-2.143939018, 7.388143063], [-2.145015001, 7.382028103], [-2.145838022, 7.37909317], [-2.149687052, 7.371376038], [-2.150366068, 7.369058132], [-2.151132107, 7.364089012], [-2.154001951, 7.337042809], [-2.15427494, 7.333856106], [-2.155019999, 7.33133316], [-2.156446934, 7.32866478], [-2.158345938, 7.326245785], [-2.160553932, 7.324140072], [-2.162591934, 7.322636127], [-2.169764042, 7.318740845], [-2.174860001, 7.31568718], [-2.177484035, 7.314443111], [-2.180490017, 7.313700199], [-2.183657885, 7.313368797], [-2.200139999, 7.313226223], [-2.20339489, 7.313004971], [-2.206552029, 7.312461853], [-2.208801031, 7.311735153], [-2.212985992, 7.309546947], [-2.215358019, 7.307712078], [-2.219511032, 7.303407192], [-2.221929073, 7.299767017], [-2.224297047, 7.294163227], [-2.225399971, 7.292295933], [-2.228451967, 7.288495064], [-2.230334044, 7.286569118], [-2.234416008, 7.283136845], [-2.236639023, 7.281777859], [-2.242238045, 7.279380798], [-2.24447608, 7.278030872], [-2.248662949, 7.274649143], [-2.262034893, 7.261526108], [-2.266251087, 7.256658077], [-2.26791501, 7.254043102], [-2.270237923, 7.248473167], [-2.274230957, 7.24089098], [-2.275021076, 7.237955093], [-2.27602005, 7.231846809], [-2.276817083, 7.228916168], [-2.280842066, 7.221348763], [-2.283093929, 7.215754032], [-2.287396908, 7.208301067], [-2.289671898, 7.202716827], [-2.29399991, 7.195273876], [-2.296289921, 7.189693928], [-2.300364971, 7.182140827], [-2.301126957, 7.179190159], [-2.301489115, 7.176072121], [-2.301687002, 7.169614792], [-2.30162406, 7.156506062], [-2.301354885, 7.150045872], [-2.300952911, 7.146924019], [-2.30013299, 7.143966198], [-2.298806906, 7.141383171], [-2.295537949, 7.136346817], [-2.292738914, 7.130555153], [-2.290339947, 7.12426281], [-2.284267902, 7.106777191], [-2.305762053, 7.104549885], [-2.309053898, 7.104376793], [-2.314657927, 7.104493141], [-2.31733799, 7.104831219], [-2.320343971, 7.105624199], [-2.328128099, 7.109535217], [-2.331118107, 7.110325813], [-2.337498903, 7.110908985], [-2.344031096, 7.110901833], [-2.350399017, 7.110302925], [-2.353378057, 7.109498024], [-2.361104012, 7.105566978], [-2.364080906, 7.10476923], [-2.370414972, 7.104251862], [-2.376760006, 7.10469389], [-2.379745007, 7.105466843], [-2.387409925, 7.109569073], [-2.393066883, 7.11188221], [-2.400629044, 7.116221905], [-2.406325102, 7.118525982], [-2.414036989, 7.123095989], [-2.421497107, 7.126922131], [-2.426304102, 7.130311012], [-2.434640884, 7.137526989], [-2.450668097, 7.145628929], [-2.456675053, 7.148190975], [-2.459676981, 7.149103165], [-2.469276905, 7.150551796], [-2.472266912, 7.151357174], [-2.474869967, 7.152619839], [-2.47991991, 7.155598164], [-2.486958027, 7.15914917], [-2.498361111, 7.167191982], [-2.505398989, 7.170739174], [-2.510442972, 7.173715115], [-2.513034105, 7.174980164], [-2.515990019, 7.17580986], [-2.52214098, 7.176871777], [-2.525099993, 7.177690029], [-2.532845974, 7.181502819], [-2.535836935, 7.182248116], [-2.538989067, 7.182603836], [-2.551995993, 7.183069229], [-2.555145025, 7.183446884], [-2.55813098, 7.184222221], [-2.565891981, 7.188138008], [-2.568876982, 7.188934803], [-2.572017908, 7.189322948], [-2.578438044, 7.189374924], [-2.581583023, 7.189031124], [-2.584568977, 7.188264847], [-2.587169886, 7.187012196], [-2.592217922, 7.184023857], [-2.599246979, 7.180463791], [-2.603600025, 7.177275181], [-2.605776072, 7.175193787], [-2.607758999, 7.172963142], [-2.610166073, 7.169328213], [-2.613358974, 7.161670208], [-2.616940022, 7.15570116], [-2.619838953, 7.152120113], [-2.621495962, 7.150607109], [-2.62539506, 7.147911072], [-2.629384041, 7.145666122], [-2.631388903, 7.144794941], [-2.634392977, 7.144020081], [-2.640604019, 7.143046856], [-2.643573999, 7.142264843], [-2.651302099, 7.138491154], [-2.654261112, 7.137691021], [-2.660412073, 7.136659145], [-2.66336298, 7.135845184], [-2.670969009, 7.131796837], [-2.676606894, 7.12954998], [-2.684109926, 7.125263214], [-2.689747095, 7.123009205], [-2.697256088, 7.11856699], [-2.704265118, 7.115046024], [-2.708467007, 7.112154007], [-2.714833021, 7.107154846], [-2.717073917, 7.105811119], [-2.722676039, 7.103411198], [-2.724905014, 7.102049828], [-2.727005959, 7.100422859], [-2.73091197, 7.096705914], [-2.734011889, 7.092939854], [-2.735129118, 7.091090202], [-2.737432957, 7.08549881], [-2.741427898, 7.077898026], [-2.742212057, 7.07495594], [-2.74319911, 7.068839073], [-2.743994951, 7.065903187], [-2.748028994, 7.058341026], [-2.750271082, 7.052741051], [-2.754570007, 7.045288086], [-2.75681901, 7.039694786], [-2.761101961, 7.032233238], [-2.763339996, 7.026636124], [-2.767621994, 7.019176006], [-2.769901991, 7.013574123], [-2.774640083, 7.006107807], [-2.776673079, 7.002419949]]]}}, {"type": "Feature", "properties": {"region": "Western North", "constituency_count": 9, "winner_party": "NDC", "winner_votes": 202689, "winner_pct": 61.05, "total_valid_votes": 332011, "party_votes": {"NPP": 124024, "GCPP": 546, "GFP": 0, "GUM": 627, "LPG": 135, "NDP": 120, "CPP": 942, "NDC": 202689, "APC": 579, "IND": 2349}}, "geometry": {"type": "Polygon", "coordinates": [[[-2.486032963, 5.906150818], [-2.485761881, 5.87635088], [-2.485961914, 5.869907856], [-2.486366034, 5.866808891], [-2.487225056, 5.863895893], [-2.488646984, 5.861395836], [-2.496254921, 5.852186203], [-2.497649908, 5.849697113], [-2.498435974, 5.846814156], [-2.498656988, 5.843787193], [-2.498425007, 5.840751171], [-2.497678995, 5.837827206], [-2.493730068, 5.830149174], [-2.492918015, 5.827186108], [-2.49250102, 5.824063778], [-2.491842031, 5.811135769], [-2.491420984, 5.807995796], [-2.490597963, 5.805009842], [-2.48662591, 5.797261238], [-2.485892057, 5.794350147], [-2.485702038, 5.791409969], [-2.486042023, 5.788654804], [-2.487081051, 5.786383152], [-2.489016056, 5.784825802], [-2.496069908, 5.781214237], [-2.498356104, 5.780803204], [-2.500394106, 5.781374931], [-2.502419949, 5.782612801], [-2.504431963, 5.784239769], [-2.517366886, 5.797009945], [-2.522152901, 5.800973892], [-2.524224043, 5.802213192], [-2.526396036, 5.803221226], [-2.528645992, 5.803947926], [-2.531765938, 5.804400921], [-2.534902096, 5.804330826], [-2.537933111, 5.803706169], [-2.539949894, 5.802863121], [-2.545841932, 5.799248219], [-2.547595024, 5.797764778], [-2.548995972, 5.796160221], [-2.550067902, 5.794354916], [-2.550930977, 5.791473866], [-2.551294088, 5.78835392], [-2.55144906, 5.772013187], [-2.55181098, 5.768883228], [-2.552640915, 5.765945911], [-2.554050922, 5.763429165], [-2.555892944, 5.761088848], [-2.566349983, 5.750134945], [-2.567785978, 5.747972012], [-2.568384886, 5.745804787], [-2.567687988, 5.743439198], [-2.566041946, 5.741071224], [-2.561547995, 5.736337185], [-2.549362898, 5.72439909], [-2.547231913, 5.721889973], [-2.545459032, 5.719234943], [-2.542979002, 5.713671207], [-2.54008007, 5.708665848], [-2.538850069, 5.706092834], [-2.538136005, 5.703162193], [-2.537926912, 5.700109959], [-2.538139105, 5.697061062], [-2.538845062, 5.694128036], [-2.542659998, 5.686429024], [-2.543431044, 5.683458805], [-2.544426918, 5.673977852], [-2.545032978, 5.670907974], [-2.545808077, 5.668746948], [-2.546854019, 5.666735172], [-2.548160076, 5.664916039], [-2.549648046, 5.663430214], [-2.551347971, 5.662212849], [-2.556672096, 5.65961504], [-2.558377028, 5.658400059], [-2.559871912, 5.656916142], [-2.561184883, 5.655101776], [-2.562236071, 5.653093815], [-2.563013077, 5.650938034], [-2.563610077, 5.647730827], [-2.563920021, 5.641005993], [-2.563357115, 5.579630852], [-2.563822031, 5.573032856], [-2.564583063, 5.56994915], [-2.56861496, 5.562385082], [-2.570995092, 5.55684185], [-2.572721958, 5.554197788], [-2.577090979, 5.549276829], [-2.591489077, 5.534955025], [-2.593525887, 5.532409191], [-2.595055103, 5.529676914], [-2.595788956, 5.526765823], [-2.595899105, 5.523727894], [-2.595438004, 5.520712852], [-2.594679117, 5.518568039], [-2.593610048, 5.516555786], [-2.59226799, 5.514728069], [-2.590743065, 5.513229847], [-2.589006901, 5.512000084], [-2.583586931, 5.509372234], [-2.581831932, 5.508152962], [-2.580256939, 5.506678104], [-2.577531099, 5.502946854], [-2.574953079, 5.498137951], [-2.571866989, 5.493114948], [-2.570606947, 5.490520954], [-2.569910049, 5.487569809], [-2.569782019, 5.484510899], [-2.57020402, 5.481486797], [-2.570928097, 5.479334831], [-2.571960926, 5.47731781], [-2.57326889, 5.475482941], [-2.574767113, 5.473978996], [-2.576473951, 5.472742081], [-2.581859112, 5.470110893], [-2.583606958, 5.468887806], [-2.585175037, 5.467401981], [-2.586613894, 5.465585232], [-2.587881088, 5.463585854], [-2.590465069, 5.458542824], [-2.595556974, 5.450160027], [-2.597280025, 5.4464221], [-2.599354029, 5.440910816], [-2.607794046, 5.424500942], [-2.611066103, 5.418722153], [-2.612850904, 5.416040897], [-2.619400978, 5.407855034], [-2.620687008, 5.405718803], [-2.622937918, 5.400109768], [-2.627187014, 5.392615795], [-2.629425049, 5.386998177], [-2.631865978, 5.383399963], [-2.636073112, 5.379124165], [-2.640460014, 5.375978947], [-2.64753294, 5.372526169], [-2.655061007, 5.368091106], [-2.66072607, 5.365887165], [-2.668222904, 5.361571789], [-2.673882008, 5.359358788], [-2.681487083, 5.355236053], [-2.683855057, 5.354549885], [-2.691385031, 5.353305817], [-2.693824053, 5.352594852], [-2.696533918, 5.351226807], [-2.702970028, 5.347040176], [-2.7262609, 5.345955849], [-2.72627902, 5.35037899], [-2.726392984, 5.379182816], [-2.728708029, 5.383087158], [-2.731973886, 5.395962238], [-2.739773989, 5.409896851], [-2.741230011, 5.412499905], [-2.743675947, 5.418375015], [-2.75050807, 5.434786797], [-2.760637045, 5.496891022], [-2.770462036, 5.540579796], [-2.770483017, 5.541605949], [-2.770742893, 5.553469181], [-2.762861013, 5.59354496], [-2.768862009, 5.600194931], [-2.775068045, 5.600627899], [-2.773961067, 5.610991955], [-2.776267052, 5.612594128], [-2.785917044, 5.612325191], [-2.788948059, 5.623590946], [-2.795597076, 5.619651794], [-2.802489042, 5.619164944], [-2.807995081, 5.624040127], [-2.812154055, 5.628158092], [-2.823143959, 5.628938198], [-2.824110985, 5.629007816], [-2.840723038, 5.640186787], [-2.856848001, 5.64699316], [-2.861727953, 5.655939102], [-2.865375042, 5.651083946], [-2.870876074, 5.648980141], [-2.873136997, 5.642523766], [-2.879106045, 5.6415658], [-2.892421007, 5.632453918], [-2.89677, 5.624025822], [-2.90377593, 5.624022007], [-2.907596111, 5.621467113], [-2.920964956, 5.619543076], [-2.928384066, 5.612217903], [-2.933439016, 5.611967087], [-2.939203024, 5.617005825], [-2.946835041, 5.628252029], [-2.961091042, 5.630951881], [-2.967555046, 5.637139797], [-2.962409019, 5.671504974], [-2.956829071, 5.708757877], [-2.980953932, 5.707966805], [-2.991072893, 5.70930481], [-2.999335051, 5.70650816], [-3.010822058, 5.705771923], [-3.014966011, 5.707594872], [-3.025538921, 5.707551956], [-3.025511026, 5.711001873], [-3.02538991, 5.726624012], [-3.025244951, 5.745751858], [-3.022748947, 5.753585815], [-3.020153046, 5.79064703], [-3.021111965, 5.800077915], [-3.018445969, 5.821487904], [-3.018404961, 5.852431774], [-3.01839304, 5.862218857], [-3.045552015, 5.923080921], [-3.046269894, 5.929521084], [-3.060640097, 5.956611156], [-3.063210011, 5.965803146], [-3.064512014, 5.968882084], [-3.079236984, 6.00369978], [-3.087496996, 6.051520824], [-3.090992928, 6.062551975], [-3.091984034, 6.078423977], [-3.093745947, 6.088794231], [-3.094105959, 6.090909004], [-3.103996038, 6.149061203], [-3.10402298, 6.149231911], [-3.126281023, 6.190548897], [-3.135251999, 6.208834171], [-3.141597033, 6.221767902], [-3.144397974, 6.230957985], [-3.153660059, 6.244720936], [-3.167917967, 6.244887829], [-3.177345037, 6.243461132], [-3.173252106, 6.254989147], [-3.174582958, 6.295008183], [-3.175873041, 6.304717064], [-3.176964045, 6.312942982], [-3.180886984, 6.315915108], [-3.185761929, 6.326015949], [-3.186527967, 6.342576027], [-3.190236092, 6.348768234], [-3.193509102, 6.360487938], [-3.209038973, 6.424684048], [-3.227971077, 6.502924919], [-3.228995085, 6.507159233], [-3.236648083, 6.538784981], [-3.23625803, 6.547819138], [-3.234152079, 6.596523762], [-3.243603945, 6.600852013], [-3.254920006, 6.609539986], [-3.255419016, 6.618508816], [-3.252676964, 6.622430801], [-3.248404026, 6.64360714], [-3.239701986, 6.652616024], [-3.23742795, 6.657217979], [-3.236054897, 6.659990788], [-3.229854107, 6.66231823], [-3.218715906, 6.692030907], [-3.207493067, 6.703812122], [-3.204046965, 6.704743862], [-3.201093912, 6.71257782], [-3.196959019, 6.714437962], [-3.197205067, 6.717652798], [-3.202311039, 6.727519989], [-3.208090067, 6.733242989], [-3.210227966, 6.747722149], [-3.222425938, 6.756701946], [-3.22823596, 6.760980129], [-3.232419968, 6.769927979], [-3.232112885, 6.77485323], [-3.229418993, 6.818000793], [-3.19777298, 6.87034893], [-3.155411005, 6.940417767], [-3.143512964, 6.956793785], [-3.142621994, 6.9627738], [-3.133929968, 6.974997044], [-3.13232708, 6.977850914], [-3.103641987, 7.028925896], [-3.093807936, 7.046434879], [-3.092396975, 7.028808117], [-3.091717958, 7.009596825], [-3.091104984, 7.003601074], [-3.090346098, 7.00079298], [-3.086530924, 6.99310112], [-3.08574605, 6.990149021], [-3.084414959, 6.977600098], [-3.083641052, 6.9746418], [-3.07961297, 6.967018127], [-3.077295065, 6.961389065], [-3.072798967, 6.95386982], [-3.070261955, 6.949112892], [-3.068969965, 6.947230816], [-3.067459106, 6.945558071], [-3.065674067, 6.944188118], [-3.063674927, 6.943102837], [-3.061511993, 6.942303181], [-3.058425903, 6.941671848], [-3.048870087, 6.940624237], [-3.045866013, 6.939855099], [-3.038037062, 6.936086178], [-3.035043001, 6.935313225], [-3.028707027, 6.934824944], [-3.022377014, 6.935295105], [-3.019404888, 6.936077118], [-3.011789083, 6.940193176], [-3.006181955, 6.942557812], [-2.998579025, 6.946644783], [-2.995429039, 6.947452068], [-2.992099047, 6.947832108], [-2.985202074, 6.948040009], [-2.95022893, 6.948002815], [-2.943459988, 6.947484016], [-2.940294027, 6.946685791], [-2.93768692, 6.945453167], [-2.932626963, 6.942502022], [-2.927700043, 6.940073967], [-2.923609018, 6.937584877], [-2.921029091, 6.935567856], [-2.911278963, 6.926698208], [-2.908761978, 6.924704075], [-2.906110048, 6.923041821], [-2.900510073, 6.920578957], [-2.897733927, 6.918826103], [-2.895136118, 6.916708946], [-2.890440941, 6.911870003], [-2.887964964, 6.908268929], [-2.885555983, 6.902696133], [-2.881267071, 6.895182133], [-2.878964901, 6.889577866], [-2.874669075, 6.882062912], [-2.872442007, 6.876342773], [-2.867747068, 6.866679192], [-2.856707096, 6.842101097], [-2.850506067, 6.833560944], [-2.848963022, 6.830688953], [-2.847891092, 6.827486992], [-2.846465111, 6.821042061], [-2.845511913, 6.818017006], [-2.841306925, 6.810290813], [-2.838901997, 6.804684162], [-2.836065054, 6.799658775], [-2.83484292, 6.797070026], [-2.833978891, 6.79370594], [-2.83356905, 6.790156841], [-2.833332062, 6.782821178], [-2.832854033, 6.671419144], [-2.83265996, 6.663843155], [-2.831902981, 6.650959015], [-2.8316679, 6.637972832], [-2.803786039, 6.634570122], [-2.793908119, 6.634288788], [-2.789096117, 6.633835793], [-2.786833048, 6.633221149], [-2.784843922, 6.632243156], [-2.778979063, 6.628586769], [-2.77272296, 6.625967979], [-2.769051075, 6.62328577], [-2.767163992, 6.621321201], [-2.742405891, 6.607896805], [-2.735955954, 6.604651928], [-2.730165005, 6.602410793], [-2.721039057, 6.600101948], [-2.713258028, 6.596333027], [-2.710094929, 6.595545769], [-2.703344107, 6.594998837], [-2.668368101, 6.595153809], [-2.661447048, 6.594972134], [-2.658092022, 6.594606876], [-2.654906034, 6.593819141], [-2.65227294, 6.592610836], [-2.644426107, 6.588286877], [-2.640516996, 6.585866928], [-2.638823986, 6.584364891], [-2.637418032, 6.58260107], [-2.636276007, 6.580626965], [-2.63538909, 6.578503132], [-2.632961988, 6.569396019], [-2.628750086, 6.561243057], [-2.627499104, 6.557810783], [-2.6257689, 6.550275803], [-2.624372005, 6.541771889], [-2.614813089, 6.535155773], [-2.609956026, 6.532076836], [-2.608100891, 6.531096935], [-2.602104902, 6.528637886], [-2.594364882, 6.524281979], [-2.588671923, 6.521992207], [-2.581084013, 6.517730236], [-2.57542491, 6.515454769], [-2.567840099, 6.511222839], [-2.562165022, 6.508953094], [-2.554527998, 6.504581928], [-2.547419071, 6.50107193], [-2.542989016, 6.497929096], [-2.538784027, 6.493652821], [-2.537503004, 6.491878033], [-2.53649497, 6.48997879], [-2.535599947, 6.486815929], [-2.535204887, 6.483442783], [-2.535037041, 6.476442814], [-2.535131931, 6.455235958], [-2.534590006, 6.448404789], [-2.533768892, 6.445217133], [-2.529687881, 6.437630177], [-2.527347088, 6.432027817], [-2.523047924, 6.424479008], [-2.520785093, 6.418767929], [-2.519778013, 6.416817188], [-2.516048908, 6.411027908], [-2.514569998, 6.409288883], [-2.512974977, 6.407888889], [-2.511183023, 6.406808853], [-2.508321047, 6.405903816], [-2.50198698, 6.405317783], [-2.465532064, 6.405561924], [-2.455617905, 6.406550884], [-2.430495024, 6.410721779], [-2.427429914, 6.408418179], [-2.425574064, 6.406084061], [-2.424262047, 6.403072834], [-2.423518896, 6.399756908], [-2.422802925, 6.389455795], [-2.422657013, 6.362898827], [-2.422380924, 6.35984993], [-2.421782017, 6.357076168], [-2.42059207, 6.354804039], [-2.418550014, 6.353215218], [-2.404757023, 6.346254826], [-2.393431902, 6.340182781], [-2.386353016, 6.34864521], [-2.381699085, 6.353738785], [-2.377690077, 6.357251167], [-2.376004934, 6.358360767], [-2.368869066, 6.362120152], [-2.364363909, 6.3652668], [-2.359761953, 6.369373798], [-2.354983091, 6.374314785], [-2.352920055, 6.376934052], [-2.35134697, 6.379755974], [-2.350490093, 6.382921219], [-2.350130081, 6.386288166], [-2.35029006, 6.41444397], [-2.349788904, 6.421258926], [-2.34899497, 6.424442768], [-2.345247984, 6.432123184], [-2.344485044, 6.43506813], [-2.343199968, 6.447576046], [-2.342437983, 6.450524807], [-2.33870697, 6.458215237], [-2.337961912, 6.46117115], [-2.337467909, 6.467494965], [-2.337599993, 6.483911991], [-2.337080002, 6.490230083], [-2.336199999, 6.493090153], [-2.335129023, 6.494882107], [-2.33373189, 6.496477127], [-2.331988096, 6.497951984], [-2.328062057, 6.500494957], [-2.324086905, 6.502420902], [-2.321034908, 6.503157139], [-2.31459403, 6.503555775], [-2.308198929, 6.503023148], [-2.305197001, 6.50222683], [-2.297493935, 6.498117924], [-2.29184103, 6.495763779], [-2.284281969, 6.491409779], [-2.278631926, 6.489060879], [-2.271074057, 6.484714031], [-2.265486002, 6.482508183], [-2.260677099, 6.480292797], [-2.258383989, 6.479825974], [-2.256083965, 6.480303764], [-2.25117898, 6.482367039], [-2.248225927, 6.483096123], [-2.245083094, 6.483506203], [-2.231846094, 6.483934879], [-2.22525692, 6.483572006], [-2.222122908, 6.482958794], [-2.219938993, 6.48214817], [-2.217937946, 6.481044769], [-2.216187954, 6.479642868], [-2.21477294, 6.477924824], [-2.213680983, 6.47596693], [-2.212924004, 6.473849773], [-2.212483883, 6.470843792], [-2.212600946, 6.467793941], [-2.213279963, 6.464839935], [-2.217097044, 6.45707798], [-2.217885971, 6.454101086], [-2.218285084, 6.450973988], [-2.218811035, 6.438092232], [-2.219177961, 6.434977055], [-2.219928026, 6.432021141], [-2.223663092, 6.424324036], [-2.224428892, 6.42137289], [-2.225775957, 6.408834934], [-2.226568937, 6.405873775], [-2.230391026, 6.398161888], [-2.231112003, 6.395226002], [-2.231333017, 6.392179012], [-2.231105089, 6.389139175], [-2.230324984, 6.386232853], [-2.228737116, 6.383413792], [-2.226639986, 6.380783081], [-2.221791983, 6.375807762], [-2.217155933, 6.3716712], [-2.214699984, 6.369819164], [-2.21055603, 6.367362022], [-2.197873116, 6.360836029], [-2.194878101, 6.360088825], [-2.191725969, 6.359731197], [-2.178723097, 6.359283924], [-2.175575972, 6.358917236], [-2.172583103, 6.35817194], [-2.164787054, 6.354417801], [-2.16178894, 6.353643894], [-2.158623934, 6.353244781], [-2.148670912, 6.352732182], [-2.145308971, 6.352389812], [-2.1419909, 6.35168314], [-2.138737917, 6.350361824], [-2.135682106, 6.348437786], [-2.133136034, 6.346183777], [-2.128370047, 6.340572834], [-2.121366978, 6.321024895], [-2.118299007, 6.314375877], [-2.116558075, 6.311861992], [-2.108592033, 6.302547932], [-2.106935024, 6.300086021], [-2.104372978, 6.295301914], [-2.103099108, 6.293385029], [-2.101603985, 6.291680813], [-2.099831104, 6.290284157], [-2.097830057, 6.289179802], [-2.095663071, 6.288375854], [-2.092551947, 6.287778854], [-2.089302063, 6.287529945], [-2.08266902, 6.287491798], [-2.053659916, 6.288067818], [-2.067383051, 6.274260998], [-2.077867031, 6.262867928], [-2.08189702, 6.259169102], [-2.084007025, 6.257538795], [-2.086229086, 6.25617218], [-2.091799021, 6.253735065], [-2.094033003, 6.252381802], [-2.102572918, 6.245773792], [-2.106666088, 6.243351936], [-2.111584902, 6.240968227], [-2.119103909, 6.236547947], [-2.124742031, 6.234293938], [-2.132275105, 6.23006916], [-2.137931108, 6.227828026], [-2.145514011, 6.22345686], [-2.152595043, 6.219972134], [-2.157002926, 6.216837883], [-2.161175966, 6.212566853], [-2.162446022, 6.210793972], [-2.163441896, 6.208898067], [-2.164262056, 6.205966949], [-2.164632082, 6.202847004], [-2.164782047, 6.19636488], [-2.164262056, 6.173336983], [-2.160656929, 6.143535137], [-2.167270899, 6.146412849], [-2.173676968, 6.148815155], [-2.176879883, 6.149679184], [-2.180347919, 6.150228024], [-2.18720603, 6.150654793], [-2.200577974, 6.150712013], [-2.20697093, 6.150170803], [-2.20994997, 6.149398804], [-2.224564075, 6.141635895], [-2.22656703, 6.14033699], [-2.231260061, 6.13644886], [-2.249469995, 6.118206978], [-2.253595114, 6.113381863], [-2.259138107, 6.1042099], [-2.260617018, 6.102530956], [-2.262365103, 6.101140022], [-2.264328003, 6.100024223], [-2.266444921, 6.099164009], [-2.275443077, 6.096865177], [-2.283216953, 6.093141079], [-2.286202908, 6.092403889], [-2.298863888, 6.091155052], [-2.301837921, 6.09039402], [-2.309572935, 6.086630821], [-2.312546968, 6.085861206], [-2.31891799, 6.08529377], [-2.332257032, 6.085247993], [-2.34621501, 6.08554697], [-2.361099958, 6.086303234], [-2.367398977, 6.076026917], [-2.370517015, 6.071310997], [-2.378968, 6.060938835], [-2.380258083, 6.058795929], [-2.382473946, 6.053168774], [-2.383764029, 6.051061153], [-2.392035007, 6.041283131], [-2.393315077, 6.039175034], [-2.395528078, 6.033565998], [-2.396887064, 6.031357765], [-2.400388002, 6.027262211], [-2.408143997, 6.019382954], [-2.411637068, 6.015285015], [-2.412988901, 6.013074875], [-2.415188074, 6.007459164], [-2.416539907, 6.00524807], [-2.420031071, 6.001150131], [-2.427781105, 5.993267059], [-2.431269884, 5.989165783], [-2.432621002, 5.98695612], [-2.434808969, 5.981335163], [-2.436181068, 5.979081154], [-2.437868118, 5.976956844], [-2.443665981, 5.9708848], [-2.469971895, 5.944817066], [-2.485882998, 5.929982185], [-2.486032963, 5.906150818]]]}}, {"type": "Feature", "properties": {"region": "Savannah", "constituency_count": 7, "winner_party": "NDC", "winner_votes": 152758, "winner_pct": 67.7, "total_valid_votes": 225640, "party_votes": {"NPP": 68829, "GCPP": 626, "GFP": 0, "GUM": 355, "LPG": 179, "NDP": 227, "CPP": 660, "NDC": 152758, "APC": 554, "IND": 1450}}, "geometry": {"type": "Polygon", "coordinates": [[[-0.902671993, 9.290362358], [-0.895214975, 9.291351318], [-0.888616025, 9.291631699], [-0.882184982, 9.291415215], [-0.879090011, 9.291013718], [-0.876151979, 9.290239334], [-0.868357003, 9.286462784], [-0.865375996, 9.285680771], [-0.852730989, 9.284235954], [-0.849745989, 9.283435822], [-0.841956019, 9.279696465], [-0.83900398, 9.279037476], [-0.835946023, 9.278921127], [-0.832894027, 9.2793293], [-0.828540981, 9.280977249], [-0.826484978, 9.282159805], [-0.819144011, 9.287613869], [-0.815052986, 9.290124893], [-0.810150027, 9.292628288], [-0.805124998, 9.295618057], [-0.802537978, 9.296834946], [-0.799600005, 9.297532082], [-0.796541989, 9.297721863], [-0.793480992, 9.297481537], [-0.790526986, 9.29675293], [-0.782738984, 9.292909622], [-0.779748976, 9.292094231], [-0.773375988, 9.291446686], [-0.76363498, 9.291604042], [-0.760499001, 9.292004585], [-0.757523, 9.292786598], [-0.749767005, 9.296545982], [-0.746788025, 9.297308922], [-0.743651986, 9.297690392], [-0.730681002, 9.298201561], [-0.727542996, 9.298576355], [-0.724569023, 9.299334526], [-0.716949999, 9.303356171], [-0.711350024, 9.305699348], [-0.703740001, 9.309753418], [-0.700771987, 9.31053257], [-0.694406986, 9.311100006], [-0.677748978, 9.311088562], [-0.667300999, 9.310808182], [-0.648069978, 9.309753418], [-0.637264013, 9.305744171], [-0.632992983, 9.303756714], [-0.62755698, 9.300483704], [-0.624846995, 9.299166679], [-0.621776998, 9.298377991], [-0.61857301, 9.298015594], [-0.612002015, 9.297821999], [-0.562452018, 9.297986031], [-0.552650988, 9.297768593], [-0.549503982, 9.297405243], [-0.546519995, 9.296648026], [-0.538796008, 9.292779922], [-0.535839975, 9.291959763], [-0.529680014, 9.290910721], [-0.526722014, 9.290085793], [-0.524129987, 9.288817406], [-0.519088984, 9.285834312], [-0.512049019, 9.282292366], [-0.507834017, 9.279368401], [-0.501464009, 9.274303436], [-0.499228001, 9.272937775], [-0.493638009, 9.270505905], [-0.491402, 9.269141197], [-0.482838988, 9.262440681], [-0.478724986, 9.259997368], [-0.473774999, 9.25761795], [-0.468730986, 9.254638672], [-0.466138005, 9.253376007], [-0.463174999, 9.252557755], [-0.457004994, 9.251537323], [-0.454037994, 9.250739098], [-0.446298003, 9.246908188], [-0.443333, 9.246108055], [-0.437162995, 9.245079994], [-0.434201986, 9.244263649], [-0.426562995, 9.240186691], [-0.420899004, 9.237937927], [-0.41335699, 9.233618736], [-0.407691002, 9.231365204], [-0.400142998, 9.227064133], [-0.394475013, 9.224821091], [-0.386922002, 9.220529556], [-0.381249011, 9.218296051], [-0.373677999, 9.214024544], [-0.367987007, 9.211799622], [-0.360424012, 9.207369804], [-0.355599999, 9.204919815], [-0.353664994, 9.203667641], [-0.351922989, 9.202202797], [-0.349168003, 9.198558807], [-0.346596986, 9.193808556], [-0.344942003, 9.191363335], [-0.337247998, 9.18210125], [-0.335707009, 9.179635048], [-0.333278, 9.174064636], [-0.332143009, 9.172216415], [-0.328779012, 9.168254852], [-0.326570004, 9.166193008], [-0.322167009, 9.16304493], [-0.315079004, 9.159568787], [-0.307482004, 9.155017853], [-0.300410002, 9.151533127], [-0.295958996, 9.148406029], [-0.289007992, 9.141956329], [-0.260675997, 9.113808632], [-0.253728986, 9.107327461], [-0.249277994, 9.104161263], [-0.242153004, 9.10062027], [-0.236961007, 9.097572327], [-0.234236002, 9.096227646], [-0.231051996, 9.095301628], [-0.213084996, 9.092193604], [-0.210889995, 9.083935738], [-0.210411996, 9.080322266], [-0.210608006, 9.076936722], [-0.211548999, 9.074158669], [-0.213969007, 9.068804741], [-0.214687005, 9.065755844], [-0.215038002, 9.062574387], [-0.215266004, 9.049477577], [-0.214947, 9.03646183], [-0.214545995, 9.033346176], [-0.213745996, 9.030399323], [-0.209565997, 9.02285099], [-0.207195997, 9.017273903], [-0.203054994, 9.009720802], [-0.202265993, 9.00676918], [-0.200937003, 8.994217873], [-0.200147003, 8.991264343], [-0.196248993, 8.983580589], [-0.195442006, 8.980623245], [-0.194796994, 8.974291801], [-0.194714993, 8.961202621], [-0.194968, 8.957994461], [-0.195548996, 8.954908371], [-0.196319997, 8.952741623], [-0.197361007, 8.950724602], [-0.198662996, 8.94890213], [-0.200150996, 8.947416306], [-0.201854005, 8.946201324], [-0.207330003, 8.94370079], [-0.211729005, 8.940747261], [-0.217843994, 8.935222626], [-0.223491997, 8.929242134], [-0.226482004, 8.924919128], [-0.228792995, 8.919319153], [-0.232948005, 8.911735535], [-0.235091999, 8.90598774], [-0.236073002, 8.904027939], [-0.239732996, 8.898194313], [-0.241193995, 8.896438599], [-0.24278, 8.895031929], [-0.244567007, 8.893954277], [-0.247427002, 8.893091202], [-0.250519991, 8.892771721], [-0.253702015, 8.892824173], [-0.256857991, 8.89321804], [-0.259880006, 8.894057274], [-0.267720997, 8.898024559], [-0.270615011, 8.898668289], [-0.273487002, 8.898649216], [-0.276089996, 8.897896767], [-0.277610004, 8.896817207], [-0.278793007, 8.895341873], [-0.279879987, 8.89275074], [-0.281547993, 8.886955261], [-0.285347015, 8.879154205], [-0.286976993, 8.873250961], [-0.288008988, 8.870445251], [-0.289128989, 8.868672371], [-0.290546, 8.867093086], [-0.294211, 8.864325523], [-0.298155993, 8.862083435], [-0.300175011, 8.861240387], [-0.303232014, 8.860553741], [-0.306448013, 8.86026001], [-0.319673002, 8.859853745], [-0.322811991, 8.859291077], [-0.324997991, 8.858513832], [-0.326999009, 8.857428551], [-0.328754008, 8.856040955], [-0.330175996, 8.854323387], [-0.331290007, 8.852353096], [-0.332096994, 8.850206375], [-0.332682997, 8.847126961], [-0.332874, 8.843932152], [-0.33278501, 8.840723038], [-0.332406998, 8.83757782], [-0.331602007, 8.834589958], [-0.327407002, 8.826950073], [-0.324930996, 8.821381569], [-0.323172003, 8.81872654], [-0.321058989, 8.816222191], [-0.306650996, 8.801909447], [-0.30222699, 8.796973228], [-0.300462991, 8.794317245], [-0.298002988, 8.788763046], [-0.295222998, 8.78380394], [-0.294155985, 8.78129673], [-0.293770999, 8.778497696], [-0.294174999, 8.775698662], [-0.297776014, 8.768112183], [-0.298539013, 8.765145302], [-0.298911005, 8.762007713], [-0.299270988, 8.748959541], [-0.299578011, 8.74576664], [-0.300283015, 8.742721558], [-0.301129997, 8.740712166], [-0.303366005, 8.736824036], [-0.30607599, 8.733407974], [-0.307599008, 8.732270241], [-0.309278011, 8.731630325], [-0.31120199, 8.731607437], [-0.313223988, 8.732076645], [-0.319296986, 8.734498978], [-0.322349012, 8.735246658], [-0.332015008, 8.736284256], [-0.335177988, 8.736745834], [-0.338185012, 8.737558365], [-0.343347013, 8.740084648], [-0.345912993, 8.741067886], [-0.348758012, 8.741287231], [-0.350885987, 8.740866661], [-0.352972001, 8.740059853], [-0.354977012, 8.738945961], [-0.357336015, 8.737160683], [-0.359504014, 8.73509407], [-0.362693995, 8.73101902], [-0.363676995, 8.729084015], [-0.364520013, 8.726106644], [-0.365464002, 8.719835281], [-0.366203994, 8.71679306], [-0.368084997, 8.712801933], [-0.370566994, 8.708828926], [-0.372018009, 8.707057953], [-0.373598009, 8.70563221], [-0.375387013, 8.704534531], [-0.378252, 8.703639984], [-0.381347001, 8.703276634], [-0.384526014, 8.703274727], [-0.387681007, 8.703607559], [-0.390693992, 8.704392433], [-0.393330991, 8.705668449], [-0.405241013, 8.712483406], [-0.407043993, 8.713899612], [-0.408535004, 8.715442657], [-0.409770012, 8.717165947], [-0.412436992, 8.722480774], [-0.413681, 8.724175453], [-0.415194005, 8.725669861], [-0.41703999, 8.726989746], [-0.419082999, 8.728054047], [-0.421272993, 8.728849411], [-0.424391001, 8.729467392], [-0.427628994, 8.729744911], [-0.434206992, 8.729738235], [-0.437458992, 8.729459763], [-0.440620005, 8.728860855], [-0.442880988, 8.728095055], [-0.447122991, 8.725889206], [-0.45580399, 8.719265938], [-0.458056003, 8.717886925], [-0.463514, 8.715313911], [-0.465193987, 8.714082718], [-0.466630012, 8.712596893], [-0.467830986, 8.710796356], [-0.468692988, 8.708841324], [-0.469143987, 8.706795692], [-0.468944997, 8.704017639], [-0.46796301, 8.701493263], [-0.465400994, 8.696408272], [-0.464533001, 8.693458557], [-0.463355005, 8.687333107], [-0.462485999, 8.684391975], [-0.458350003, 8.676794052], [-0.455936015, 8.671228409], [-0.454234004, 8.668619156], [-0.44995299, 8.663762093], [-0.433304012, 8.647452354], [-0.428761989, 8.642704964], [-0.426734, 8.640230179], [-0.425054014, 8.637608528], [-0.422690004, 8.632024765], [-0.418433011, 8.624489784], [-0.416076005, 8.618891716], [-0.413601011, 8.615286827], [-0.411585987, 8.613066673], [-0.409379989, 8.610993385], [-0.404987991, 8.607813835], [-0.390219986, 8.600110054], [-0.387216002, 8.599369049], [-0.384048015, 8.599034309], [-0.367500991, 8.598909378], [-0.364244014, 8.598678589], [-0.361122012, 8.598101616], [-0.358947992, 8.597315788], [-0.356950998, 8.5962286], [-0.355204999, 8.594836235], [-0.353787988, 8.593114853], [-0.352674991, 8.591148376], [-0.351866007, 8.589001656], [-0.351260006, 8.585910797], [-0.350926995, 8.579410553], [-0.351027995, 8.56620121], [-0.350849986, 8.559715271], [-0.350490004, 8.556585312], [-0.349730998, 8.55361557], [-0.348506987, 8.551027298], [-0.345665008, 8.546001434], [-0.34325099, 8.540424347], [-0.340739995, 8.536833763], [-0.33870399, 8.534626007], [-0.336483985, 8.532559395], [-0.332073987, 8.529388428], [-0.324999988, 8.525856018], [-0.319907993, 8.522929192], [-0.318988593, 8.522499652], [-0.317286998, 8.521704674], [-0.314289987, 8.520947456], [-0.304903733, 8.52002346], [-0.301569998, 8.519695282], [-0.298577994, 8.518911362], [-0.290794998, 8.51507473], [-0.287829012, 8.51434803], [-0.284747988, 8.514110565], [-0.281666994, 8.514298439], [-0.278708011, 8.514992714], [-0.27611199, 8.516215324], [-0.266339004, 8.521753311], [-0.262731999, 8.524544716], [-0.26128, 8.52630043], [-0.257515013, 8.533023834], [-0.25494799, 8.53663826], [-0.250734001, 8.540937424], [-0.248355001, 8.542780876], [-0.246324003, 8.544005394], [-0.241960004, 8.545834541], [-0.232815996, 8.548154831], [-0.225025997, 8.552010536], [-0.222054005, 8.552674294], [-0.218980998, 8.552783966], [-0.215948001, 8.552342415], [-0.213800997, 8.551589966], [-0.211804003, 8.55051136], [-0.210020006, 8.549120903], [-0.208510995, 8.547423363], [-0.207222998, 8.545507431], [-0.200523004, 8.532974243], [-0.199717999, 8.529990196], [-0.198716998, 8.523765564], [-0.197928995, 8.520750999], [-0.197051004, 8.518731117], [-0.194784001, 8.514703751], [-0.192059994, 8.510767937], [-0.188871995, 8.507599831], [-0.185018003, 8.505063057], [-0.181247994, 8.503403664], [-0.179474995, 8.503136635], [-0.177125007, 8.503647804], [-0.172166005, 8.50576973], [-0.218686164, 8.455803744], [-0.230583469, 8.408214524], [-0.236532121, 8.354676652], [-0.242480774, 8.301138779], [-0.190105006, 8.242510796], [-0.192466006, 8.233597755], [-0.193965003, 8.23089695], [-0.195877999, 8.228364944], [-0.202584997, 8.221162796], [-0.209549993, 8.214370728], [-0.214295, 8.210561752], [-0.218500003, 8.208378792], [-0.220744997, 8.20763588], [-0.223887995, 8.207055092], [-0.230407, 8.206677437], [-0.246925995, 8.206786156], [-0.253300995, 8.207381248], [-0.256282002, 8.208168983], [-0.258884013, 8.209402084], [-0.263933003, 8.212253571], [-0.269555002, 8.214621544], [-0.27721101, 8.218712807], [-0.280191988, 8.219500542], [-0.283335, 8.219906807], [-0.293146998, 8.220205307], [-0.302956015, 8.219910622], [-0.306097001, 8.219508171], [-0.309073001, 8.218716621], [-0.316695005, 8.214614868], [-0.322306007, 8.212230682], [-0.32732901, 8.209383965], [-0.329910994, 8.208181381], [-0.332850993, 8.20748806], [-0.335911989, 8.20730114], [-0.338975012, 8.207539558], [-0.341933995, 8.208275795], [-0.349748999, 8.21216011], [-0.352753013, 8.212989807], [-0.359140992, 8.213590622], [-0.365572989, 8.213242531], [-0.368622005, 8.21252346], [-0.370646, 8.211663246], [-0.374605, 8.209400177], [-0.378266007, 8.206609726], [-0.379664987, 8.205019951], [-0.380741, 8.203229904], [-0.381633997, 8.200377464], [-0.382182986, 8.193821907], [-0.382019013, 8.172434807], [-0.382651001, 8.165203094], [-0.384434998, 8.158653259], [-0.389674991, 8.144954681], [-0.407555014, 8.142689705], [-0.424203992, 8.14111042], [-0.427255988, 8.140292168], [-0.435000002, 8.13642025], [-0.437981009, 8.13563633], [-0.441123992, 8.135238647], [-0.447614998, 8.135006905], [-0.454108, 8.135246277], [-0.457251012, 8.135649681], [-0.460238993, 8.13643074], [-0.468015999, 8.140239716], [-0.470999002, 8.141010284], [-0.483675987, 8.142272949], [-0.48665899, 8.143029213], [-0.494331002, 8.147041321], [-0.499978006, 8.149331093], [-0.507526994, 8.153632164], [-0.513179004, 8.155916214], [-0.520743012, 8.160181999], [-0.52641201, 8.162443161], [-0.534009993, 8.166719437], [-0.539708018, 8.169102669], [-0.542451978, 8.170793533], [-0.553220987, 8.179338455], [-0.564929008, 8.187134743], [-0.577776015, 8.198863983], [-0.59167701, 8.212312698], [-0.595789015, 8.215985298], [-0.600169003, 8.218960762], [-0.605777979, 8.221363068], [-0.608013988, 8.222723961], [-0.612205029, 8.226126671], [-0.633857012, 8.247459412], [-0.640658021, 8.25374794], [-0.645114005, 8.25687027], [-0.65219897, 8.260356903], [-0.659786999, 8.264910698], [-0.664618015, 8.26735878], [-0.668300986, 8.270066261], [-0.671059012, 8.273696899], [-0.673547983, 8.278467178], [-0.676612973, 8.283441544], [-0.678014994, 8.285973549], [-0.68027401, 8.291636467], [-0.68848598, 8.305875778], [-0.68996501, 8.307609558], [-0.691703975, 8.309088707], [-0.693632007, 8.310359001], [-0.698448002, 8.312843323], [-0.703494012, 8.315823555], [-0.706107974, 8.317064285], [-0.709200978, 8.317834854], [-0.715806007, 8.318322182], [-0.807578981, 8.318349838], [-0.814158976, 8.317850113], [-0.817228973, 8.317077637], [-0.824841976, 8.313026428], [-0.830487013, 8.310750961], [-0.837992013, 8.306277275], [-0.844775021, 8.302630424], [-0.846569002, 8.301244736], [-0.848047972, 8.299729347], [-0.849263012, 8.298030853], [-0.851858974, 8.292779922], [-0.853084981, 8.291107178], [-0.854583979, 8.289639473], [-0.856419027, 8.288347244], [-0.860603988, 8.286482811], [-0.869681001, 8.284298897], [-0.877331972, 8.280282974], [-0.882988989, 8.278059006], [-0.890507996, 8.273639679], [-0.895439982, 8.271279335], [-0.89952898, 8.268847466], [-0.901930988, 8.266998291], [-0.906457007, 8.26286602], [-0.932983994, 8.236523628], [-0.937627017, 8.23167038], [-0.939715028, 8.229146957], [-0.941438019, 8.226470947], [-0.943768978, 8.22091198], [-0.947754979, 8.213324547], [-0.948477983, 8.210362434], [-0.949504018, 8.197732925], [-0.950214982, 8.194759369], [-0.95400703, 8.187068939], [-0.955677986, 8.181247711], [-0.956726015, 8.178474426], [-0.957857013, 8.176721573], [-0.959288001, 8.175157547], [-0.961046994, 8.173707008], [-0.96686399, 8.170033455], [-0.968816996, 8.169042587], [-0.974565029, 8.166877747], [-0.982245982, 8.162905693], [-0.985211015, 8.162110329], [-0.991378009, 8.161097527], [-0.994336009, 8.160293579], [-1.001955986, 8.156267166], [-1.007603049, 8.1540308], [-1.01513803, 8.149768829], [-1.020822048, 8.147538185], [-1.028403044, 8.1431427], [-1.033239007, 8.140707016], [-1.035159945, 8.139455795], [-1.036862969, 8.137978554], [-1.038257957, 8.136223793], [-1.039352059, 8.13424778], [-1.040146947, 8.132102966], [-1.040740013, 8.129031181], [-1.040985942, 8.125828743], [-1.040945053, 8.109402657], [-1.040645957, 8.102938652], [-1.04024303, 8.099819183], [-1.03944695, 8.0968647], [-1.035495043, 8.089219093], [-1.034631968, 8.086298943], [-1.033485055, 8.080221176], [-1.032629967, 8.077299118], [-1.028718948, 8.069641113], [-1.027940035, 8.066684723], [-1.026587963, 8.054113388], [-1.025781989, 8.05115509], [-1.021839023, 8.043487549], [-1.021095991, 8.040556908], [-1.020853996, 8.037514687], [-1.021036029, 8.034464836], [-1.021731973, 8.031542778], [-1.022953033, 8.028979301], [-1.025828958, 8.023991585], [-1.028149962, 8.018399239], [-1.032518983, 8.010955811], [-1.034785986, 8.005357742], [-1.038838983, 7.997786999], [-1.039638996, 7.994846821], [-1.040629983, 7.98870182], [-1.041406989, 7.98573494], [-1.045210958, 7.977979183], [-1.046893001, 7.972183228], [-1.047986984, 7.969562054], [-1.049188018, 7.968043804], [-1.050737977, 7.966895103], [-1.05341804, 7.965985775], [-1.056429029, 7.965666771], [-1.059571981, 7.965778828], [-1.062703967, 7.966332912], [-1.067152977, 7.968119144], [-1.069249034, 7.969346046], [-1.076729059, 7.974773884], [-1.081001043, 7.976955891], [-1.083261013, 7.97770977], [-1.086398005, 7.97833395], [-1.092664957, 7.97925806], [-1.095536947, 7.980171204], [-1.097337008, 7.981248856], [-1.098937035, 7.982646942], [-1.100419044, 7.984381199], [-1.104163051, 7.99015379], [-1.105170965, 7.992095947], [-1.10738802, 7.997809887], [-1.111438036, 8.005447388], [-1.112261057, 8.008389473], [-1.113325953, 8.014504433], [-1.114159942, 8.017437935], [-1.118296027, 8.024997711], [-1.120601058, 8.030596733], [-1.124742031, 8.038152695], [-1.125579953, 8.041081429], [-1.126667976, 8.047180176], [-1.127506018, 8.050110817], [-1.131649971, 8.057666779], [-1.133955956, 8.063263893], [-1.138100028, 8.070819855], [-1.13893795, 8.073747635], [-1.140022993, 8.079847336], [-1.140861988, 8.082777977], [-1.145007968, 8.090331078], [-1.147317052, 8.095929146], [-1.151471019, 8.103480339], [-1.152317047, 8.106406212], [-1.153409004, 8.112504959], [-1.154240966, 8.115433693], [-1.158125997, 8.123096466], [-1.158957958, 8.126027107], [-1.160050035, 8.132125854], [-1.160892963, 8.135051727], [-1.16505003, 8.142602921], [-1.167358994, 8.148200989], [-1.171504974, 8.155755997], [-1.172343969, 8.158684731], [-1.173429012, 8.164780617], [-1.174270034, 8.167710304], [-1.178411007, 8.175265312], [-1.180716991, 8.180865288], [-1.184862971, 8.188421249], [-1.185701966, 8.19134903], [-1.186790943, 8.197447777], [-1.187631965, 8.200374603], [-1.191792011, 8.207924843], [-1.19411397, 8.213516235], [-1.198246002, 8.221076012], [-1.199025989, 8.224027634], [-1.200288057, 8.236603737], [-1.20106101, 8.239555359], [-1.204918981, 8.247228622], [-1.205698967, 8.250183105], [-1.207008958, 8.26273632], [-1.207792997, 8.265687943], [-1.211668015, 8.27335453], [-1.212440968, 8.276312828], [-1.212816954, 8.27943325], [-1.213284016, 8.29235363], [-1.213639021, 8.29549408], [-1.214385033, 8.298476219], [-1.218281984, 8.306167603], [-1.22005105, 8.311883926], [-1.221176028, 8.31447506], [-1.222386956, 8.315991402], [-1.223932028, 8.317177773], [-1.226559997, 8.31826973], [-1.232349038, 8.319966316], [-1.240136981, 8.323784828], [-1.243121982, 8.324571609], [-1.24931705, 8.325592995], [-1.25228405, 8.326411247], [-1.254889011, 8.327671051], [-1.259956002, 8.330636024], [-1.264961004, 8.332946777], [-1.271214962, 8.336193085], [-1.273221016, 8.337173462], [-1.280117035, 8.339802742], [-1.297606945, 8.348693848], [-1.276852965, 8.367300987], [-1.267321944, 8.37630558], [-1.246747971, 8.396613121], [-1.242737055, 8.401349068], [-1.241287947, 8.403944969], [-1.240471959, 8.406868935], [-1.239987969, 8.413188934], [-1.24048996, 8.465606689], [-1.240264058, 8.468813896], [-1.239706039, 8.471901894], [-1.238947034, 8.474068642], [-1.237913966, 8.476091385], [-1.236619949, 8.477918625], [-1.235138059, 8.479409218], [-1.233435988, 8.480622292], [-1.227967978, 8.483111382], [-1.225492954, 8.484640121], [-1.223140955, 8.486474991], [-1.214172959, 8.494795799], [-1.20957303, 8.498649597], [-1.207106948, 8.500179291], [-1.201509953, 8.502570152], [-1.197157025, 8.505541801], [-1.193092942, 8.509185791], [-1.18729496, 8.515072823], [-1.183877945, 8.519216537], [-1.182515979, 8.521431923], [-1.180106044, 8.526974678], [-1.178575039, 8.52942276], [-1.170992017, 8.538610458], [-1.169453979, 8.541052818], [-1.167101979, 8.546609879], [-1.162773967, 8.554059982], [-1.160495043, 8.559659958], [-1.156376004, 8.567221642], [-1.155612946, 8.570178032], [-1.155274987, 8.573290825], [-1.155336976, 8.579649925], [-1.155732989, 8.582758904], [-1.156540036, 8.585717201], [-1.160514951, 8.59338665], [-1.161314964, 8.596340179], [-1.162624955, 8.608917236], [-1.163406968, 8.611879349], [-1.167466044, 8.619548798], [-1.168460011, 8.62249279], [-1.171061039, 8.633205414], [-1.174806952, 8.651435852], [-1.179962993, 8.656420708], [-1.184514046, 8.661466599], [-1.187036991, 8.665021896], [-1.189888954, 8.670075417], [-1.19124496, 8.672019005], [-1.192790031, 8.673689842], [-1.194569945, 8.674988747], [-1.196519017, 8.675895691], [-1.19856298, 8.676364899], [-1.201339006, 8.67618084], [-1.203868985, 8.675224304], [-1.208987951, 8.672745705], [-1.212237954, 8.671907425], [-1.219190955, 8.671271324], [-1.244264007, 8.671177864], [-1.247774005, 8.671442032], [-1.251181006, 8.672060013], [-1.255578041, 8.67380619], [-1.257630944, 8.675018311], [-1.260233998, 8.676976204], [-1.269948006, 8.685892105], [-1.272446036, 8.687907219], [-1.275076032, 8.689593315], [-1.280627966, 8.692107201], [-1.283262014, 8.693784714], [-1.285765052, 8.695788383], [-1.295500994, 8.704640388], [-1.298086047, 8.70663929], [-1.302186012, 8.709097862], [-1.307124972, 8.711494446], [-1.314702988, 8.715881348], [-1.320363998, 8.718159676], [-1.327942967, 8.722546577], [-1.332880974, 8.724945068], [-1.336982012, 8.727401733], [-1.339568019, 8.729398727], [-1.349303007, 8.73825264], [-1.351804972, 8.74025631], [-1.354442, 8.741933823], [-1.359992027, 8.744444847], [-1.362625957, 8.746127129], [-1.365123987, 8.748140335], [-1.374848962, 8.757017136], [-1.377460957, 8.758958817], [-1.381675959, 8.761144638], [-1.383918047, 8.761892319], [-1.387047052, 8.762495995], [-1.396579027, 8.763540268], [-1.399562001, 8.764306068], [-1.407351971, 8.76803875], [-1.410333037, 8.76880455], [-1.41347599, 8.769197464], [-1.419975996, 8.769470215], [-1.436455011, 8.769392967], [-1.442816019, 8.76881218], [-1.445790052, 8.768044472], [-1.453534007, 8.764304161], [-1.456508994, 8.763542175], [-1.469161987, 8.762280464], [-1.472144008, 8.761529922], [-1.47981298, 8.75758934], [-1.485476017, 8.755318642], [-1.493023038, 8.750902176], [-1.497792959, 8.748409271], [-1.49968195, 8.74713707], [-1.501360059, 8.745649338], [-1.502745032, 8.743895531], [-1.50385499, 8.741933823], [-1.504706025, 8.739821434], [-1.506957054, 8.730856895], [-1.510661006, 8.723121643], [-1.511446953, 8.720176697], [-1.51247704, 8.714069366], [-1.513275027, 8.711131096], [-1.517223001, 8.703508377], [-1.51957202, 8.697935104], [-1.522017956, 8.694335938], [-1.526672006, 8.689499855], [-1.529247046, 8.687382698], [-1.532004952, 8.685625076], [-1.537580013, 8.683161736], [-1.540362954, 8.681429863], [-1.548382998, 8.675203323], [-1.550392985, 8.673919678], [-1.564993024, 8.666131973], [-1.567970037, 8.665358543], [-1.574342012, 8.664810181], [-1.587538004, 8.664757729], [-1.597339034, 8.665081024], [-1.600479007, 8.66547966], [-1.603459954, 8.666256905], [-1.611238956, 8.670024872], [-1.614217997, 8.670800209], [-1.626847029, 8.672164917], [-1.629822969, 8.672942162], [-1.637601972, 8.676710129], [-1.640584946, 8.677483559], [-1.646955013, 8.678082466], [-1.663468003, 8.678236961], [-1.67000699, 8.678019524], [-1.673167944, 8.677653313], [-1.676169038, 8.676896095], [-1.67879498, 8.675679207], [-1.688639045, 8.670239449], [-1.690528035, 8.668955803], [-1.692201018, 8.667453766], [-1.693565965, 8.665682793], [-1.694636941, 8.663690567], [-1.695410013, 8.661540031], [-1.695973039, 8.65845108], [-1.69630599, 8.642127991], [-1.69667697, 8.639028549], [-1.697540998, 8.636177063], [-1.698603034, 8.634394646], [-1.699993014, 8.632816315], [-1.703642011, 8.630060196], [-1.707587004, 8.627826691], [-1.709599972, 8.626962662], [-1.71261704, 8.626178741], [-1.718845963, 8.625155449], [-1.721822977, 8.62434864], [-1.729488015, 8.620324135], [-1.735126019, 8.617994308], [-1.742750049, 8.613950729], [-1.745694041, 8.613248825], [-1.748757958, 8.613043785], [-1.751824975, 8.613256454], [-1.754786015, 8.613958359], [-1.762565017, 8.617753029], [-1.765524983, 8.618610382], [-1.771664977, 8.619771957], [-1.774616957, 8.620621681], [-1.782281041, 8.624676704], [-1.787922025, 8.626990318], [-1.795464039, 8.631322861], [-1.801095963, 8.633653641], [-1.808760047, 8.637698174], [-1.811741948, 8.638471603], [-1.814883947, 8.638861656], [-1.82139802, 8.639115334], [-1.834661007, 8.639103889], [-1.841249943, 8.638849258], [-1.844467998, 8.63846302], [-1.847555995, 8.6376791], [-1.849622965, 8.636772156], [-1.855837941, 8.633441925], [-1.870429039, 8.628236771], [-1.876953959, 8.610669136], [-1.879521012, 8.604363441], [-1.88140595, 8.600428581], [-1.884475946, 8.595335007], [-1.885725021, 8.59273243], [-1.886492968, 8.589767456], [-1.887698054, 8.577212334], [-1.888443947, 8.574257851], [-1.892145038, 8.566560745], [-1.892894983, 8.563607216], [-1.894171, 8.551088333], [-1.894938946, 8.548138618], [-1.898720026, 8.540447235], [-1.899492979, 8.537490845], [-1.899883032, 8.534383774], [-1.900084972, 8.527956963], [-1.899798036, 8.521536827], [-1.899366975, 8.518427849], [-1.898548961, 8.51547718], [-1.894642949, 8.507798195], [-1.893805981, 8.504689217], [-1.893385053, 8.501414299], [-1.893069983, 8.49119854], [-1.892807961, 8.456720352], [-1.892968059, 8.449924469], [-1.893357038, 8.446651459], [-1.894232988, 8.443580627], [-1.895841956, 8.440785408], [-1.89794302, 8.438188553], [-1.907542944, 8.428299904], [-1.909644008, 8.425704002], [-1.911255002, 8.422906876], [-1.912147045, 8.41975975], [-1.912678003, 8.412946701], [-1.912467957, 8.388273239], [-1.911880016, 8.381451607], [-1.911054969, 8.378260612], [-1.907209992, 8.370575905], [-1.906355023, 8.367651939], [-1.905208945, 8.361566544], [-1.904363036, 8.358635902], [-1.900336027, 8.350977898], [-1.898079991, 8.345274925], [-1.895923972, 8.34143734], [-1.893314004, 8.337578773], [-1.891827941, 8.335852623], [-1.890226007, 8.33446312], [-1.888429999, 8.333387375], [-1.885573983, 8.332467079], [-1.876217961, 8.331190109], [-1.873226047, 8.330424309], [-1.865407944, 8.326721191], [-1.862254024, 8.325941086], [-1.858935952, 8.325565338], [-1.848610997, 8.325346947], [-1.813832045, 8.325519562], [-1.806970954, 8.325317383], [-1.803647995, 8.324950218], [-1.800492048, 8.324176788], [-1.792688012, 8.320411682], [-1.783664942, 8.318076134], [-1.779556036, 8.316090584], [-1.777780056, 8.314704895], [-1.776268959, 8.313028336], [-1.770637035, 8.304009438], [-1.764809966, 8.297064781], [-1.763026953, 8.294692039], [-1.761607051, 8.292174339], [-1.760663986, 8.289272308], [-1.759441972, 8.283191681], [-1.758566976, 8.280254364], [-1.754683018, 8.272527695], [-1.753942966, 8.269580841], [-1.753684998, 8.266510963], [-1.753844976, 8.263428688], [-1.754500985, 8.260450363], [-1.755344033, 8.258454323], [-1.757604957, 8.254481316], [-1.760355949, 8.250595093], [-1.763576984, 8.247425079], [-1.76750803, 8.244692802], [-1.77344799, 8.241312981], [-1.77918601, 8.239040375], [-1.786874056, 8.235070229], [-1.789829969, 8.234376907], [-1.792901993, 8.234181404], [-1.79597497, 8.234399796], [-1.798936963, 8.235103607], [-1.806715965, 8.238935471], [-1.815804958, 8.241318703], [-1.81803, 8.242139816], [-1.822250962, 8.244357109], [-1.829640031, 8.249764442], [-1.83375597, 8.252236366], [-1.838685989, 8.254701614], [-1.843742967, 8.257708549], [-1.846353054, 8.258963585], [-1.849336028, 8.259745598], [-1.855669975, 8.260204315], [-1.861997008, 8.259700775], [-1.864977956, 8.258918762], [-1.872738004, 8.25512886], [-1.875718951, 8.254356384], [-1.888393044, 8.253097534], [-1.891381025, 8.25234127], [-1.906077027, 8.244686127], [-1.910446048, 8.241505623], [-1.912646055, 8.239430428], [-1.914662957, 8.237200737], [-1.917168021, 8.233556747], [-1.919661045, 8.227815628], [-1.921197057, 8.22517395], [-1.927531004, 8.216321945], [-1.933576941, 8.208468437], [-1.940601945, 8.193657875], [-1.945214987, 8.1823349], [-1.947728038, 8.178631783], [-1.951964974, 8.174310684], [-1.954342961, 8.172434807], [-1.958433986, 8.169976234], [-1.971061945, 8.163496017], [-1.974048018, 8.162741661], [-1.986713052, 8.161511421], [-1.989689946, 8.160758972], [-1.997439027, 8.157048225], [-2.000417948, 8.156298637], [-2.006783009, 8.155767441], [-2.019916058, 8.155653954], [-2.026278973, 8.155117989], [-2.029258013, 8.154363632], [-2.036998034, 8.150632858], [-2.039969921, 8.149862289], [-2.052592039, 8.14852047], [-2.055562973, 8.147745132], [-2.063313007, 8.143963814], [-2.066296101, 8.143179893], [-2.06944108, 8.142773628], [-2.079272985, 8.142580032], [-2.085817099, 8.143127441], [-2.088951111, 8.143865585], [-2.09452796, 8.146300316], [-2.097429037, 8.147263527], [-2.100362062, 8.147542], [-2.103406906, 8.147332191], [-2.109915972, 8.145951271], [-2.125475883, 8.15218544], [-2.13376689, 8.155880928], [-2.142395973, 8.161261559], [-2.149499893, 8.164770126], [-2.153964996, 8.167907715], [-2.160667896, 8.174066544], [-2.168925047, 8.182275772], [-2.172514915, 8.186599731], [-2.173811913, 8.188964844], [-2.174546003, 8.191534042], [-2.174894094, 8.194259644], [-2.175185919, 8.205659866], [-2.175415993, 8.2084589], [-2.175935984, 8.211159706], [-2.176728964, 8.213319778], [-2.177824974, 8.215308189], [-2.179229021, 8.217066765], [-2.180957079, 8.218535423], [-2.182903051, 8.219772339], [-2.18779397, 8.222167969], [-2.195420027, 8.226723671], [-2.202560902, 8.230154037], [-2.204605103, 8.231423378], [-2.209363937, 8.235293388], [-2.215497017, 8.24136734], [-2.21895504, 8.245519638], [-2.220321894, 8.247747421], [-2.222676992, 8.253351212], [-2.224041939, 8.255579948], [-2.225687027, 8.25769043], [-2.231380939, 8.26369381], [-2.235943079, 8.267846107], [-2.238373041, 8.269699097], [-2.242518902, 8.272112846], [-2.247509956, 8.274428368], [-2.255085945, 8.27885437], [-2.260797024, 8.281038284], [-2.268368959, 8.285470963], [-2.273231983, 8.287875175], [-2.275182962, 8.289114952], [-2.276941061, 8.290574074], [-2.278424025, 8.292305946], [-2.279689074, 8.294230461], [-2.282156944, 8.299027443], [-2.286726952, 8.306487083], [-2.289005995, 8.312111855], [-2.293209076, 8.319652557], [-2.293946981, 8.322403908], [-2.294471979, 8.328300476], [-2.294493914, 8.35272789], [-2.294747114, 8.358736038], [-2.295130014, 8.361633301], [-2.295886993, 8.364377022], [-2.299916029, 8.371977806], [-2.300638914, 8.374591827], [-2.301009893, 8.377346992], [-2.301395893, 8.388827324], [-2.30192709, 8.394427299], [-2.302633047, 8.397047997], [-2.306622028, 8.404664993], [-2.307323933, 8.406996727], [-2.308623075, 8.414317131], [-2.309322119, 8.416648865], [-2.313515902, 8.424183846], [-2.315768003, 8.429803848], [-2.320151091, 8.437260628], [-2.322474957, 8.44285202], [-2.324037075, 8.445297241], [-2.327995062, 8.449842453], [-2.352386951, 8.473768234], [-2.356616974, 8.478203773], [-2.358505964, 8.480511665], [-2.360063076, 8.482959747], [-2.362382889, 8.488553047], [-2.366744995, 8.496017456], [-2.368993044, 8.50164032], [-2.373403072, 8.509085655], [-2.375673056, 8.514701843], [-2.379874945, 8.522232056], [-2.380574942, 8.524565697], [-2.381866932, 8.531888962], [-2.382561922, 8.534219742], [-2.386526108, 8.541848183], [-2.387207031, 8.544374466], [-2.387569904, 8.547031403], [-2.388109922, 8.555225372], [-2.388468027, 8.557884216], [-2.389144897, 8.560412407], [-2.390396118, 8.562982559], [-2.393290043, 8.567967415], [-2.395631075, 8.573551178], [-2.397203922, 8.575989723], [-2.401185036, 8.580528259], [-2.418946981, 8.597917557], [-2.423177004, 8.602355003], [-2.425064087, 8.604663849], [-2.426615953, 8.607113838], [-2.428913116, 8.612713814], [-2.43323493, 8.62019825], [-2.435529947, 8.625798225], [-2.437082052, 8.628248215], [-2.438968897, 8.630558968], [-2.443197012, 8.634993553], [-2.458759069, 8.650202751], [-2.462976933, 8.654643059], [-2.464862108, 8.656953812], [-2.466420889, 8.659399033], [-2.468827963, 8.664958], [-2.470383883, 8.667404175], [-2.478132963, 8.676564217], [-2.479691982, 8.679009438], [-2.482033014, 8.684593201], [-2.486413956, 8.692054749], [-2.488656044, 8.697677612], [-2.493030071, 8.705143929], [-2.495260954, 8.710778236], [-2.49960494, 8.718272209], [-2.501912117, 8.723890305], [-2.504395962, 8.727493286], [-2.508651018, 8.731768608], [-2.513077021, 8.734918594], [-2.5201931, 8.738365173], [-2.527784109, 8.742781639], [-2.53350091, 8.744967461], [-2.54105401, 8.749408722], [-2.545892, 8.751832008], [-2.547828913, 8.753081322], [-2.549567938, 8.754550934], [-2.551033974, 8.756295204], [-2.552284956, 8.758234024], [-2.554788113, 8.763035774], [-2.557384014, 8.766643524], [-2.561642885, 8.770960808], [-2.566041946, 8.774148941], [-2.573146105, 8.77767086], [-2.580866098, 8.782359123], [-2.583659887, 8.783485413], [-2.589775085, 8.785096169], [-2.590847969, 8.784797668], [-2.590986967, 8.785028458], [-2.597006083, 8.785835266], [-2.60276103, 8.784807205], [-2.619225979, 8.776229858], [-2.62618804, 8.778167725], [-2.629770994, 8.784300804], [-2.628946066, 8.789366722], [-2.622386932, 8.79661274], [-2.615943909, 8.79788208], [-2.610469103, 8.801427841], [-2.601654053, 8.811470032], [-2.599925995, 8.817704201], [-2.603328943, 8.826597214], [-2.609525919, 8.83658886], [-2.617521048, 8.844016075], [-2.622050047, 8.85128212], [-2.624253035, 8.857670784], [-2.627686024, 8.864244461], [-2.628077984, 8.867093086], [-2.627057076, 8.902481079], [-2.62810111, 8.909584999], [-2.632116079, 8.914798737], [-2.65593791, 8.929794312], [-2.6604321, 8.935921669], [-2.664097071, 8.947575569], [-2.663599968, 8.976905823], [-2.663521051, 8.981582642], [-2.656594038, 8.995709419], [-2.656193018, 8.99916172], [-2.658344984, 9.003486633], [-2.662077904, 9.005495071], [-2.67234993, 9.011526108], [-2.682574034, 9.014801025], [-2.697376966, 9.015240669], [-2.70411706, 9.017427444], [-2.707382917, 9.019208908], [-2.744874001, 9.022021294], [-2.752042055, 9.023985863], [-2.752768993, 9.024184227], [-2.76069808, 9.028185844], [-2.769860983, 9.036527634], [-2.777426958, 9.046278], [-2.779664993, 9.055429459], [-2.779556036, 9.062320709], [-2.768996954, 9.079961777], [-2.765387058, 9.098402023], [-2.765993118, 9.106661797], [-2.770201921, 9.122670174], [-2.776155949, 9.132678032], [-2.769124031, 9.140378952], [-2.748409033, 9.14601326], [-2.739759922, 9.153971672], [-2.730700016, 9.164922714], [-2.719423056, 9.194979668], [-2.71615696, 9.199647903], [-2.715359926, 9.200792313], [-2.701714039, 9.214347839], [-2.689562082, 9.220744133], [-2.674665928, 9.22858429], [-2.669641972, 9.232575417], [-2.666043997, 9.23860836], [-2.664350033, 9.247826576], [-2.665182114, 9.255853653], [-2.668795109, 9.264295578], [-2.673758984, 9.270415306], [-2.676357031, 9.273588181], [-2.682651997, 9.276471138], [-2.693551064, 9.277897835], [-2.711724043, 9.285403252], [-2.718782902, 9.292176247], [-2.720978022, 9.298804283], [-2.722317934, 9.309351921], [-2.721184969, 9.324074745], [-2.718739986, 9.329859734], [-2.703588009, 9.33700943], [-2.694535017, 9.34887886], [-2.684118986, 9.362148285], [-2.680121899, 9.372098923], [-2.678854942, 9.379241943], [-2.679565907, 9.393705368], [-2.682512999, 9.401960373], [-2.691478968, 9.427053452], [-2.692425013, 9.441744804], [-2.690191031, 9.468300819], [-2.689347982, 9.478334427], [-2.689924002, 9.488793373], [-2.690351009, 9.496471405], [-2.70063591, 9.507825851], [-2.710649014, 9.51887989], [-2.71372509, 9.522735596], [-2.717936993, 9.525193214], [-2.73448801, 9.531579018], [-2.753720045, 9.545499802], [-2.765722036, 9.556557655], [-2.771414995, 9.564275742], [-2.779200077, 9.585744858], [-2.776854992, 9.59727478], [-2.77315402, 9.610898018], [-2.757632971, 9.63643074], [-2.754236937, 9.642015457], [-2.759062052, 9.652963638], [-2.760265112, 9.659511566], [-2.758131981, 9.659937859], [-2.749609947, 9.663701057], [-2.746229887, 9.664486885], [-2.742727041, 9.664847374], [-2.735594034, 9.665028572], [-2.714212894, 9.664980888], [-2.707350969, 9.665539742], [-2.704145908, 9.666354179], [-2.696418047, 9.670116425], [-2.693212986, 9.670929909], [-2.689829111, 9.671321869], [-2.682822943, 9.671533585], [-2.661499023, 9.671463013], [-2.654620886, 9.671987534], [-2.651405096, 9.672780991], [-2.643621922, 9.676454544], [-2.64063096, 9.677206993], [-2.631107092, 9.678243637], [-2.628036976, 9.678879738], [-2.625890017, 9.67967701], [-2.623907089, 9.680760384], [-2.62214303, 9.68212986], [-2.62065196, 9.683797836], [-2.619383097, 9.685675621], [-2.612572908, 9.698001862], [-2.610347986, 9.703682899], [-2.608989954, 9.706237793], [-2.606010914, 9.711258888], [-2.603540897, 9.716023445], [-2.60227108, 9.717905045], [-2.600780964, 9.719575882], [-2.599014044, 9.72094059], [-2.597024918, 9.722015381], [-2.594866037, 9.72279644], [-2.591767073, 9.72337532], [-2.575340986, 9.723814964], [-2.572225094, 9.724205017], [-2.569360018, 9.725079536], [-2.567574024, 9.72614193], [-2.56598711, 9.72752285], [-2.563199997, 9.731136322], [-2.560852051, 9.73500824], [-2.559870005, 9.736956596], [-2.557683945, 9.74267292], [-2.553556919, 9.750273705], [-2.551327944, 9.755921364], [-2.544478893, 9.768194199], [-2.54171896, 9.771747589], [-2.539962053, 9.773131371], [-2.537990093, 9.774248123], [-2.535868883, 9.775107384], [-2.526824951, 9.7774086], [-2.5189569, 9.781227112], [-2.503560066, 9.785059929], [-2.488658905, 9.790066719], [-2.463953018, 9.788966179], [-2.428251982, 9.788825035], [-2.421283007, 9.78904438], [-2.417913914, 9.789430618], [-2.414726019, 9.79023838], [-2.407004118, 9.794018745], [-2.404030085, 9.794780731], [-2.400896072, 9.795157433], [-2.387928009, 9.79566288], [-2.38478899, 9.796031952], [-2.381813049, 9.79678154], [-2.374073029, 9.800517082], [-2.371098042, 9.801278114], [-2.358464956, 9.802571297], [-2.355490923, 9.803330421], [-2.347748995, 9.807056427], [-2.344774008, 9.807812691], [-2.332143068, 9.809116364], [-2.329174042, 9.809884071], [-2.321446896, 9.813649178], [-2.31833601, 9.814439774], [-2.315052032, 9.814821243], [-2.308255911, 9.815044403], [-2.256469011, 9.815080643], [-2.249651909, 9.814745903], [-2.246361017, 9.814154625], [-2.241950989, 9.812432289], [-2.237445116, 9.809421539], [-2.232855082, 9.805285454], [-2.225769043, 9.798231125], [-2.221292973, 9.793421745], [-2.219285011, 9.790926933], [-2.217612028, 9.788295746], [-2.215127945, 9.782757759], [-2.21348691, 9.780186653], [-2.211522102, 9.777750969], [-2.202519894, 9.768461227], [-2.188141108, 9.754624367], [-2.185511112, 9.752518654], [-2.182734966, 9.750769615], [-2.177155018, 9.748311043], [-2.174384117, 9.746552467], [-2.171761036, 9.744439125], [-2.161637068, 9.735074043], [-2.159015894, 9.732954025], [-2.156246901, 9.731189728], [-2.150676012, 9.728711128], [-2.147910118, 9.72694397], [-2.145288944, 9.724820137], [-2.13518095, 9.715385437], [-2.132564068, 9.713232994], [-2.129801989, 9.711429596], [-2.124228954, 9.708889008], [-2.116063118, 9.70330143], [-2.113250971, 9.701896667], [-2.110413074, 9.701360703], [-2.107527971, 9.701552391], [-2.097790956, 9.704715729], [-2.090243101, 9.709023476], [-2.084615946, 9.711363792], [-2.077105999, 9.715833664], [-2.070108891, 9.719388962], [-2.058744907, 9.727330208], [-2.051729918, 9.730861664], [-2.044161081, 9.735303879], [-2.038424015, 9.737671852], [-2.03501296, 9.739732742], [-2.029840946, 9.743650436], [-2.01610899, 9.755098343], [-1.999091029, 9.74276638], [-1.994727015, 9.739085197], [-1.990762949, 9.735125542], [-1.987622023, 9.731290817], [-1.986493945, 9.729429245], [-1.984087944, 9.723849297], [-1.982529044, 9.7213974], [-1.974779963, 9.712227821], [-1.973216057, 9.709781647], [-1.970865965, 9.704200745], [-1.966464996, 9.696749687], [-1.964210987, 9.691129684], [-1.960034013, 9.683590889], [-1.959341049, 9.681255341], [-1.95806706, 9.673904419], [-1.957362056, 9.671554565], [-1.956037998, 9.668972015], [-1.952826977, 9.6638937], [-1.950942039, 9.659998894], [-1.94313395, 9.639705658], [-1.919864058, 9.646000862], [-1.912024021, 9.650217056], [-1.90634203, 9.652515411], [-1.898805022, 9.656794548], [-1.893177032, 9.659083366], [-1.885658026, 9.663345337], [-1.880038023, 9.665639877], [-1.872531056, 9.669922829], [-1.866909981, 9.672212601], [-1.859271049, 9.676188469], [-1.856295943, 9.676944733], [-1.84364295, 9.678191185], [-1.840666056, 9.678940773], [-1.832908034, 9.6826334], [-1.829934001, 9.683389664], [-1.817302942, 9.684696198], [-1.814331055, 9.68545723], [-1.806581974, 9.689169884], [-1.803603053, 9.689914703], [-1.800464034, 9.690283775], [-1.78748703, 9.690755844], [-1.784343958, 9.691114426], [-1.781360984, 9.691847801], [-1.773615956, 9.695594788], [-1.764554024, 9.697892189], [-1.762344003, 9.698694229], [-1.758154988, 9.700892448], [-1.750095963, 9.707017899], [-1.747315049, 9.708751678], [-1.741744995, 9.711227417], [-1.738994002, 9.712988853], [-1.736420989, 9.715112686], [-1.731780052, 9.719957352], [-1.729341984, 9.723560333], [-1.726976037, 9.729129791], [-1.722736955, 9.736631393], [-1.720478058, 9.742230415], [-1.716518998, 9.749829292], [-1.715769053, 9.752782822], [-1.714540958, 9.765324593], [-1.713780046, 9.768279076], [-1.710010052, 9.775979996], [-1.709234953, 9.778936386], [-1.708840966, 9.782049179], [-1.708678961, 9.791716576], [-1.709293962, 9.798030853], [-1.710108042, 9.800982475], [-1.71428299, 9.808552742], [-1.71668601, 9.814121246], [-1.720811009, 9.821689606], [-1.721595049, 9.824642181], [-1.721987009, 9.827754974], [-1.722573042, 9.840622902], [-1.722980976, 9.843738556], [-1.723773956, 9.846696854], [-1.727676034, 9.854420662], [-1.728502989, 9.857387543], [-1.729153037, 9.863715172], [-1.729038954, 9.870117188], [-1.728600979, 9.873175621], [-1.72765696, 9.875992775], [-1.72654295, 9.877750397], [-1.725103021, 9.879308701], [-1.723322034, 9.880749702], [-1.717532992, 9.884405136], [-1.71320498, 9.886715889], [-1.711204052, 9.888230324], [-1.710049033, 9.890444756], [-1.709493041, 9.893183708], [-1.709193945, 9.899622917], [-1.709447026, 9.931268692], [-1.709707022, 9.938183784], [-1.710113049, 9.941527367], [-1.710940003, 9.944698334], [-1.714828014, 9.952370644], [-1.715711951, 9.955290794], [-1.716951966, 9.961353302], [-1.717847943, 9.96427536], [-1.721752048, 9.971956253], [-1.722481012, 9.974886894], [-1.722723007, 9.977927208], [-1.722540975, 9.980970383], [-1.721856952, 9.983896255], [-1.717864037, 9.991509438], [-1.715551019, 9.997142792], [-1.711102009, 10.00467968], [-1.708608031, 10.00944519], [-1.707334042, 10.01133728], [-1.705844045, 10.0130167], [-1.704077005, 10.01439285], [-1.702090025, 10.0154829], [-1.699939013, 10.01627827], [-1.696848035, 10.01688004], [-1.690330029, 10.01721954], [-1.666924953, 10.01685524], [-1.660388947, 10.01703453], [-1.65734601, 10.01746845], [-1.654667974, 10.01841831], [-1.653133988, 10.01956654], [-1.651972055, 10.02108479], [-1.651010036, 10.02373791], [-1.650578976, 10.02674866], [-1.650442958, 10.02993679], [-1.650720954, 10.03642559], [-1.651185989, 10.03959179], [-1.652048945, 10.04259777], [-1.656368017, 10.050354], [-1.661445975, 10.06196785], [-1.661906958, 10.06387138], [-1.661844969, 10.06559944], [-1.661144972, 10.06697083], [-1.65991497, 10.06798744], [-1.657518983, 10.06870079], [-1.654726982, 10.06871891], [-1.651849031, 10.0681057], [-1.643973947, 10.06429291], [-1.640699029, 10.06342888], [-1.637261987, 10.06298923], [-1.623044968, 10.06263065], [-1.605322957, 10.0628233], [-1.601927042, 10.06320095], [-1.598714948, 10.06400776], [-1.591050982, 10.06802368], [-1.578555942, 10.07264805], [-1.572056055, 10.07436943], [-1.553990006, 10.07833195], [-1.552819967, 10.07899284], [-1.550382018, 10.07963085], [-1.547536969, 10.07972717], [-1.54469502, 10.07901192], [-1.539105058, 10.07697392], [-1.536066055, 10.07666874], [-1.533097029, 10.07712364], [-1.530475974, 10.0782299], [-1.525370002, 10.08099174], [-1.519688964, 10.08330536], [-1.51214695, 10.08764267], [-1.506520033, 10.08996296], [-1.499014974, 10.09428406], [-1.493396044, 10.09660912], [-1.485761046, 10.10066986], [-1.48278296, 10.10145378], [-1.479635, 10.10184765], [-1.473132968, 10.10207367], [-1.466622949, 10.10184193], [-1.463474035, 10.10144138], [-1.460486054, 10.10065365], [-1.452813983, 10.09657669], [-1.44717598, 10.09423828], [-1.439635992, 10.08989906], [-1.433992982, 10.08759212], [-1.426337004, 10.08354664], [-1.423388004, 10.08270645], [-1.417256951, 10.08158493], [-1.414306045, 10.0807476], [-1.406543016, 10.07696533], [-1.403411984, 10.07618141], [-1.396728992, 10.07563591], [-1.348332047, 10.07555866], [-1.341516972, 10.07577133], [-1.338224053, 10.07614899], [-1.335103989, 10.07693291], [-1.327386022, 10.08073044], [-1.324445963, 10.08157635], [-1.318321943, 10.08271122], [-1.31536901, 10.08354473], [-1.307567, 10.08738518], [-1.304939032, 10.08811665], [-1.29322505, 10.08956432], [-1.289417982, 10.09032726], [-1.27717495, 10.0938673], [-1.271352053, 10.08013344], [-1.267534018, 10.06973457], [-1.26594305, 10.0672102], [-1.264008045, 10.0648632], [-1.253226042, 10.05378819], [-1.251379967, 10.05145931], [-1.249959946, 10.04895687], [-1.249120951, 10.04602623], [-1.248743057, 10.04290771], [-1.248556018, 10.02662086], [-1.248042941, 10.02028465], [-1.247272968, 10.01732731], [-1.243322968, 10.0096941], [-1.242473006, 10.00676727], [-1.241376042, 10.00067329], [-1.240535021, 9.997743607], [-1.236593008, 9.990106583], [-1.235762954, 9.987175941], [-1.234691978, 9.981069565], [-1.233852983, 9.978143692], [-1.229671001, 9.970602036], [-1.227373004, 9.965000153], [-1.223202944, 9.957453728], [-1.222368002, 9.954524994], [-1.221310973, 9.948414803], [-1.220476985, 9.945482254], [-1.216305971, 9.937937737], [-1.214009047, 9.9323349], [-1.209828973, 9.924796104], [-1.208989978, 9.921867371], [-1.207923055, 9.915759087], [-1.207098007, 9.912825584], [-1.203176022, 9.905179977], [-1.202348948, 9.902243614], [-1.201284051, 9.896138191], [-1.200445056, 9.893210411], [-1.196262956, 9.885667801], [-1.193968058, 9.880065918], [-1.189800024, 9.872520447], [-1.188967943, 9.869588852], [-1.187919021, 9.8634758], [-1.187091947, 9.86054039], [-1.182958007, 9.852980614], [-1.180688024, 9.847367287], [-1.17632103, 9.839904785], [-1.173946023, 9.83433342], [-1.172376037, 9.831893921], [-1.168409944, 9.827348709], [-1.159868002, 9.818512917], [-1.157984972, 9.816200256], [-1.156424046, 9.813754082], [-1.15399003, 9.808204651], [-1.15231204, 9.805581093], [-1.150285959, 9.80310154], [-1.141037941, 9.793642998], [-1.132516026, 9.78575325], [-1.130368948, 9.78413868], [-1.128105998, 9.782794952], [-1.122424006, 9.780448914], [-1.12015605, 9.779105186], [-1.115967035, 9.77569294], [-1.11224699, 9.77175045], [-1.110950947, 9.769968033], [-1.109930038, 9.768061638], [-1.109073043, 9.765117645], [-1.108507037, 9.758753777], [-1.108677983, 9.749004364], [-1.109050035, 9.745865822], [-1.109812975, 9.742891312], [-1.113715053, 9.735198975], [-1.115921021, 9.726184845], [-1.116762042, 9.724052429], [-1.117867947, 9.722068787], [-1.11925602, 9.720300674], [-1.12095201, 9.718810081], [-1.122864008, 9.717540741], [-1.135321021, 9.71081543], [-1.138324976, 9.710048676], [-1.144749999, 9.709541321], [-1.151322961, 9.709572792], [-1.15773201, 9.710146904], [-1.160724998, 9.710951805], [-1.163324952, 9.712235451], [-1.168367028, 9.715190887], [-1.174026012, 9.717560768], [-1.179031014, 9.720423698], [-1.181560993, 9.721541405], [-1.184391022, 9.721953392], [-1.187216997, 9.721543312], [-1.189739943, 9.720417023], [-1.19472301, 9.717417717], [-1.201730967, 9.713711739], [-1.20373702, 9.712385178], [-1.209980965, 9.707493782], [-1.211976051, 9.706291199], [-1.213973999, 9.70574379], [-1.215661049, 9.706001282], [-1.217381954, 9.70671463], [-1.22101903, 9.708560944], [-1.226644039, 9.710844994], [-1.234313011, 9.715126991], [-1.237319946, 9.71595192], [-1.243767023, 9.716555595], [-1.250377059, 9.71654892], [-1.253628969, 9.716296196], [-1.256747007, 9.715689659], [-1.258911967, 9.714876175], [-1.260895014, 9.713760376], [-1.262619972, 9.712332726], [-1.264006019, 9.710569382], [-1.265079021, 9.708554268], [-1.265856981, 9.70635891], [-1.266433001, 9.703207016], [-1.267043948, 9.696649551], [-1.267606974, 9.69345665], [-1.268350005, 9.691213608], [-1.269353032, 9.68914032], [-1.270601988, 9.687316895], [-1.272012949, 9.685921669], [-1.273589969, 9.684971809], [-1.275953054, 9.684576988], [-1.278056979, 9.685283661], [-1.279546976, 9.687109947], [-1.285346031, 9.696960449], [-1.287603974, 9.702724457], [-1.291718006, 9.710481644], [-1.293951988, 9.719664574], [-1.294803977, 9.721824646], [-1.295928001, 9.72381115], [-1.297335982, 9.725528717], [-1.299052, 9.726874352], [-1.300982952, 9.727830887], [-1.303035975, 9.728345871], [-1.305842042, 9.728181839], [-1.308390021, 9.727165222], [-1.318315983, 9.721738815], [-1.320271015, 9.720451355], [-1.322036982, 9.718955994], [-1.323534966, 9.717199326], [-1.324818015, 9.715258598], [-1.32731998, 9.710438728], [-1.330263019, 9.705460548], [-1.331364036, 9.702936172], [-1.331740022, 9.70011425], [-1.33129096, 9.697299957], [-1.330137014, 9.694783211], [-1.327200055, 9.689824104], [-1.324749947, 9.684212685], [-1.321725011, 9.679222107], [-1.320433021, 9.676656723], [-1.319676042, 9.673724174], [-1.319439054, 9.670665741], [-1.319633007, 9.667612076], [-1.320345998, 9.664683342], [-1.32159698, 9.662122726], [-1.324530959, 9.657150269], [-1.326871037, 9.651563644], [-1.329795957, 9.646597862], [-1.331055999, 9.644036293], [-1.331828952, 9.641084671], [-1.332334042, 9.634757996], [-1.33236897, 9.624945641], [-1.332241058, 9.615134239], [-1.331680059, 9.608802795], [-1.330890059, 9.605852127], [-1.326689005, 9.598312378], [-1.324347973, 9.592727661], [-1.319880962, 9.585305214], [-1.317541003, 9.57971859], [-1.313349009, 9.572183609], [-1.312564969, 9.569234848], [-1.312188983, 9.566115379], [-1.311969995, 9.559658051], [-1.31198895, 9.530193329], [-1.311463952, 9.523863792], [-1.310690045, 9.520908356], [-1.309429049, 9.518342018], [-1.306514025, 9.513366699], [-1.304090977, 9.507815361], [-1.302507043, 9.505379677], [-1.294715047, 9.496238708], [-1.293141961, 9.493798256], [-1.290755987, 9.488231659], [-1.286391973, 9.480766296], [-1.284124017, 9.475152016], [-1.279775023, 9.467677116], [-1.277516961, 9.462052345], [-1.273193002, 9.454550743], [-1.270849943, 9.44894886], [-1.268376946, 9.445339203], [-1.266585946, 9.443325996], [-1.262634039, 9.439611435], [-1.260511994, 9.437986374], [-1.258265018, 9.436635017], [-1.252612948, 9.434281349], [-1.250359058, 9.432930946], [-1.24821806, 9.431312561], [-1.239707947, 9.423422813], [-1.230468988, 9.413956642], [-1.228445053, 9.411478043], [-1.226771951, 9.408853531], [-1.224354029, 9.403296471], [-1.222677946, 9.400676727], [-1.220649958, 9.39820385], [-1.197314024, 9.374724388], [-1.195286036, 9.372252464], [-1.193608046, 9.369632721], [-1.191180944, 9.36408329], [-1.189625978, 9.361638069], [-1.187752962, 9.359321594], [-1.183545947, 9.354878426], [-1.172521949, 9.343974113], [-1.168563008, 9.339411736], [-1.167003989, 9.336938858], [-1.164705992, 9.331186295], [-1.162660003, 9.327334404], [-1.158951998, 9.32171154], [-1.147879004, 9.306406975], [-1.144104958, 9.308461189], [-1.140871048, 9.309673309], [-1.13707602, 9.310494423], [-1.13320899, 9.310913086], [-1.125601053, 9.311190605], [-1.103888035, 9.311252594], [-1.09701395, 9.31182003], [-1.093801975, 9.312628746], [-1.086047053, 9.316337585], [-1.083075047, 9.317111969], [-1.070471048, 9.31853199], [-1.067494035, 9.319318771], [-1.059718013, 9.323083878], [-1.056738973, 9.323865891], [-1.05361402, 9.32425499], [-1.047225952, 9.324292183], [-1.044096947, 9.323931694], [-1.041113019, 9.323151588], [-1.02642405, 9.315284729], [-1.022004962, 9.312075615], [-1.012799978, 9.303868294], [-1.00830996, 9.300852776], [-1.003954053, 9.299027443], [-0.994874001, 9.29673481], [-0.987076998, 9.292976379], [-0.978006005, 9.290642738], [-0.975789011, 9.289827347], [-0.971566021, 9.287615776], [-0.96410799, 9.282300949], [-0.959849, 9.280097008], [-0.957588017, 9.279327393], [-0.954425991, 9.278726578], [-0.951166987, 9.278502464], [-0.947866976, 9.278558731], [-0.944576025, 9.278916359], [-0.94135797, 9.279715538], [-0.930918992, 9.284486771], [-0.923283994, 9.286735535], [-0.902671993, 9.290362358]]]}}]}